ID,Tipo,SKU,"GTIN, UPC, EAN, ou ISBN",Nome,Publicado,"Em destaque?","Visibilidade no catálogo","Descrição curta",Descrição,"Data de preço promocional começa em","Data de preço promocional termina em","Status do imposto","Classe de imposto","Em estoque?",Estoque,"Quantidade baixa de estoque","São permitidas encomendas?","Vendido individualmente?","Peso (lbs)","Comprimento (in)","Largura (in)","Altura (in)","Permitir avaliações de clientes?","Observação de compra","Preço promocional",Preço,Categorias,Tags,"Classe de entrega",Imagens,"Limite de downloads","Dias para expirar o download",Ascendente,"Grupo de produtos",Upsells,"Venda cruzada","URL externa","Texto do botão",Posição,Marcas,"Metadado: wpr_secondary_image_id","Metadado: site-sidebar-layout","Metadado: ast-site-content-layout","Metadado: site-content-style","Metadado: site-sidebar-style","Metadado: theme-transparent-header-meta","Metadado: _yoast_wpseo_primary_product_brand","Metadado: _yoast_wpseo_primary_product_cat","Metadado: _yoast_wpseo_estimated-reading-time-minutes","Metadado: _eael_post_view_count","Metadado: astra-migrate-meta-layouts","Metadado: _yoast_wpseo_content_score"
3210,simple,,,"Fadas e Unicórnios",1,0,visible,"<b>Um Encontro com o Mundo dos Sonhos!</b>\n\n<span style=""font-weight: 400;"">Direto do reino encantado da imaginação, Ríirou e Belle — os unicórnios originais da nossa empresa — surgem com toda sua magia para transformar o evento em pura fantasia! Ríirou é um herói de capa brilhante, enquanto Belle encanta com sua saia de bailarina e sua doçura inesquecível. Junto às fadas encantadas, eles criam uma atmosfera única de delicadeza, cor e emoção.</span>\n\n<span style=""font-weight: 400;"">Com a possibilidade de um show especial, músicas marcantes emocionam crianças e adultos, tornando essa experiência um verdadeiro sonho acordado. Um dos temas mais amados do nosso repertório — e não é por acaso. 🌸🧚‍♀️💫</span>",,,,taxable,,1,,,0,0,,,,,0,,,,Fadas,"alegre, azul, colorido, delicado, encantador, evento temático, fadas, fantasia, fofura, infantil, lúdico, mágico, personagens originais, poético, receptivo, rosa, show ao vivo, sonho, unicórnios, visual marcante",,"https://mantoproducoes.com.br/wp-content/uploads/2024/04/Captura-de-Tela-2024-04-06-as-17.57.57.png, https://mantoproducoes.com.br/wp-content/uploads/2024/04/Captura-de-Tela-2024-04-06-as-17.57.37.png, https://mantoproducoes.com.br/wp-content/uploads/2024/04/Captura-de-Tela-2024-04-06-as-17.57.52.png, https://mantoproducoes.com.br/wp-content/uploads/2024/04/Captura-de-Tela-2024-04-06-as-17.57.57.png, https://mantoproducoes.com.br/wp-content/uploads/2024/04/Captura-de-Tela-2024-04-06-as-18.02.34.png, https://mantoproducoes.com.br/wp-content/uploads/2024/04/Captura-de-Tela-2024-04-06-as-17.57.26.png",,,,,,,,,0,,0,default,default,default,default,default,,31,1,394,set,
3370,simple,,,Aladdin,1,0,visible,"<b>Um Mundo Ideal Dentro da Sua Festa!</b>\n\n<span style=""font-weight: 400;"">Direto das Arábias para encantar cada cantinho do seu evento! Aladdin, Jasmine, o Gênio, Jafar e o travesso Abu chegam com toda a magia do oriente para recepcionar os convidados, brincar com as crianças e transformar a festa em um verdadeiro conto de fadas. E para quem quiser ainda mais emoção, o espetáculo ao vivo é de tirar o fôlego, com música, romance e aquela pitada de magia que faz todo mundo sonhar! 🧞‍♂️🐒🌟</span>",,,,taxable,,1,,,0,0,,,,,0,,,,Princesas,"aladdin, infantil, princesas, show",,"https://mantoproducoes.com.br/wp-content/uploads/2025/06/Aladdin1-scaled.jpg, https://mantoproducoes.com.br/wp-content/uploads/2025/06/Aladdin3-scaled.jpg, https://mantoproducoes.com.br/wp-content/uploads/2025/06/Aladdin2-scaled.jpg, https://mantoproducoes.com.br/wp-content/uploads/2025/06/Aladdin4-scaled.jpg, https://mantoproducoes.com.br/wp-content/uploads/2025/06/Aladdin5-scaled.jpg, https://mantoproducoes.com.br/wp-content/uploads/2025/06/Aladdin6-scaled.jpg, https://mantoproducoes.com.br/wp-content/uploads/2025/06/Aladdin7-scaled.jpg",,,,,,,,,0,,0,default,default,default,default,default,,39,1,360,set,
3382,simple,,,Shakira,1,0,visible,"<b>A Diva Latina Invade o Palco!</b><span style=""font-weight: 400;""> 🔥</span>\n\n<span style=""font-weight: 400;"">Prepare-se para um verdadeiro espetáculo! Com figurinos deslumbrantes, dançarinos cheios de energia e os maiores hits escolhidos pelos contratantes, o show cover da Shakira é eletrizante do início ao fim! Uma performance contagiante, vibrante e cheia de atitude, que coloca todo mundo pra dançar e cantar junto. Quando essa estrela entra, a festa pega fogo! 🌟🎶</span>",,,,taxable,,1,,,0,0,,,,,0,,,,Cantoras,"cantora, corporativo, dançarinos, infantil, música, shakira, show",,"https://mantoproducoes.com.br/wp-content/uploads/2025/06/Shakira-133-scaled.jpg, https://mantoproducoes.com.br/wp-content/uploads/2025/06/Shakira-177-scaled.jpg, https://mantoproducoes.com.br/wp-content/uploads/2025/06/Shakira-173-scaled.jpg, https://mantoproducoes.com.br/wp-content/uploads/2025/06/Shakira-160-scaled.jpg, https://mantoproducoes.com.br/wp-content/uploads/2025/06/Shakira-158-scaled.jpg, https://mantoproducoes.com.br/wp-content/uploads/2025/06/Shakira-146-scaled.jpg, https://mantoproducoes.com.br/wp-content/uploads/2025/06/Shakira-133-scaled.jpg, https://mantoproducoes.com.br/wp-content/uploads/2025/06/Shakira-113-scaled.jpg, https://mantoproducoes.com.br/wp-content/uploads/2025/06/Shakira-083-scaled.jpg, https://mantoproducoes.com.br/wp-content/uploads/2025/06/Shakira-068-scaled.jpg, https://mantoproducoes.com.br/wp-content/uploads/2025/06/Shakira-064-scaled.jpg, https://mantoproducoes.com.br/wp-content/uploads/2025/06/Shakira-045-scaled.jpg",,,,,,,,,0,,0,default,default,default,default,default,,43,1,80,set,
3395,simple,,,Venezianos,1,0,visible,"<b>O Encanto do Luxo em Cada Detalhe</b>\n\n<span style=""font-weight: 400;"">Mistério, requinte e sofisticação. Os personagens venezianos surgem como verdadeiras obras de arte vivas, desfilando entre os convidados com olhares enigmáticos, gestos elegantes e figurinos impecáveis. Eles não apenas embelezam o ambiente — eles o transformam. Cada presença é uma viagem no tempo, mergulhando o público em uma atmosfera digna dos grandes bailes da nobreza europeia. Ideal para recepcionar com classe, posar para fotos marcantes e criar uma experiência imersiva que encanta do início ao fim. ✨🕯️👑</span>",,,,taxable,,1,,,0,0,,,,,0,,,,"Gala, Social","adulto, artístico, baile de máscaras, chique, clássico, corporativo, elegante, formal, luxo, misterioso",,https://mantoproducoes.com.br/wp-content/uploads/2025/06/Venezianos-02-scaled.jpg,,,,,,,,,0,,0,default,default,default,default,default,,49,1,185,set,
3433,simple,,,Avatar,1,0,visible,"<span style=""font-weight: 400;"">Diretamente das florestas bioluminescentes de Pandora, os Filhos de Pandora chegam para transformar qualquer evento em uma experiência épica e inesquecível. Com figurinos deslumbrantes, maquiagem detalhada e performances que misturam dança, expressão corporal e ambientação sensorial, esse elenco transporta o público para o universo mágico dos Na’vi. Uma celebração da conexão com a natureza, da força do clã e da beleza de um povo que luta com o coração. Ideal para eventos noturnos, temáticos e experiências imersivas.</span>",,,,taxable,,1,,,0,0,,,,,0,,,,"Fantasia, Performáticos","adulto, cenográfico, épico, fantasia, imersivo, mágico, maquiagem artística, noturno, tribal",,"https://mantoproducoes.com.br/wp-content/uploads/2025/06/Avatar-07-scaled.jpg, https://mantoproducoes.com.br/wp-content/uploads/2025/06/Avatar-07-scaled.jpg, https://mantoproducoes.com.br/wp-content/uploads/2025/06/Avatar-06-scaled.jpg, https://mantoproducoes.com.br/wp-content/uploads/2025/06/Avatar-05-scaled.jpg, https://mantoproducoes.com.br/wp-content/uploads/2025/06/Avatar-04-scaled.jpg, https://mantoproducoes.com.br/wp-content/uploads/2025/06/Avatar-08-scaled.jpg, https://mantoproducoes.com.br/wp-content/uploads/2025/06/Avatar-02-scaled.jpg, https://mantoproducoes.com.br/wp-content/uploads/2025/06/Avatar-03-scaled.jpg, https://mantoproducoes.com.br/wp-content/uploads/2025/06/Avatar-01-scaled.jpg",,,,,,,,,0,,0,default,default,default,default,default,,60,1,148,set,60
3437,simple,,,"Cantora Pop",1,0,visible,"<span style=""font-weight: 400;"">Ela canta, dança e arrasa! Com um repertório musical versátil e cheio de hits, nossa cantora pop é a estrela perfeita para levantar o astral de qualquer evento. Seja com um look futurista prateado, um visual vibrante inspirado nos anos 80 ou um figurino glamouroso de brilho e lantejoulas, ela se adapta a diferentes temas e estilos com muita energia e presença de palco. Ideal para shows dinâmicos, festas animadas e experiências cheias de atitude.</span>",,,,taxable,,1,,,0,0,,,,,0,,,,Cantoras,"animado, brilho, carismática, dançante, evento teen, figurinos variados, interativo, jovem, moderno, musical, palco, performance, pop, show ao vivo, versátil, vibrante",,"https://mantoproducoes.com.br/wp-content/uploads/2025/06/CantoraPop-08-scaled.jpg, https://mantoproducoes.com.br/wp-content/uploads/2025/06/CantoraPop-08-scaled.jpg, https://mantoproducoes.com.br/wp-content/uploads/2025/06/CantoraPop-01-scaled.jpg, https://mantoproducoes.com.br/wp-content/uploads/2025/06/CantoraPop-03-scaled.jpg, https://mantoproducoes.com.br/wp-content/uploads/2025/06/CantoraPop-02-scaled.jpg, https://mantoproducoes.com.br/wp-content/uploads/2025/06/CantoraPop-06-scaled.jpg, https://mantoproducoes.com.br/wp-content/uploads/2025/06/CantoraPop-07-scaled.jpg, https://mantoproducoes.com.br/wp-content/uploads/2025/06/CantoraPop-05-scaled.jpg, https://mantoproducoes.com.br/wp-content/uploads/2025/06/CantoraPop-11-scaled.jpg, https://mantoproducoes.com.br/wp-content/uploads/2025/06/CantoraPop-10-scaled.jpg, https://mantoproducoes.com.br/wp-content/uploads/2025/06/CantoraPop-04-scaled.jpg, https://mantoproducoes.com.br/wp-content/uploads/2025/06/CantoraPop-09-scaled.jpg",,,,,,,,,0,,0,default,default,default,default,default,,43,1,71,set,
3440,simple,,,"Ana Castela",1,0,visible,"<h3><b>A Boiadeira Mais Querida do Brasil!</b></h3>\n<span style=""font-weight: 400;"">Com seu chapéu na cabeça e a voz no coração, a boiadeira chegou pra transformar qualquer evento em um verdadeiro espetáculo sertanejo! Com músicas marcantes escolhidas pelo contratante, figurinos incríveis, canto ao vivo e coreografias que animam do início ao fim, o show é sucesso garantido. Uma apresentação envolvente, animada e que todo mundo canta junto!</span>",,,,taxable,,1,,,0,0,,,,,0,,,,Cantoras,"animado, boiadeira, brasilidade, cantora, carismática, coreografia, dançante, evento jovem, figurinos, musical, público adulto e teen, sertanejo, show ao vivo, versátil, vibes do campo",,"https://mantoproducoes.com.br/wp-content/uploads/2025/06/AnaCastela_02.jpg, https://mantoproducoes.com.br/wp-content/uploads/2025/06/AnaCastela_04.jpg, https://mantoproducoes.com.br/wp-content/uploads/2025/06/AnaCastela_05.jpg, https://mantoproducoes.com.br/wp-content/uploads/2025/06/AnaCastela_02.jpg, https://mantoproducoes.com.br/wp-content/uploads/2025/06/AnaCastela_03.jpg, https://mantoproducoes.com.br/wp-content/uploads/2025/06/AnaCastela_01.jpg",,,,,,,,,0,,0,default,default,default,default,default,,43,1,255,set,
3446,simple,,,"A Bela e a Fera",1,0,visible,"<b>Um conto de magia viva</b>\n\n<span style=""font-weight: 400;"">O universo encantado de </span><i><span style=""font-weight: 400;"">A Bela e a Fera</span></i><span style=""font-weight: 400;""> ganha vida com personagens impecáveis como a Bela, a Fera, Lumière e Gaston. Desde a recepção dos convidados até as interações durante a festa, cada detalhe é pensado para envolver o público em uma experiência mágica e imersiva.</span>\n\n<span style=""font-weight: 400;"">Com figurinos impecáveis e interpretações marcantes, os personagens circulam pelo evento, tiram fotos, encantam com simpatia e tornam cada momento ainda mais especial.</span>\n\n<span style=""font-weight: 400;"">E para quem busca um momento de impacto, também há a opção de um </span><b>show emocionante com canto ao vivo</b><span style=""font-weight: 400;"">, que transforma o clássico em uma apresentação inesquecível.</span>",,,,taxable,,1,,,0,0,,,,,0,,,,Princesas,"clássico, conto de fadas, emoção, encantador, família, figurino de gala, infantil, interação, mágico, nostálgico, personagens icônicos, princesa, receptivo, romântico, show ao vivo, teatral",,"https://mantoproducoes.com.br/wp-content/uploads/2025/06/ABelaeaFera-06-scaled.jpg, https://mantoproducoes.com.br/wp-content/uploads/2025/06/ABelaeaFera-04-scaled.jpg, https://mantoproducoes.com.br/wp-content/uploads/2025/06/ABelaeaFera-01-scaled.jpg, https://mantoproducoes.com.br/wp-content/uploads/2025/06/ABelaeaFera-03-scaled.jpg, https://mantoproducoes.com.br/wp-content/uploads/2025/06/ABelaeaFera-02-scaled.jpg, https://mantoproducoes.com.br/wp-content/uploads/2025/06/ABelaeaFera-06-scaled.jpg, https://mantoproducoes.com.br/wp-content/uploads/2025/06/ABelaeaFera-05-scaled.jpg",,,,,,,,,0,,0,default,default,default,default,default,,39,1,754,set,
3469,simple,,,"Bob Esponja",1,0,visible,"<span style=""font-weight: 400;"">🌊 </span><b>Direto da Fenda do Biquíni para a sua festa!</b><span style=""font-weight: 400;""> 🐠</span>\n\n<span style=""font-weight: 400;"">Bob Esponja, Patrick, Lula Molusco, Sandy e Sr. Siriguejo saem das profundezas do oceano para transformar qualquer evento em uma experiência inesquecível! Com figurinos vibrantes e performances animadas, essa turma garante momentos de pura alegria, risadas e nostalgia para todas as idades. Perfeitos para festas infantis, encontros temáticos e ativações especiais, nossos personagens trazem à tona toda a magia e diversão do fundo do mar!</span>",,,,taxable,,1,,,0,0,,,,,0,,,,"Filmes/Séries, Infantil","alegre, animação, carismático, colorido, desenho animado, divertido, evento familiar, fotos, fundo do mar, infantil, interativo, nostálgico, personagens clássicos, receptivo, temática oceano",,"https://mantoproducoes.com.br/wp-content/uploads/2025/06/BobEsponja4-scaled.jpg, https://mantoproducoes.com.br/wp-content/uploads/2025/06/BobEsponja5-scaled.jpg, https://mantoproducoes.com.br/wp-content/uploads/2025/06/BobEsponja4-scaled.jpg, https://mantoproducoes.com.br/wp-content/uploads/2025/06/BobEsponja6-scaled.jpg, https://mantoproducoes.com.br/wp-content/uploads/2025/06/BobEsponja7-scaled.jpg, https://mantoproducoes.com.br/wp-content/uploads/2025/06/BobEsponja3-scaled.jpg, https://mantoproducoes.com.br/wp-content/uploads/2025/06/BobEsponja2-scaled.jpg, https://mantoproducoes.com.br/wp-content/uploads/2025/06/BobEsponja1-scaled.jpg",,,,,,,,,0,,0,default,default,default,default,default,,105,1,273,set,
3484,simple,,,Circo,1,0,visible,"<span style=""font-weight: 400;"">Prepare-se para viver a magia do circo com a </span><b>Trupe Encantada do Picadeiro</b><span style=""font-weight: 400;"">! Com figurinos vibrantes e performances eletrizantes, nosso elenco reúne artistas das mais diversas especialidades circenses: malabaristas carismáticos, perna-de-pau imponentes, pirofagistas audaciosos e palhaços que espalham alegria por onde passam.</span>\n\n<span style=""font-weight: 400;"">Cada apresentação é um espetáculo de cor, energia e fantasia, ideal para transformar qualquer festa em um verdadeiro show! Um convite ao riso, à surpresa e ao encantamento – do jeitinho que só o circo sabe fazer.</span>",,,,taxable,,1,,,0,0,,,,,0,,,,Circo,"alegre, animado, artístico, cenográfico, colorido, infantil, interativo, lúdico, mágico, malabarismo, perna de pau, pirofagia, receptivo, temático, versátil",,"https://mantoproducoes.com.br/wp-content/uploads/2025/06/Circo1-scaled.jpg, https://mantoproducoes.com.br/wp-content/uploads/2025/06/Circo4-scaled.jpg, https://mantoproducoes.com.br/wp-content/uploads/2025/06/Circo5-scaled.jpg, https://mantoproducoes.com.br/wp-content/uploads/2025/06/Circo2-scaled.jpg, https://mantoproducoes.com.br/wp-content/uploads/2025/06/Circo3-scaled.jpg",,,,,,,,,0,,0,default,default,default,default,default,,117,1,204,set,
3490,simple,,,"Wolverine e Deadpool",1,0,visible,"<h3 data-start=""119"" data-end=""187""><strong data-start=""123"" data-end=""185"">A Dupla Mais Caótica do Multiverso!</strong></h3>\n<p data-start=""188"" data-end=""623"">Quando esses dois entram em cena, a festa ganha adrenalina, sarcasmo e muita presença de palco! Wolverine traz sua seriedade feroz e força bruta, enquanto Deadpool chega com piadas, atitude e um jeito nada convencional de conquistar o público. Juntos, eles criam uma experiência divertida, eletrizante e cheia de personalidade.<br data-start=""515"" data-end=""518"" />Perfeitos para eventos jovens, adultos e corporativos que pedem uma pitada de ação com humor inteligente!</p>",,,,taxable,,1,,,0,0,,,,,0,,,,Heróis,"ação, carismáticos, corporativo, cosplay, dinâmico, dupla, engraçado, evento geek, heróis, impacto visual, infantil, multiverso, nerd, personagens icônicos, show interativo",,"https://mantoproducoes.com.br/wp-content/uploads/2025/06/RI_Deadpool_e_Wolverine_1-scaled.jpg, https://mantoproducoes.com.br/wp-content/uploads/2025/06/RI_Deadpool_e_Wolverine_1-scaled.jpg, https://mantoproducoes.com.br/wp-content/uploads/2025/06/RI_Deadpool_e_Wolverine_2-scaled.jpg, https://mantoproducoes.com.br/wp-content/uploads/2025/06/RI_Deadpool_e_Wolverine-scaled.jpg, https://mantoproducoes.com.br/wp-content/uploads/2025/06/RI_Deadpool_e_Wolverine_3-scaled.jpg, https://mantoproducoes.com.br/wp-content/uploads/2025/06/RI_Deadpool_e_Wolverine_4-scaled.jpg",,,,,,,,,0,,0,default,default,default,default,default,,181,1,79,set,60
3574,simple,,,"Turma Disney - Clássico",1,0,visible,"<span style=""font-weight: 400;"">Essa turminha chega com todo o carisma e a magia que atravessa gerações! Eles encantam desde a recepção até os momentos de interação durante o evento, garantindo abraços, fotos e muitos sorrisos. É impossível não se emocionar com a energia contagiante desses personagens que marcaram a infância de todos. Um encontro com a turma mais famosa do mundo transforma qualquer festa num momento inesquecível! ✨🎉</span>",,,,taxable,,1,,,0,0,,,,,0,,,,"Turma Disney","alegre, clássico, colorido, encantador, familiar, festivo, fotos, infantil, interativo, mágico, nostálgico, personagens icônicos, receptivo",,"https://mantoproducoes.com.br/wp-content/uploads/2025/06/DisneyTradicional1-scaled-e1776804210683.jpg, https://mantoproducoes.com.br/wp-content/uploads/2025/06/DisneyTradicional2-scaled.jpg, https://mantoproducoes.com.br/wp-content/uploads/2025/06/DisneyTradicional6-scaled.jpg, https://mantoproducoes.com.br/wp-content/uploads/2025/06/DisneyTradicional7-scaled.jpg, https://mantoproducoes.com.br/wp-content/uploads/2025/06/DisneyTradicional5-scaled.jpg, https://mantoproducoes.com.br/wp-content/uploads/2025/06/DisneyTradicional4-scaled.jpg, https://mantoproducoes.com.br/wp-content/uploads/2025/06/DisneyTradicional1-scaled-e1776804210683.jpg, https://mantoproducoes.com.br/wp-content/uploads/2025/06/DisneyTradicional3-scaled.jpg",,,,,,,,,0,,0,default,default,default,default,default,,59,1,534,set,60
3578,simple,,,"Taylor Swift",1,0,visible,"<b>O Brilho das Eras em Um Só Show!</b>\n\n<span style=""font-weight: 400;"">Prepare-se para viver uma experiência inesquecível com um tributo à loirinha mais amada do pop! Figurinos deslumbrantes, trocas de roupa que recriam eras icônicas, bailarinos cheios de energia e um repertório que pode ser escolhido pelo próprio contratante. Tudo isso com canto ao vivo e uma presença de palco arrebatadora! É emoção do início ao fim em um espetáculo que faz todo mundo cantar junto, bater palmas e se sentir parte desse universo mágico. Um sucesso absoluto em qualquer evento! 💖🌙🎶</span>",,,,taxable,,1,,,0,0,,,,,0,,,,Cantoras,"animado, cantora, carismática, coreografia, dançante, eras, evento teen, figurinos, jovem, musical, nostálgico, performático, pop, show ao vivo, versátil, vibrante",,"https://mantoproducoes.com.br/wp-content/uploads/2025/06/TaylorSwift-05-scaled.jpg, https://mantoproducoes.com.br/wp-content/uploads/2025/06/TaylorSwift-05-scaled.jpg, https://mantoproducoes.com.br/wp-content/uploads/2025/06/TaylorSwift-01-scaled.jpg, https://mantoproducoes.com.br/wp-content/uploads/2025/06/TaylorSwift-02-scaled.jpg, https://mantoproducoes.com.br/wp-content/uploads/2025/06/TaylorSwift-03-scaled.jpg, https://mantoproducoes.com.br/wp-content/uploads/2025/06/TaylorSwift-07-scaled.jpg, https://mantoproducoes.com.br/wp-content/uploads/2025/06/TaylorSwift-06-scaled.jpg, https://mantoproducoes.com.br/wp-content/uploads/2025/06/TaylorSwift-04-scaled.jpg",,,,,,,,,0,,0,default,default,default,default,default,,43,1,196,set,
3579,simple,,,Green,1,0,visible,"<b>Criaturas Místicas do Jardim Secreto</b>\n\n<span style=""font-weight: 400;"">Direto de um universo onde a natureza encontra o extraordinário, os personagens Green surgem como criaturas místicas e imponentes, com figurinos que brilham sob a luz da noite e uma presença que hipnotiza. Perfeitos para recepções impactantes e intervenções dançantes, eles envolvem o público em uma experiência visual e sensorial única, transformando o ambiente em um verdadeiro jardim encantado. Ideal para eventos noturnos que buscam arte, mistério e presença cênica de alto nível. 💚🔥🌌</span>",,,,taxable,,1,,,0,0,,,,,0,,,,"Fantasia, Performáticos, Social","adulto, artístico, cenográfico, dança, elegante, fantasia, imersivo, interativo, místico, noturno, performático, personagens conceituais, receptivo, temático, tribal, visual impactante",,"https://mantoproducoes.com.br/wp-content/uploads/2025/06/Repteis-3.jpeg, https://mantoproducoes.com.br/wp-content/uploads/2025/06/Repteis-4.jpeg, https://mantoproducoes.com.br/wp-content/uploads/2025/06/Repteis-5.jpeg, https://mantoproducoes.com.br/wp-content/uploads/2025/06/Repteis-2.jpeg, https://mantoproducoes.com.br/wp-content/uploads/2025/06/Repteis-3.jpeg, https://mantoproducoes.com.br/wp-content/uploads/2025/06/Repteis-1.jpeg, https://mantoproducoes.com.br/wp-content/uploads/2025/06/Repteis-6.jpeg, https://mantoproducoes.com.br/wp-content/uploads/2025/06/Repteis-7.jpeg",,,,,,,,,0,,0,default,default,default,default,default,,60,1,162,set,
3580,simple,,,"Turma do Scooby-Doo",1,0,visible,"<b>Mistérios, Risadas e Uma Turma Pra Lá de Divertida!</b>\n\n<span style=""font-weight: 400;"">Scooby-Doo, Salsicha, Fred, Velma e Daphne saem da Máquina do Mistério direto para a sua festa! Com figurinos impecáveis, atuação carismática e muuuita interação, essa turma transforma o evento em uma verdadeira aventura cheia de gargalhadas e momentos inesquecíveis. Eles brincam, tiram fotos e ainda podem apresentar um show com participações hilárias, mistério no ar e aquela famosa pergunta no final: “Quem será o vilão dessa vez?” Uma experiência divertida que agrada de crianças a adultos nostálgicos! 🎭🍔🚐</span>",,,,taxable,,1,,,0,0,,,,,0,,,,Filmes/Séries,"animação, comédia, desenho animado, dinâmico, divertido, evento familiar, fotos, grupo animado, infantil, interação, lúdico, mistério, nostálgico, personagens clássicos, receptivo",,"https://mantoproducoes.com.br/wp-content/uploads/2025/06/Scooby_Doo_Salsicha_e_Fred-scaled.jpg, https://mantoproducoes.com.br/wp-content/uploads/2025/06/Scooby_Doo_Salsicha-scaled.jpg, https://mantoproducoes.com.br/wp-content/uploads/2025/06/Scooby_e_Salsicha-scaled.jpg, https://mantoproducoes.com.br/wp-content/uploads/2025/06/Scooby_Doo_e_Salsicha-scaled.jpg, https://mantoproducoes.com.br/wp-content/uploads/2025/06/Scooby_Doo_Salsicha_e_Fred-scaled.jpg, https://mantoproducoes.com.br/wp-content/uploads/2025/06/Scooby_Doo_Fred-scaled.jpg",,,,,,,,,0,,0,default,default,default,default,default,,105,1,83,set,
3581,simple,,,Princesas,1,0,visible,"<b>Onde a magia ganha forma</b>\n\n<span style=""font-weight: 400;"">Com vestidos deslumbrantes, presença encantadora e vozes que tocam o coração, nossas princesas transformam qualquer momento em um verdadeiro conto de fadas. Além da interação mágica com o público, os shows com </span><b>canto ao vivo </b><span style=""font-weight: 400;"">emocionam crianças e adultos, tornando a experiência ainda mais inesquecível. Um espetáculo digno da realeza. 🌟🎤🌷</span>",,,,taxable,,1,,,0,0,,,,,0,,,,Princesas,"canto ao vivo, clássico, conto de fadas, delicado, elegante, encantador, familiar, infantil, interação, mágico, poético, receptivo, show ao vivo, vestido de gala, visual deslumbrante",,"https://mantoproducoes.com.br/wp-content/uploads/2025/06/Princesas-002-scaled-e1773421193144.jpg, https://mantoproducoes.com.br/wp-content/uploads/2025/06/Princesas-033-scaled.jpg, https://mantoproducoes.com.br/wp-content/uploads/2025/06/Princesas-018-scaled.jpg, https://mantoproducoes.com.br/wp-content/uploads/2025/06/Princesas-068-scaled.jpg, https://mantoproducoes.com.br/wp-content/uploads/2025/06/Princesas-082-scaled.jpg, https://mantoproducoes.com.br/wp-content/uploads/2025/06/Princesas-091-scaled.jpg, https://mantoproducoes.com.br/wp-content/uploads/2025/06/Princesas-077-scaled.jpg, https://mantoproducoes.com.br/wp-content/uploads/2025/06/Princesas-101-scaled.jpg, https://mantoproducoes.com.br/wp-content/uploads/2025/06/Princesas-115-scaled.jpg, https://mantoproducoes.com.br/wp-content/uploads/2025/06/Princesas-048-scaled.jpg, https://mantoproducoes.com.br/wp-content/uploads/2025/06/Princesas-058-scaled.jpg",,,,,,,,,0,,0,default,default,default,default,default,,39,1,191,set,
3583,simple,,,"Os 3 Porquinhos",1,0,visible,"<b>A Fábula Ganha Vida!</b>\n\n<span style=""font-weight: 400;"">Essa turma é simplesmente </span><i><span style=""font-weight: 400;"">imperdível</span></i><span style=""font-weight: 400;"">! Os Três Porquinhos, o Lobo Mau e o Caçador se unem para transformar a festa em uma verdadeira fábula ao vivo. Com figurinos impecáveis e uma interação cômica e encantadora, esse elenco conquista crianças e adultos desde o momento do receptivo até os momentos finais do evento.</span>\n\n<span style=""font-weight: 400;"">Eles não apenas aparecem para fotos — eles fazem parte da história, brincam com os convidados, encenam cenas divertidas e garantem muitos sorrisos. Um grupo perfeito para quem quer uma festa com muita personalidade, risadas e lembranças inesquecíveis.</span>",,,,taxable,,1,,,0,0,,,,,0,,,,"Filmes/Séries, Infantil","alegre, clássico, cômico, conto de fadas, divertido, educativo, familiar, fantasia, história infantil, infantil, interação, personagens lúdicos, receptivo, teatral, visual marcante",,"https://mantoproducoes.com.br/wp-content/uploads/2025/06/3Porquinhos1-scaled.jpg, https://mantoproducoes.com.br/wp-content/uploads/2025/06/3Porquinhos5-scaled.jpg, https://mantoproducoes.com.br/wp-content/uploads/2025/06/3Porquinhos4-scaled.jpg, https://mantoproducoes.com.br/wp-content/uploads/2025/06/3Porquinhos3-scaled.jpg, https://mantoproducoes.com.br/wp-content/uploads/2025/06/3Porquinhos2-scaled.jpg",,,,,,,,,0,,0,default,default,default,default,default,,105,1,64,set,
3589,simple,,,"Monstros S.A.",1,0,visible,"<h3><b>Um susto de fofura! 💜💚</b></h3>\n<span style=""font-weight: 400;"">Diretamente das portas da Monstros S.A., eles atravessaram o portal do riso e vieram trazer alegria! Boo, Sulley e Mike formam o trio mais encantador do mundo monstruoso, transformando qualquer festa em um momento inesquecível.</span>\n\n<span style=""font-weight: 400;"">Com muita doçura (e zero sustos!), os personagens interagem com os convidados, participam do receptivo e fazem fotos que parecem saídas de um filme.</span>\n\n<span style=""font-weight: 400;"">É impossível não se apaixonar por esse universo colorido, divertido e cheio de afeto.</span>\n\n<span style=""font-weight: 400;"">✨ Uma visita que emociona tanto os pequenos quanto os adultos que cresceram com essa história.</span>",,,,taxable,,1,,,0,0,,,,,0,,,,"Filmes/Séries, Infantil","animação, colorido, divertido, encantador, evento temático, familiar, fantasia, fofo, infantil, interação, lúdico, nostálgico, personagens clássicos, receptivo, visual marcante",,"https://mantoproducoes.com.br/wp-content/uploads/2025/06/MONSTROSSA-03-scaled.jpg, https://mantoproducoes.com.br/wp-content/uploads/2025/06/MONSTROSSA-02-scaled.jpg, https://mantoproducoes.com.br/wp-content/uploads/2025/06/MONSTROSSA-03-scaled.jpg, https://mantoproducoes.com.br/wp-content/uploads/2025/06/MONSTROSSA-01-scaled.jpg, https://mantoproducoes.com.br/wp-content/uploads/2025/06/MONSTROSSA-04-scaled.jpg",,,,,,,,,0,,0,default,default,default,default,default,,105,1,95,set,60
3590,simple,,,"Minions e Gru",1,0,visible,"<span style=""font-weight: 400;"">Diretamente da base de operações mais divertida do planeta, os Minions chegaram para transformar sua festa em uma verdadeira missão de alegria! 🥳 Com a participação do próprio Gru e um time completo de ajudantes atrapalhados, a diversão é garantida para todas as idades.</span>\n\n<span style=""font-weight: 400;"">Além do show animado, os personagens fazem o receptivo dos convidados, interagem com as crianças, posam para fotos e espalham sorrisos com cada “bananaaa”! 🍌</span>\n\n<span style=""font-weight: 400;"">Uma atração cheia de energia, risadas e muitas aventuras em amarelo!</span>",,,,taxable,,1,,,0,0,,,,,0,,,,"Filmes/Séries, Infantil","alegre, animação, colorido, cômico, divertido, engraçado, evento temático, familiar, grupo animado, infantil, interação, personagens clássicos, receptivo, sucesso entre crianças, visual marcante",,"https://mantoproducoes.com.br/wp-content/uploads/2025/06/Minions-05-scaled.jpg, https://mantoproducoes.com.br/wp-content/uploads/2025/06/Minions-01-scaled.jpg, https://mantoproducoes.com.br/wp-content/uploads/2025/06/Minions-05-scaled.jpg, https://mantoproducoes.com.br/wp-content/uploads/2025/06/Minions-04-scaled.jpg, https://mantoproducoes.com.br/wp-content/uploads/2025/06/Minions-03-scaled.jpg, https://mantoproducoes.com.br/wp-content/uploads/2025/06/Minions-02-scaled.jpg, https://mantoproducoes.com.br/wp-content/uploads/2025/06/Minions-01-1-scaled.jpg",,,,,,,,,0,,0,default,default,default,default,default,,470,1,181,set,60
3602,simple,,,"Hello Kitty",1,0,visible,"<span style=""font-weight: 400;""> </span><b>O Mundo Encantado de Hello Kitty e seus Amigos </b>\n\n<span style=""font-weight: 400;"">Diretamente da terra da fofura, nossos personagens da Sanrio trazem um universo repleto de encanto, cores e amizade! Hello Kitty, My Melody, Kuromi, Cinnamoroll e Dear Daniel transformam qualquer evento em um momento mágico, cheio de doçura, abraços e memórias inesquecíveis. Um verdadeiro desfile de personalidades cativantes que conquistam o coração de todas as idades! 💖</span>",,,,taxable,,1,,,0,0,,,,,0,,,,"Filmes/Séries, Infantil","colorido, delicado, encantador, evento temático, familiar, fofo, infantil, kawaii, lúdico, nostálgico, personagens clássicos, personagens colecionáveis, receptivo, suave, visual marcante",,"https://mantoproducoes.com.br/wp-content/uploads/2025/06/Captura-de-Tela-2026-05-06-as-09.54.56-scaled-e1778072245865.png, https://mantoproducoes.com.br/wp-content/uploads/2025/06/HelloKitty-05-scaled.jpg, https://mantoproducoes.com.br/wp-content/uploads/2025/08/Captura-de-Tela-2026-05-06-as-09.54.22-e1778072203697.png, https://mantoproducoes.com.br/wp-content/uploads/2025/06/HelloKitty-04-scaled.jpg, https://mantoproducoes.com.br/wp-content/uploads/2025/06/HelloKitty-06-scaled.jpg, https://mantoproducoes.com.br/wp-content/uploads/2025/06/hellokitty.jpg, https://mantoproducoes.com.br/wp-content/uploads/2025/06/HelloKitty-07-scaled.jpg, https://mantoproducoes.com.br/wp-content/uploads/2025/06/HelloKitty-03-scaled.jpg, https://mantoproducoes.com.br/wp-content/uploads/2025/06/HelloKitty-02-scaled.jpg, https://mantoproducoes.com.br/wp-content/uploads/2025/06/HelloKitty-01-scaled.jpg, https://mantoproducoes.com.br/wp-content/uploads/2025/06/hellokitty3.jpg, https://mantoproducoes.com.br/wp-content/uploads/2025/06/hellokitty2.jpg",,,,,,,,,0,,0,default,default,default,default,default,,105,1,406,set,
3746,simple,,,Dinossauros,1,0,visible,"<p data-start=""185"" data-end=""393"">Eles são enormes, impressionantes e completamente realistas! Os nossos dinossauros gigantes caminham entre os convidados e criam um verdadeiro espetáculo pré-histórico com presença cênica de tirar o fôlego.</p>\n<p data-start=""395"" data-end=""636"">Com movimentos impactantes, rugidos realistas e interação ao vivo, essa atração encanta crianças, surpreende adultos e transforma qualquer espaço em uma jornada no tempo. Perfeitos para recepção, aparições especiais e ativações memoráveis.</p>\n<p data-start=""638"" data-end=""707"">🌋 Uma experiência jurássica que vai fazer todo mundo olhar pra cima!</p>",,,,taxable,,1,,,0,0,,,,,0,,,,Gigantes,"animado, educativo, efeitos sonoros, evento temático, fantasia, fotogênico, gigante, impacto visual, infantil, interativo, pré-histórico, presença cênica, realista, receptivo, show ao vivo",,"https://mantoproducoes.com.br/wp-content/uploads/2025/07/IMG_9244-scaled.jpg, https://mantoproducoes.com.br/wp-content/uploads/2025/07/98926ed6-8e2c-4a5b-9260-b9ed89d5e038.jpg, https://mantoproducoes.com.br/wp-content/uploads/2025/07/be3a6f45-9072-460a-89a1-02ddbe7742fa.jpg, https://mantoproducoes.com.br/wp-content/uploads/2025/07/f00dab13-258b-4a64-9c8f-c0817385db74.jpg, https://mantoproducoes.com.br/wp-content/uploads/2025/07/b6881eac-9695-420d-9c84-d4001995a93f.jpg, https://mantoproducoes.com.br/wp-content/uploads/2025/07/0978a30c-92c6-445e-9504-7158f34192b4.jpg, https://mantoproducoes.com.br/wp-content/uploads/2025/07/3abf630d-891c-4368-808e-717f4aad1b4d.jpg, https://mantoproducoes.com.br/wp-content/uploads/2025/07/02d5502c-ce0b-4c3f-b02e-277f500b1c47.jpg",,,,,,,,,0,,0,default,default,default,default,default,,137,1,390,set,60
3757,simple,,,Transformers,1,0,visible,"<p data-start=""209"" data-end=""396"">Prepare-se para um espetáculo de tecnologia e imponência! Bumblebee e Optimus Prime chegam com seus mais de 3 metros de altura, luzes, sons e uma presença que impacta qualquer ambiente.</p>\n<p data-start=""398"" data-end=""667"">Com movimentos sincronizados, interações com soldados e aparições cheias de atitude, eles transformam o evento em um verdadeiro campo de batalha futurista. E para elevar ainda mais a experiência, <strong data-start=""594"" data-end=""630"">o Bumblebee solta fumaça ao vivo</strong>, arrancando aplausos por onde passa!</p>\n<p data-start=""669"" data-end=""777"">Ideal para recepção, ativações de impacto e shows interativos. Um momento inesquecível para todas as idades!</p>",,,,taxable,,1,,,0,0,,,,,0,,,,Gigantes,"ação, adulto, cosplay, efeitos especiais, fumaça, futurista, gigante, impacto visual, infantil, interativo, personagens icônicos, presença cênica, recepção, robôs, show ao vivo, tecnológico",,"https://mantoproducoes.com.br/wp-content/uploads/2025/07/Transformers4.jpg, https://mantoproducoes.com.br/wp-content/uploads/2025/07/Transformers1.jpg, https://mantoproducoes.com.br/wp-content/uploads/2025/07/Transformers6.jpg, https://mantoproducoes.com.br/wp-content/uploads/2025/07/Transformers5.jpg, https://mantoproducoes.com.br/wp-content/uploads/2025/07/Transformers4.jpg, https://mantoproducoes.com.br/wp-content/uploads/2025/07/Transformers3.jpg, https://mantoproducoes.com.br/wp-content/uploads/2025/07/Transformers2.jpg",,,,,,,,,0,,0,default,default,default,default,default,,137,1,327,set,60
3765,simple,,,"Perna de Pau",1,0,visible,"<p data-start=""152"" data-end=""474"">Imponentes, coloridos e completamente encantadores! Os personagens em perna de pau transformam qualquer recepção em um espetáculo visual. Com figurinos vibrantes, movimentos elegantes e sorrisos lá do alto, eles animam adultos e crianças, posam para fotos incríveis e trazem o charme do circo clássico para o seu evento.</p>\n<p data-start=""476"" data-end=""577"">Uma atração perfeita para recepções impactantes, eventos ao ar livre e celebrações cheias de energia!</p>",,,,taxable,,1,,,0,0,,,,,0,,,,"Circo, Gigantes","alegre, animado, artístico, circo, colorido, evento temático, fotogênico, gigante, infantil, interativo, mágico, performático, presença cênica, receptivo, visual marcante",,"https://mantoproducoes.com.br/wp-content/uploads/2025/07/DisneyCircus-16-scaled.jpg, https://mantoproducoes.com.br/wp-content/uploads/2025/07/DisneyCircus-18-scaled.jpg, https://mantoproducoes.com.br/wp-content/uploads/2025/07/DisneyCircus-16-scaled.jpg, https://mantoproducoes.com.br/wp-content/uploads/2025/07/Circo2-scaled.jpg, https://mantoproducoes.com.br/wp-content/uploads/2025/07/IMG_0562.jpg",,,,,,,,,0,,0,default,default,default,default,default,,117,1,95,set,60
3770,simple,,,Hulk,1,0,visible,"<p data-start=""123"" data-end=""433"">Quando o Hulk entra, todo mundo para! Com seu tamanho impressionante, músculos esculpidos e expressão feroz, ele domina o ambiente com uma presença cênica marcante e carismática. Ideal para quem busca impacto visual, interação poderosa e uma atração que impressiona desde o receptivo até o momento das fotos.</p>\n<p data-start=""435"" data-end=""547"">Uma escolha perfeita para eventos geek, infantis, corporativos ou temáticos que pedem um verdadeiro super-herói!</p>",,,,taxable,,1,,,0,0,,,,,0,,,,"Gigantes, Heróis","ação, cosplay, cultura pop, evento geek, gigante, herói, impacto visual, infantil, interativo, musculoso, personagens icônicos, presença cênica, receptivo, super-herói, visual marcante",,"https://mantoproducoes.com.br/wp-content/uploads/2025/07/HeroisCaio-07-scaled.jpg, https://mantoproducoes.com.br/wp-content/uploads/2025/07/Herois3-scaled.jpg, https://mantoproducoes.com.br/wp-content/uploads/2025/07/HeroisCaio-11-scaled.jpg, https://mantoproducoes.com.br/wp-content/uploads/2025/07/HeroisCaio-08-scaled.jpg, https://mantoproducoes.com.br/wp-content/uploads/2025/07/HeroisCaio-06-scaled.jpg, https://mantoproducoes.com.br/wp-content/uploads/2025/07/HeroisCaio-07-scaled.jpg",,,,,,,,,0,,0,default,default,default,default,default,,181,1,352,set,60
3776,simple,,,Thanos,1,0,visible,"<p data-start=""132"" data-end=""438"">Com sua armadura imponente, manopla do infinito e um olhar que impõe respeito, Thanos chega para dominar o espaço com presença, elegância e intensidade. Uma performance marcante que mistura imponência e carisma, ideal para recepções impactantes, ativações geek e eventos temáticos que buscam sair do comum.</p>\n<p data-start=""440"" data-end=""528"">Uma aparição que faz todo mundo parar... e tirar uma foto antes que ele estale os dedos!</p>",,,,taxable,,1,,,0,0,,,,,0,,,,"Gigantes, Heróis","adulto, armadura, cosplay, cultura pop, evento geek, fotogênico, heróis e vilões, impacto visual, interativo, nostálgico, personagens icônicos, poderoso, presença cênica, temático, vilão",,"https://mantoproducoes.com.br/wp-content/uploads/2025/07/42020ce5-181e-4f0b-a25a-8acbc603e9b6.jpg, https://mantoproducoes.com.br/wp-content/uploads/2025/07/6b3a3eda-1440-4040-b961-d0e9b509fbab-scaled.jpg, https://mantoproducoes.com.br/wp-content/uploads/2025/07/AB0AAC7C-AC86-4DA3-8B44-1A269EB853A0.jpg, https://mantoproducoes.com.br/wp-content/uploads/2025/07/42020ce5-181e-4f0b-a25a-8acbc603e9b6.jpg, https://mantoproducoes.com.br/wp-content/uploads/2025/07/b92b4080-95b8-4a04-9b78-b297deb1f36d.jpg, https://mantoproducoes.com.br/wp-content/uploads/2025/07/1ba12376-8851-4356-a6f7-2814912fab57.jpg, https://mantoproducoes.com.br/wp-content/uploads/2025/07/977d95cc-af9f-4f7f-9ea4-acf86e7158a0.jpg",,,,,,,,,0,,0,default,default,default,default,default,,181,1,84,set,60
3783,simple,,,"Round 6",1,0,visible,"<p data-start=""154"" data-end=""462"">Com figurinos icônicos e presença silenciosa, os personagens de Round 6 criam uma atmosfera de suspense e curiosidade por onde passam. Ideais para ativações impactantes, eventos noturnos, festas temáticas ou experiências imersivas, eles chamam a atenção pelo visual marcante e pelas interações misteriosas.</p>\n<p data-start=""464"" data-end=""556"">Uma atração perfeita para quem quer surpreender o público com algo ousado, estiloso e atual.</p>",,,,taxable,,1,,,0,0,,,,,0,,,,Gigantes,"adulto, cosplay, cultura pop, evento geek, imersivo, interativo, minimalista, misterioso, nostálgico, noturno, personagens icônicos, presença cênica, suspense, temático, visual marcante",,"https://mantoproducoes.com.br/wp-content/uploads/2025/07/IMG_7172-scaled.jpg, https://mantoproducoes.com.br/wp-content/uploads/2025/07/IMG_7172-scaled.jpg, https://mantoproducoes.com.br/wp-content/uploads/2025/07/IMG_7178.jpg, https://mantoproducoes.com.br/wp-content/uploads/2025/07/16E5BA6F-7EE0-45CB-83D6-102A9DAD6D08.jpg, https://mantoproducoes.com.br/wp-content/uploads/2025/07/IMG_7171.jpg",,,,,,,,,0,,0,default,default,default,default,default,,137,1,59,set,60
3788,simple,,,Fera,1,0,visible,"<p data-start=""159"" data-end=""485"">Com sua imponência, figurino rico em detalhes e um olhar que mistura força e sensibilidade, a Fera é o personagem que transforma qualquer evento em um verdadeiro conto de fadas. Seja no receptivo ou no show ao vivo, sua presença cênica impressiona e emociona crianças e adultos, criando momentos inesquecíveis ao lado da Bela.</p>\n<p data-start=""487"" data-end=""591"">Ideal para festas encantadas, espetáculos temáticos e eventos que pedem magia e emoção em grande estilo.</p>",,,,taxable,,1,,,0,0,,,,,0,,,,Gigantes,"clássico, conto de fadas, encantador, fantasia, figurino imponente, infantil, interativo, mágico, nostálgico, presença cênica, receptivo, romântico, show ao vivo, teatral, visual marcante",,"https://mantoproducoes.com.br/wp-content/uploads/2025/07/ABelaeaFera-02-scaled.jpg, https://mantoproducoes.com.br/wp-content/uploads/2025/07/ABelaeaFera-06-scaled.jpg, https://mantoproducoes.com.br/wp-content/uploads/2025/07/ABelaeaFera-04-scaled.jpg, https://mantoproducoes.com.br/wp-content/uploads/2025/07/ABelaeaFera-02-scaled.jpg",,,,,,,,,0,,0,default,default,default,default,default,,137,1,123,set,60
3792,simple,,,"Barbie Princesa",1,0,visible,"<p data-start=""166"" data-end=""423"">Com seu vestido encantador, brilho no olhar e simpatia de sobra, a Barbie em sua versão princesa encanta crianças de todas as idades. Ela interage com o público, participa do receptivo e transforma cada momento em uma experiência mágica e cheia de estilo.</p>\n<p data-start=""425"" data-end=""538"">Perfeita para eventos delicados, femininos e sonhadores, a Barbie Princesa é pura elegância em forma de fantasia!</p>",,,,taxable,,1,,,0,0,,,,,0,,,,Barbie,"cor-de-rosa, delicado, encantador, fashion, feminino, fotogênico, infantil, interativo, lúdico, mágico, personagem clássico, princesa, receptivo, sonho, visual marcante",,"https://mantoproducoes.com.br/wp-content/uploads/2025/07/46ce3386-4a68-4090-a0a2-6a8966b01223.jpg, https://mantoproducoes.com.br/wp-content/uploads/2025/07/5e3ffe47-6802-4ef2-aceb-874a57535d81.jpg, https://mantoproducoes.com.br/wp-content/uploads/2025/07/46ce3386-4a68-4090-a0a2-6a8966b01223.jpg, https://mantoproducoes.com.br/wp-content/uploads/2025/07/546f1a91-1409-4b7e-9fd4-8174c2e179bb.jpg",,,,,,,,,0,,0,default,default,default,default,default,,206,1,175,set,60
3796,simple,,,"Barbie Malibu",1,0,visible,"<p data-start=""150"" data-end=""433"">Com um visual leve, moderno e cheio de atitude, a Barbie Malibu chega com aquele clima de verão californiano que conquista todo mundo! Ideal para festas coloridas, eventos ao ar livre ou temas tropicais, ela encanta com sua simpatia, interação divertida e presença cheia de brilho.</p>\n<p data-start=""435"" data-end=""525"">Uma personagem perfeita para quem busca leveza, estilo e muita energia positiva no evento!</p>",,,,taxable,,1,,,0,0,,,,,0,,,,Barbie,"alegre, californiana, colorido, divertido, estilosa, fashion, feminino, infantil, interativo, moderna, receptivo, tropical, verão, vibrante, visual marcante",,"https://mantoproducoes.com.br/wp-content/uploads/2025/07/F0AA2D90-FF9D-476D-80DC-01EDB4550E51.jpg, https://mantoproducoes.com.br/wp-content/uploads/2025/07/583f0f9c-1570-4f1c-82a3-9ef32e953ac5.jpg, https://mantoproducoes.com.br/wp-content/uploads/2025/07/7c5e0f57-6161-486b-abe4-abc578e38d10.jpg, https://mantoproducoes.com.br/wp-content/uploads/2025/07/35707671-6cb9-4208-8607-77b800a64cde.jpg, https://mantoproducoes.com.br/wp-content/uploads/2025/07/6ABF1291-D046-4A0F-BCD4-C78F371FC00F.jpg, https://mantoproducoes.com.br/wp-content/uploads/2025/07/b8f90494-aaa4-497b-a3c5-4e721a3e56c4.jpg, https://mantoproducoes.com.br/wp-content/uploads/2025/07/F0AA2D90-FF9D-476D-80DC-01EDB4550E51.jpg, https://mantoproducoes.com.br/wp-content/uploads/2025/07/a4790219-f6c8-4593-8f97-c86ef7c69fef.jpg, https://mantoproducoes.com.br/wp-content/uploads/2025/07/23CDFDA2-4922-4685-82F4-A2A63AA57D2A.jpg",,,,,,,,,0,,0,default,default,default,default,default,,206,1,155,set,60
3805,simple,,,"Barbie e Ken (Bonecos)",1,0,visible,"<p data-start=""183"" data-end=""548"">Com movimentos marcados, expressões teatrais e visual impecável, a Barbie e o Ken em versão bonecos parecem ter acabado de sair de uma prateleira encantada. A interação divertida e carismática com o público transforma qualquer evento em uma experiência única, cheia de humor, fotos incríveis e aquele toque mágico que só personagens “de brinquedo” conseguem trazer.</p>\n<p data-start=""550"" data-end=""643"">Uma atração impactante, instagramável e ideal para eventos criativos, temáticos e memoráveis!</p>",,,,taxable,,1,,,0,0,,,,,0,,,,Barbie,"cênico, criativo, divertido, estilizado, fashion, fotogênico, infantil, instagramável, interativo, nostálgico, personagens icônicos, receptivo, teatro físico, temático, visual marcante",,"https://mantoproducoes.com.br/wp-content/uploads/2025/07/Captura-de-Tela-2025-07-01-as-10.50.17.png, https://mantoproducoes.com.br/wp-content/uploads/2025/07/Captura-de-Tela-2025-07-01-as-10.50.28.png, https://mantoproducoes.com.br/wp-content/uploads/2025/07/Captura-de-Tela-2025-07-01-as-10.50.25.png, https://mantoproducoes.com.br/wp-content/uploads/2025/07/Captura-de-Tela-2025-07-01-as-10.50.19.png, https://mantoproducoes.com.br/wp-content/uploads/2025/07/Captura-de-Tela-2025-07-01-as-10.50.17.png, https://mantoproducoes.com.br/wp-content/uploads/2025/07/Captura-de-Tela-2025-07-01-as-10.50.32.png",,,,,,,,,0,,0,default,default,default,default,default,,206,1,124,set,60
3811,simple,,,"Soldado Polar e Elfa Floco de Neve (Elfos)",1,0,visible,"<p data-start=""210"" data-end=""528"">Vindos diretamente do Polo Norte, o imponente Soldado Polar e a encantadora Elfa Floco de Neve chegam para proteger a magia natalina com muito charme e alegria! Com figurinos luxuosos, presença cênica marcante e interação carismática, eles encantam desde o receptivo até os momentos especiais de fotos e apresentações.</p>\n<p data-start=""530"" data-end=""632"">Perfeitos para recepções temáticas, eventos de fim de ano e encontros mágicos com o espírito natalino!</p>",,,,taxable,,1,,,0,0,,,,,0,,,,Natal,"elegante, elfa, elfa natalina, elfas, elfos, encantador, evento de fim de ano, figurino natalino, fotogênico, infantil, interação, lúdico, mágico, natal, personagens originais, presença cênica, receptivo, temático, visual marcante",,"https://mantoproducoes.com.br/wp-content/uploads/2025/07/Captura-de-Tela-2025-07-01-as-10.52.09.png, https://mantoproducoes.com.br/wp-content/uploads/2025/07/Captura-de-Tela-2025-07-01-as-10.52.18.png, https://mantoproducoes.com.br/wp-content/uploads/2025/07/Captura-de-Tela-2025-07-01-as-10.52.15.png, https://mantoproducoes.com.br/wp-content/uploads/2025/07/Captura-de-Tela-2025-07-01-as-10.52.14.png, https://mantoproducoes.com.br/wp-content/uploads/2025/07/Captura-de-Tela-2025-07-01-as-10.52.11.png",,,,,,,,,0,,0,default,default,default,default,default,,220,1,145,set,60
3817,simple,,,"Casal Espírito Natalino",1,0,visible,"<p data-start=""190"" data-end=""527"">Mais do que uma cenografia, essa casinha é um verdadeiro abrigo de boas-vindas à magia do Natal! Com decoração encantadora, personagens calorosos e atmosfera acolhedora, a Casa Espírito Natalino transforma qualquer espaço em um cenário de sonhos — ideal para recepções, sessões de fotos, interação com o público e ativações emocionantes.</p>\n<p data-start=""529"" data-end=""669"">Cada detalhe convida crianças e adultos a mergulharem no encanto, nas histórias e nos sentimentos que fazem do Natal uma época tão especial.</p>",,,,taxable,,1,,,0,0,,,,,0,,,,"Casais, Natal","acolhedor, atmosfera natalina, cenográfico, decoração natalina, encantador, experiência visual, fotogênico, imersivo, infantil, instagramável, mágico, natal, receptivo, temático, tradicional",,"https://mantoproducoes.com.br/wp-content/uploads/2025/07/SHOPPINGMAIA-015-scaled.jpg, https://mantoproducoes.com.br/wp-content/uploads/2025/07/SHOPPINGMAIA-005-scaled.jpg, https://mantoproducoes.com.br/wp-content/uploads/2025/07/SHOPPINGMAIA-013-scaled.jpg, https://mantoproducoes.com.br/wp-content/uploads/2025/07/SHOPPINGMAIA-014-scaled.jpg, https://mantoproducoes.com.br/wp-content/uploads/2025/07/SHOPPINGMAIA-031-scaled.jpg, https://mantoproducoes.com.br/wp-content/uploads/2025/07/SHOPPINGMAIA-090-scaled.jpg, https://mantoproducoes.com.br/wp-content/uploads/2025/07/SHOPPINGMAIA-094-scaled.jpg, https://mantoproducoes.com.br/wp-content/uploads/2025/07/SHOPPINGMAIA-095-scaled.jpg, https://mantoproducoes.com.br/wp-content/uploads/2025/07/SHOPPINGMAIA-101-scaled.jpg, https://mantoproducoes.com.br/wp-content/uploads/2025/07/SHOPPINGMAIA-102-scaled.jpg, https://mantoproducoes.com.br/wp-content/uploads/2025/07/SHOPPINGMAIA-103-scaled.jpg",,,,,,,,,0,,0,default,default,default,default,default,,220,1,181,set,60
3824,simple,,,"Soldados de Chumbo",1,0,visible,"<p data-start=""163"" data-end=""490"">Com uniformes impecáveis, postura imponente e movimentos sincronizados, os Soldados de Chumbo trazem ao evento o charme dos desfiles natalinos clássicos. Eles encantam desde o receptivo até as aparições especiais, posando para fotos e interagindo com crianças e adultos em uma performance que une tradição, beleza e fantasia.</p>\n<p data-start=""492"" data-end=""581"">Uma presença marcante que adiciona sofisticação e encanto a qualquer celebração natalina!</p>",,,,taxable,,1,,,0,0,,,,,0,,,,Natal,"clássico, elegante, encantador, fotogênico, infantil, interação, mágico, natal, parada de natal, personagens icônicos, presença cênica, receptivo, temático, tradicional, visual marcante",,"https://mantoproducoes.com.br/wp-content/uploads/2025/07/Captura-de-Tela-2025-07-01-as-10.57.50.png, https://mantoproducoes.com.br/wp-content/uploads/2025/07/Captura-de-Tela-2025-07-01-as-10.57.59.png, https://mantoproducoes.com.br/wp-content/uploads/2025/07/Captura-de-Tela-2025-07-01-as-10.57.56.png, https://mantoproducoes.com.br/wp-content/uploads/2025/07/Captura-de-Tela-2025-07-01-as-10.57.50.png",,,,,,,,,0,,0,default,default,default,default,default,,220,1,99,set,60
3828,simple,,,"Noelete (Assistente do Papai Noel)",1,0,visible,"Com sorriso encantador, figurino natalino e uma energia contagiante, a Noelete é a assistente perfeita do Papai Noel! Ela recebe os convidados com simpatia, ajuda na organização da magia natalina e interage com o público de forma doce e acolhedora. Seja para acompanhar o bom velhinho ou brilhar sozinha, a Noelete é presença garantida de carinho, afeto e espírito natalino.",,,,taxable,,1,,,0,0,,,,,0,,,,Natal,"acolhedora, ajudante do papai noel, alegre, doce, encantador, fotogênico, infantil, mágico, natal, personagem natalino, presença cênica, receptivo, simpática, temático, tradicional",,"https://mantoproducoes.com.br/wp-content/uploads/2025/07/Captura-de-Tela-2025-07-01-as-11.05.31.png, https://mantoproducoes.com.br/wp-content/uploads/2025/07/Captura-de-Tela-2025-07-01-as-11.05.47.png, https://mantoproducoes.com.br/wp-content/uploads/2025/07/Captura-de-Tela-2025-07-01-as-11.05.45.png, https://mantoproducoes.com.br/wp-content/uploads/2025/07/Captura-de-Tela-2025-07-01-as-11.05.39.png, https://mantoproducoes.com.br/wp-content/uploads/2025/07/Captura-de-Tela-2025-07-01-as-11.05.37.png, https://mantoproducoes.com.br/wp-content/uploads/2025/07/Captura-de-Tela-2025-07-01-as-11.05.35.png, https://mantoproducoes.com.br/wp-content/uploads/2025/07/Captura-de-Tela-2025-07-01-as-11.05.33.png, https://mantoproducoes.com.br/wp-content/uploads/2025/07/Captura-de-Tela-2025-07-01-as-11.05.31.png, https://mantoproducoes.com.br/wp-content/uploads/2025/07/Captura-de-Tela-2025-07-01-as-11.05.53.png",,,,,,,,,0,,0,default,default,default,default,default,,220,1,165,set,60
3837,simple,,,"Bailarina Açucarada e Soldadinho Sonhador",1,0,visible,"<p data-start=""224"" data-end=""568"">Diretamente de um conto encantado de Natal, a Bailarina Açucarada e o Soldadinho Sonhador ganham vida com figurinos deslumbrantes, delicadeza nos gestos e uma presença que encanta crianças e adultos. Eles dançam, interagem, posam para fotos e trazem à festa um toque clássico e mágico, como se tivessem saído de uma caixinha de música natalina.</p>\n<p data-start=""570"" data-end=""652"">Perfeitos para recepção, sessões fotográficas e momentos cheios de afeto e poesia.</p>",,,,taxable,,1,,,0,0,,,,,0,,,,Natal,"clássico, delicado, elegante, encantador, fotogênico, infantil, mágico, natal, personagens natalinos, poético, presença cênica, receptivo, sonho de natal, temático, visual marcante",,"https://mantoproducoes.com.br/wp-content/uploads/2025/07/50aaa69f-bc86-48bb-9830-2c350332f948.jpg, https://mantoproducoes.com.br/wp-content/uploads/2025/07/d5649894-6ad8-41e1-a20e-b2e792c40a84.jpg, https://mantoproducoes.com.br/wp-content/uploads/2025/07/50aaa69f-bc86-48bb-9830-2c350332f948.jpg, https://mantoproducoes.com.br/wp-content/uploads/2025/07/0854c065-6123-449f-bd41-6be45071c7ef.jpg, https://mantoproducoes.com.br/wp-content/uploads/2025/07/9b71836d-666a-474c-ab08-613a9166a6e2.jpg",,,,,,,,,0,,0,default,default,default,default,default,,220,1,221,set,60
3843,simple,,,"Presentes de Natal",1,0,visible,"<p data-start=""191"" data-end=""457"">Coloridos, expressivos e divertidíssimos, os Presentes de Natal ganham vida para encantar todos ao redor! Com figurinos brilhantes e interações carismáticas, eles caminham, dançam e brincam com os convidados, transformando cada aparição em um momento inesquecível.</p>\n<p data-start=""459"" data-end=""603"">Perfeitos para recepção, ativações lúdicas e registros fotográficos únicos, os Presentes de Natal são pura alegria empacotada com laço de magia!</p>",,,,taxable,,1,,,0,0,,,,,0,,,,Natal,"alegre, colorido, criativo, divertido, fotogênico, infantil, interação, lúdico, mágico, natal, personagens natalinos, receptivo, surpresa, temático, visual marcante",,"https://mantoproducoes.com.br/wp-content/uploads/2025/07/Captura-de-Tela-2025-07-01-as-11.09.11.png, https://mantoproducoes.com.br/wp-content/uploads/2025/07/Captura-de-Tela-2025-07-01-as-11.09.20.png, https://mantoproducoes.com.br/wp-content/uploads/2025/07/Captura-de-Tela-2025-07-01-as-11.09.17.png, https://mantoproducoes.com.br/wp-content/uploads/2025/07/Captura-de-Tela-2025-07-01-as-11.09.15.png, https://mantoproducoes.com.br/wp-content/uploads/2025/07/Captura-de-Tela-2025-07-01-as-11.09.13.png, https://mantoproducoes.com.br/wp-content/uploads/2025/07/Captura-de-Tela-2025-07-01-as-11.09.11.png, https://mantoproducoes.com.br/wp-content/uploads/2025/07/Captura-de-Tela-2025-07-01-as-11.09.26.png",,,,,,,,,0,,0,default,default,default,default,default,,220,1,65,set,60
3850,simple,,,"Confeiteiros Natalinos",1,0,visible,"<p data-start=""170"" data-end=""469"">Direto da cozinha do Polo Norte, os Confeiteiros Natalinos chegam com seus aventais festivos, cheios de alegria e espírito natalino! Com uma energia doce e divertida, eles interagem com os convidados, tiram fotos encantadoras e espalham magia como se estivessem preparando a ceia mais mágica do ano.</p>\n<p data-start=""471"" data-end=""590"">Perfeitos para eventos temáticos, ações interativas e recepções que pedem aquele toque açucarado de fantasia e carinho.</p>",,,,taxable,,1,,,0,0,,,,,0,,,,Natal,"alegre, cozinha mágica, divertido, doce, encantador, fantasia natalina, fotogênico, infantil, interação, lúdico, natal, personagens natalinos, receptivo, temático, visual marcante",,"https://mantoproducoes.com.br/wp-content/uploads/2025/07/IMG_0744-scaled.jpg, https://mantoproducoes.com.br/wp-content/uploads/2025/07/Captura-de-Tela-2025-07-01-as-11.17.33.png, https://mantoproducoes.com.br/wp-content/uploads/2025/07/Captura-de-Tela-2025-07-01-as-11.17.29.png, https://mantoproducoes.com.br/wp-content/uploads/2025/07/Captura-de-Tela-2025-07-01-as-11.17.26.png, https://mantoproducoes.com.br/wp-content/uploads/2025/07/Captura-de-Tela-2025-07-01-as-11.17.36.png, https://mantoproducoes.com.br/wp-content/uploads/2025/07/IMG_0749-scaled.jpg",,,,,,,,,0,,0,default,default,default,default,default,,220,1,117,set,60
3857,simple,,,"Elfos Natalinos Gola de Ouro",1,0,visible,"<p data-start=""165"" data-end=""464"">Com seus trajes refinados, detalhes dourados e simpatia contagiante, os Elfos Gola de Ouro são os ajudantes oficiais da magia natalina com um toque de classe! Eles encantam desde o receptivo até as interações com o público, sempre com alegria, leveza e aquele charme que conquista todas as idades.</p>\n<p data-start=""466"" data-end=""604"">Perfeitos para eventos sofisticados, corporativos ou familiares que desejam manter a essência lúdica do Natal com um visual mais elegante.</p>",,,,taxable,,1,,,0,0,,,,,0,,,,Natal,"alegre, clássico, corporativo, dourado, elegante, encantador, fantasia, fotogênico, infantil, interativo, mágico, natal, personagens natalinos, receptivo, visual refinado",,"https://mantoproducoes.com.br/wp-content/uploads/2025/07/Captura-de-Tela-2025-07-01-as-11.18.39.png, https://mantoproducoes.com.br/wp-content/uploads/2025/07/Captura-de-Tela-2025-07-01-as-11.18.52.png, https://mantoproducoes.com.br/wp-content/uploads/2025/07/Captura-de-Tela-2025-07-01-as-11.18.46.png, https://mantoproducoes.com.br/wp-content/uploads/2025/07/Captura-de-Tela-2025-07-01-as-11.18.43.png, https://mantoproducoes.com.br/wp-content/uploads/2025/07/Captura-de-Tela-2025-07-01-as-11.18.40.png",,,,,,,,,0,,0,default,default,default,default,default,,220,1,175,set,60
3863,simple,,,"Pinheiro de Natal",1,0,visible,"<p data-start=""151"" data-end=""410"">Muito mais do que decoração, o Pinheiro de Natal vira personagem e encanta a todos com sua presença cênica divertida, figurino iluminado e interação carismática. Ele dança, posa para fotos e transforma qualquer espaço em um verdadeiro cenário natalino vivo!</p>\n<p data-start=""412"" data-end=""536"">Ideal para recepções, ativações encantadas e eventos que querem surpreender com um toque criativo, lúdico e cheio de brilho.</p>",,,,taxable,,1,,,0,0,,,,,0,,,,Natal,"árvore de natal, divertido, encantador, fantasia, fotogênico, iluminação, infantil, lúdico, mágico, natal, personagem vivo, presença cênica, receptivo, temático, visual marcante",,"https://mantoproducoes.com.br/wp-content/uploads/2025/07/Captura-de-Tela-2025-07-01-as-11.20.34.png, https://mantoproducoes.com.br/wp-content/uploads/2025/07/Captura-de-Tela-2025-07-01-as-11.20.42.png, https://mantoproducoes.com.br/wp-content/uploads/2025/07/Captura-de-Tela-2025-07-01-as-11.20.40.png, https://mantoproducoes.com.br/wp-content/uploads/2025/07/Captura-de-Tela-2025-07-01-as-11.20.38.png, https://mantoproducoes.com.br/wp-content/uploads/2025/07/Captura-de-Tela-2025-07-01-as-11.20.36.png, https://mantoproducoes.com.br/wp-content/uploads/2025/07/Captura-de-Tela-2025-07-01-as-11.20.31.png, https://mantoproducoes.com.br/wp-content/uploads/2025/07/Captura-de-Tela-2025-07-01-as-11.20.44.png, https://mantoproducoes.com.br/wp-content/uploads/2025/07/Captura-de-Tela-2025-07-01-as-11.20.33.png",,,,,,,,,0,,0,default,default,default,default,default,,220,1,76,set,60
3872,simple,,,"Enfeites de Natal",1,0,visible,"<p data-start=""172"" data-end=""533"">Ela é brilho, cor e encanto! A personagem Enfeite de Natal carrega consigo toda a fantasia das decorações natalinas, com um figurino reluzente, formas elegantes e uma presença cênica que transforma qualquer espaço. Interativa, fotogênica e cheia de simpatia, ela encanta crianças e adultos com seu jeitinho mágico de espalhar o espírito natalino por onde passa.</p>\n<p data-start=""535"" data-end=""635"">Ideal para recepções, ativações criativas e eventos que buscam um toque original e poético de Natal.</p>",,,,taxable,,1,,,0,0,,,,,0,,,,Natal,"brilhante, decoração viva, encantador, fantasia natalina, fotogênico, infantil, lúdico, mágico, natal, original, personagem criativa, presença cênica, receptivo, temático, visual marcante",,"https://mantoproducoes.com.br/wp-content/uploads/2025/07/Captura-de-Tela-2025-07-01-as-11.22.10.png, https://mantoproducoes.com.br/wp-content/uploads/2025/07/Captura-de-Tela-2025-07-01-as-11.22.41.png, https://mantoproducoes.com.br/wp-content/uploads/2025/07/Captura-de-Tela-2025-07-01-as-11.22.36.png, https://mantoproducoes.com.br/wp-content/uploads/2025/07/Captura-de-Tela-2025-07-01-as-11.22.32.png, https://mantoproducoes.com.br/wp-content/uploads/2025/07/Captura-de-Tela-2025-07-01-as-11.22.15.png",,,,,,,,,0,,0,default,default,default,default,default,,220,1,126,set,60
3879,simple,,,"Natal Color",1,0,visible,"<p data-start=""203"" data-end=""377"">Com suéteres extravagantes, gorros criativos, maquiagem impecável e uma paleta de cores natalinas intensas, o grupo <strong data-start=""319"" data-end=""334"">Natal Color</strong> chega trazendo alegria e muitas risadas!</p>\n<p data-start=""379"" data-end=""703"">Eles são personagens animados, expressivos e interativos, perfeitos para recepcionar o público com simpatia, fazer fotos incríveis e transformar qualquer evento em um verdadeiro festival de Natal.<br data-start=""575"" data-end=""578"" />Ideal para recepção em shoppings, eventos corporativos, festas natalinas e ativações que pedem um toque de humor e muita cor!</p>",,,,taxable,,1,,,0,0,,,,,0,,,,Natal,"alegre, colorido, divertido, engraçado, evento corporativo, experiência natalina, festa temática, fotogênico, infantil, interação com o público, natal, personagens carismáticos, personagens natalinos, receptivo, roupas natalinas, shopping, suéter natalino, temático, vibrante, visual marcante",,"https://mantoproducoes.com.br/wp-content/uploads/2025/07/Captura-de-Tela-2025-07-01-as-11.25.23.png, https://mantoproducoes.com.br/wp-content/uploads/2025/07/Captura-de-Tela-2025-07-01-as-11.25.32.png, https://mantoproducoes.com.br/wp-content/uploads/2025/07/Captura-de-Tela-2025-07-01-as-11.25.26.png",,,,,,,,,0,,0,default,default,default,default,default,,220,1,68,set,60
3883,simple,,,"Natal Fashion Circus",1,0,visible,"Com ternos estampados, penteados excêntricos e maquiagens que são verdadeiras obras de arte, o <strong data-start=""139"" data-end=""163"">Natal Fashion Circus</strong> chega roubando a cena! Essa atração mistura o clima natalino com o estilo fashion e irreverente do circo, garantindo presença marcante em qualquer evento.<br data-start=""318"" data-end=""321"" />Perfeitos para receptivos, desfiles temáticos, interações com o público e registros fotográficos inesquecíveis!",,,,taxable,,1,,,0,0,,,,,0,,,,Natal,"circo, colorido, desfile, estilizado, evento corporativo, evento temático, fashion, figurino impactante, interação, looks criativos, maquiagem artística, natal, natal estiloso, natal moderno, natalino, personagens cênicos, personagens divertidos, receptivo, vibrante, visual marcante",,"https://mantoproducoes.com.br/wp-content/uploads/2025/07/Captura-de-Tela-2025-07-01-as-11.27.14-e1751380107636.png, https://mantoproducoes.com.br/wp-content/uploads/2025/07/Captura-de-Tela-2025-07-01-as-11.27.22.png, https://mantoproducoes.com.br/wp-content/uploads/2025/07/Captura-de-Tela-2025-07-01-as-11.27.18.png",,,,,,,,,0,,0,default,default,default,default,default,,220,1,105,set,60
3888,simple,,,"Turma Disney - Natal",1,0,visible,"<p data-start=""0"" data-end=""353"">A magia dos clássicos da Disney encontra o encantamento do Natal!<br data-start=""107"" data-end=""110"" />Com figurinos temáticos natalinos e interações carismáticas, a Turma Disney transforma qualquer evento em um verdadeiro conto de fadas natalino. Eles encantam desde a recepção até o show, com muita dança, fotos e diversão para todas as idades.</p>\n<p data-start=""355"" data-end=""643"" data-is-last-node="""" data-is-only-node=""""></p>",,,,taxable,,1,,,0,0,,,,,0,,,,"Natal, Turma Disney","disney, diversão, encantado, evento temático, família, fantasia, festa, interação, mágico, natal, natal infantil, natal mágico, natalino, personagens amados, personagens clássicos, personagens licenciados, personagens vivos, receptivo, show, turma do mickey",,"https://mantoproducoes.com.br/wp-content/uploads/2025/07/a2d02fc9-fae4-4639-8670-4d25c8c2bd32.jpg, https://mantoproducoes.com.br/wp-content/uploads/2025/07/3986ed4e-96ba-4383-bfc0-07ee1dce1c86.jpg, https://mantoproducoes.com.br/wp-content/uploads/2025/07/e7bfff64-569d-47e7-8863-fed3b8c89cd8.jpg, https://mantoproducoes.com.br/wp-content/uploads/2025/07/f5074102-838f-456f-b626-74487c10c3a0.jpg, https://mantoproducoes.com.br/wp-content/uploads/2025/07/3390bb5d-ed13-49c5-ab86-5e5af25460bb.jpg, https://mantoproducoes.com.br/wp-content/uploads/2025/07/a2d02fc9-fae4-4639-8670-4d25c8c2bd32.jpg, https://mantoproducoes.com.br/wp-content/uploads/2025/07/946268ba-dc3b-4a30-83bd-39fd7a7c6277.jpg",,,,,,,,,0,,0,default,default,default,default,default,,220,1,149,set,60
3895,simple,,,"Mickey e Minnie (Noel e Noelete)",1,0,visible,"O casal mais querido do mundo chega em clima natalino para encantar todas as idades!<br data-start=""128"" data-end=""131"" />Com seus trajes de Noel e Noelete, Mickey e Minnie trazem toda a magia do Natal com simpatia, charme e muita interação. Perfeitos para recepcionar, tirar fotos e deixar qualquer evento com aquele toque especial de sonho e fantasia.",,,,taxable,,1,,,0,0,,,,,0,,,,"Natal, Turma Disney","amado por todos, clássico, disney, encantador, evento natalino, família, fantasia, figurino natalino, fotos, ícones, infantil, mágico, mickey, minnie, natal, natal disney, noel, noelete, papai noel, personagens natalinos, personagens vivos, recepção",,https://mantoproducoes.com.br/wp-content/uploads/2025/07/Captura-de-Tela-2025-07-01-as-11.44.56.png,,,,,,,,,0,,0,default,default,default,default,default,,220,1,177,set,60
3899,simple,,,"Fadas Brancas",1,0,visible,"Com figurinos etéreos, movimentos delicados e um brilho que parece flutuar no ar, as Fadas Brancas trazem uma presença poética e encantadora a qualquer evento. Elas interagem com o público com suavidade, criando uma atmosfera mágica e visualmente deslumbrante. Ideais para recepções elegantes, eventos ao ar livre, festas temáticas ou aparições que pedem beleza, calma e encantamento.",,,,taxable,,1,,,0,0,,,,,0,,,,"Fadas, Natal","artístico, delicado, elegante, encantador, etéreo, evento temático, fada, fantasia, fantasioso, interação suave, mágico, personagens vivos, poético, presença cênica, receptivo, visual marcante",,"https://mantoproducoes.com.br/wp-content/uploads/2025/07/PHOTO-2025-01-24-20-58-23-scaled.jpg, https://mantoproducoes.com.br/wp-content/uploads/2025/07/PHOTO-2025-01-24-20-58-24-scaled.jpg, https://mantoproducoes.com.br/wp-content/uploads/2025/07/PHOTO-2025-01-24-20-58-25-scaled.jpg, https://mantoproducoes.com.br/wp-content/uploads/2025/07/PHOTO-2025-01-24-20-58-29-scaled.jpg, https://mantoproducoes.com.br/wp-content/uploads/2025/07/PHOTO-2025-01-24-21-00-27-scaled.jpg, https://mantoproducoes.com.br/wp-content/uploads/2025/07/PHOTO-2025-01-24-21-00-28-scaled.jpg, https://mantoproducoes.com.br/wp-content/uploads/2025/07/PHOTO-2025-01-24-21-00-29-scaled.jpg",,,,,,,,,0,,0,default,default,default,default,default,,284,1,223,set,60
3909,simple,,,"Princesas Douradas",1,0,visible,"<p data-start=""168"" data-end=""451"">Com vestidos reluzentes, coroas cintilantes e uma presença cheia de nobreza, as Princesas Douradas encantam desde o primeiro olhar. Elas recepcionam, interagem com o público e posam para fotos como verdadeiras majestades encantadas, levando charme, leveza e fantasia a cada evento.</p>\n<p data-start=""453"" data-end=""555"">Perfeitas para festas sofisticadas, desfiles temáticos ou encontros mágicos que pedem brilho e beleza.</p>",,,,taxable,,1,,,0,0,,,,,0,,,,"Natal, Princesas","brilho, conto de fadas, dourado, elegante, encantador, evento temático, fantasia, figurino de gala, fotogênico, infantil, mágico, natal, personagens vivos, poético, princesa, realeza, receptivo, sofisticado, visual marcante",,"https://mantoproducoes.com.br/wp-content/uploads/2025/07/f09e990b-e900-42bd-a835-50af185bd0dc.jpg, https://mantoproducoes.com.br/wp-content/uploads/2025/07/49bf5dfa-ba06-42c9-b112-3ab0bed3a71b.jpg, https://mantoproducoes.com.br/wp-content/uploads/2025/07/8287bf11-62b1-4409-80ad-2e601dc01c4f.jpg, https://mantoproducoes.com.br/wp-content/uploads/2025/07/c937c9dc-c4e6-425a-825b-426a469f25f7.jpg",,,,,,,,,0,,0,default,default,default,default,default,,39,1,107,set,60
3919,simple,,,"Natal Azul",1,0,visible,"Com figurinos inspirados na neve, no gelo e em reinos encantados, essa turma transforma qualquer ambiente em um verdadeiro palácio de inverno. A elegância dos trajes, o brilho dos detalhes e a presença mágica dos personagens criam um clima sofisticado e encantador – perfeito para encantar adultos e crianças em eventos natalinos, corporativos ou temáticos.",,,,taxable,,1,,,0,0,,,,,0,,,,Natal,"azul, ballet natalino, branco, cristal, elegante, encantado, encantamento, evento, evento adulto, evento infantil, figurino luxuoso, frozen, gelo, impacto visual, interativo, inverno, mágico, natal, natalino, performance, personagens natalinos, princesas do gelo, show visual, sofisticado",,"https://mantoproducoes.com.br/wp-content/uploads/2025/07/279f4758-ca84-4b33-ad73-883af81716e1.jpg, https://mantoproducoes.com.br/wp-content/uploads/2025/07/IMG_1885-scaled.jpg, https://mantoproducoes.com.br/wp-content/uploads/2025/07/77df2023-f8ef-4f44-a0c3-7d0da11994db.jpg, https://mantoproducoes.com.br/wp-content/uploads/2025/07/IMG_1896-scaled.jpg, https://mantoproducoes.com.br/wp-content/uploads/2025/07/IMG_1961-scaled.jpg, https://mantoproducoes.com.br/wp-content/uploads/2025/07/IMG_1877-scaled.jpg, https://mantoproducoes.com.br/wp-content/uploads/2025/07/IMG_1930-scaled.jpg",,,,,,,,,0,,0,default,default,default,default,default,,220,1,99,set,60
3927,simple,,,"Natal Nevado",1,0,visible,"Com figurinos exuberantes e acabamento digno de sonhos, essa formação remete aos palácios de gelo, trazendo toda a elegância, o brilho e a fantasia de um Natal digno da realeza do inverno. Ideal para eventos sofisticados e memoráveis, essa performance encanta do primeiro ao último floco!",,,,taxable,,1,,,0,0,,,,,0,,,,Natal,"branco, cristalino, elegante, encantamento, evento adulto, evento corporativo, figurino de impacto, gelo, inverno, luxuoso, mágico, natal, natal temático, natalino, nevado, neve, performance visual, personagem natalino, princesa de gelo, realeza, show de natal, sofisticado",,"https://mantoproducoes.com.br/wp-content/uploads/2025/07/Captura-de-Tela-2025-07-01-as-12.11.34.png, https://mantoproducoes.com.br/wp-content/uploads/2025/07/Captura-de-Tela-2025-07-01-as-12.11.48.png, https://mantoproducoes.com.br/wp-content/uploads/2025/07/Captura-de-Tela-2025-07-01-as-12.11.43.png, https://mantoproducoes.com.br/wp-content/uploads/2025/07/Captura-de-Tela-2025-07-01-as-12.11.38.png, https://mantoproducoes.com.br/wp-content/uploads/2025/07/Captura-de-Tela-2025-07-01-as-12.11.34.png, https://mantoproducoes.com.br/wp-content/uploads/2025/07/Captura-de-Tela-2025-07-01-as-12.11.57.png",,,,,,,,,0,,0,default,default,default,default,default,,220,1,109,set,60
3933,simple,,,"Elfos Nathan e Nataly",1,0,visible,"Com seus olhos brilhantes e figurinos dourados, essa dupla de elfos gigantes traz alegria, fofura e muita magia para o seu evento natalino! Nathan e Nataly encantam crianças e adultos com seus abraços calorosos, sorrisos simpáticos e um jeitinho especial de espalhar espírito natalino por onde passam!",,,,taxable,,1,,,0,0,,,,,0,,,,Natal,"casal natalino, duende, elfos, evento natalino, mascotes, natal, natal dourado, natal encantado, natal família, natal fofo, natal kids, natal mágico, natal shopping, natalinos, personagens gigantes, personagens infantis, personagens natalinos",,"https://mantoproducoes.com.br/wp-content/uploads/2025/07/Captura-de-Tela-2025-07-01-as-12.13.38.png, https://mantoproducoes.com.br/wp-content/uploads/2025/07/Captura-de-Tela-2025-07-01-as-12.13.49.png, https://mantoproducoes.com.br/wp-content/uploads/2025/07/Captura-de-Tela-2025-07-01-as-12.13.44.png, https://mantoproducoes.com.br/wp-content/uploads/2025/07/Captura-de-Tela-2025-07-01-as-12.13.43.png, https://mantoproducoes.com.br/wp-content/uploads/2025/07/Captura-de-Tela-2025-07-01-as-12.13.41.png",,,,,,,,,0,,0,default,default,default,default,default,,220,1,86,set,60
3939,simple,,,Pinguino,1,0,visible,"Com seu jeitinho simpático, barriguinha fofa e um look natalino completo com gorro e cachecol, o nosso pinguim gigante conquista corações por onde passa! Ideal para interagir com crianças, tirar fotos e trazer uma dose extra de fofura e alegria ao seu evento de Natal!",,,,taxable,,1,,,0,0,,,,,0,,,,"Animais, Natal","evento infantil, mascote, mascote natal, mascote natalino, natal, natal encantado, natal família, natal fofo, natal gelado, natal kids, natal mágico, personagem de pelúcia, personagens natalinos, pinguim, pinguim gigante, polo norte",,"https://mantoproducoes.com.br/wp-content/uploads/2025/07/Captura-de-Tela-2025-07-01-as-12.14.55.png, https://mantoproducoes.com.br/wp-content/uploads/2025/07/Captura-de-Tela-2025-07-01-as-12.15.00.png, https://mantoproducoes.com.br/wp-content/uploads/2025/07/Captura-de-Tela-2025-07-01-as-12.14.58.png, https://mantoproducoes.com.br/wp-content/uploads/2025/07/Captura-de-Tela-2025-07-01-as-12.14.57.png",,,,,,,,,0,,0,default,default,default,default,default,,220,1,145,set,60
3944,simple,,,"Urso Ding Dong",1,0,visible,"Com sua carinha de pelúcia, gorro de Papai Noel e cachecol brilhante, o Urso Ding Dong é o companheiro perfeito para espalhar carinho, tirar muitas fotos e deixar o Natal ainda mais mágico e acolhedor! Uma presença irresistível para qualquer evento natalino. 🧸🎅",,,,taxable,,1,,,0,0,,,,,0,,,,Natal,"abraço de urso, mascote, mascote de natal, mascote natal, natal, natal encantado, natal kids, pelúcia gigante, personagem fofo, personagens natalinos, urso, urso de pelúcia, urso ding dong, urso gigante, urso natalino",,"https://mantoproducoes.com.br/wp-content/uploads/2025/07/Captura-de-Tela-2025-07-01-as-12.16.15.png, https://mantoproducoes.com.br/wp-content/uploads/2025/07/Captura-de-Tela-2025-07-01-as-12.16.27.png, https://mantoproducoes.com.br/wp-content/uploads/2025/07/Captura-de-Tela-2025-07-01-as-12.16.22.png, https://mantoproducoes.com.br/wp-content/uploads/2025/07/Captura-de-Tela-2025-07-01-as-12.16.17.png",,,,,,,,,0,,0,default,default,default,default,default,,220,1,150,set,60
3950,simple,,,"Esquilo Avelã",1,0,visible,"<p data-start=""0"" data-end=""347"">Com um jeitinho travesso e um olhar cheio de charme, o Esquilo Avelã traz alegria e diversão para o Natal! Sempre pronto para brincar, encantar as crianças e posar para fotos fofíssimas, ele é o toque especial que transforma qualquer evento em um verdadeiro bosque encantado natalino. 🌰🎄</p>\n<p data-start=""349"" data-end=""350""></p>",,,,taxable,,1,,,0,0,,,,,0,,,,"Animais, Natal","bichinho fofo, esquilo, esquilo avelã, esquilo fofo, eventos de natal, fantasia natalina, floresta natalina, mascote divertido, mascote natal, natal, natal encantado, natal kids, pelúcia gigante, personagem infantil, personagem natalino",,"https://mantoproducoes.com.br/wp-content/uploads/2025/07/Captura-de-Tela-2025-07-01-as-12.17.37.png, https://mantoproducoes.com.br/wp-content/uploads/2025/07/Captura-de-Tela-2025-07-01-as-12.17.50.png, https://mantoproducoes.com.br/wp-content/uploads/2025/07/Captura-de-Tela-2025-07-01-as-12.17.46.png, https://mantoproducoes.com.br/wp-content/uploads/2025/07/Captura-de-Tela-2025-07-01-as-12.17.39.png, https://mantoproducoes.com.br/wp-content/uploads/2025/07/Captura-de-Tela-2025-07-01-as-12.17.37.png",,,,,,,,,0,,0,default,default,default,default,default,,220,1,137,set,60
3956,simple,,,"Rena Haley",1,0,visible,"Com seu narizinho rosado, olhos brilhantes e energia contagiante, a Rena Haley encanta todas as crianças por onde passa! Ela adora tirar fotos, dar pulinhos animados e espalhar a verdadeira magia do Natal com muito charme e alegria. Um personagem natalino que faz qualquer evento brilhar ainda mais! 🎁✨",,,,taxable,,1,,,0,0,,,,,0,,,,"Animais, Natal","bichinho fofo, evento infantil, fantasia de rena, mascote de natal, mascote natal, natal, natal encantado, natal kids, personagem natalino, rena, rena haley, renas do trenó, reninha, trenó do papai noel",,"https://mantoproducoes.com.br/wp-content/uploads/2025/07/Captura-de-Tela-2025-07-01-as-12.20.15.png, https://mantoproducoes.com.br/wp-content/uploads/2025/07/SHOPPINGMAIA-043-scaled.jpg, https://mantoproducoes.com.br/wp-content/uploads/2025/07/SHOPPINGMAIA-028-scaled.jpg, https://mantoproducoes.com.br/wp-content/uploads/2025/07/Captura-de-Tela-2025-07-01-as-12.20.21.png, https://mantoproducoes.com.br/wp-content/uploads/2025/07/Captura-de-Tela-2025-07-01-as-12.20.18.png, https://mantoproducoes.com.br/wp-content/uploads/2025/07/Captura-de-Tela-2025-07-01-as-12.20.15.png",,,,,,,,,0,,0,default,default,default,default,default,,220,1,81,set,60
3961,simple,,,"Uan, Tchu, Trui e Fór - Elfas Natalinas (Elfos)",1,0,visible,"Com vestidos brilhantes, bastões de açúcar e luzinhas mágicas, essas quatro personagens são pura alegria natalina! Uan é a líder destemida, Tchu vive dançando, Trui ama distribuir abraços e Fór... ah, Fór adora cantar! Juntas, encantam com uma presença vibrante e colorida, perfeitas para iluminar o Natal de qualquer evento com doçura e diversão! 🎄✨",,,,taxable,,1,,,0,0,,,,,0,,,,Natal,"bastões de açúcar, doces natalinos, elfas doces, elfo, elfos, evento infantil, fantasias criativas, meninas doces, natal colorido, natal divertido, natal kids, natal mágico, personagens de natal, personagens natal, reino encantado, Uan Tchu Trui Fór",,"https://mantoproducoes.com.br/wp-content/uploads/2025/07/Captura-de-Tela-2025-07-01-as-12.22.22.png, https://mantoproducoes.com.br/wp-content/uploads/2025/07/Captura-de-Tela-2025-07-01-as-12.22.52.png, https://mantoproducoes.com.br/wp-content/uploads/2025/07/Captura-de-Tela-2025-07-01-as-12.22.45.png, https://mantoproducoes.com.br/wp-content/uploads/2025/07/Captura-de-Tela-2025-07-01-as-12.22.30.png",,,,,,,,,0,,0,default,default,default,default,default,,220,1,210,set,60
3967,simple,,,"Soldadinhos do Pinheiro",1,0,visible,"Diretamente da floresta encantada, esses soldadinhos surgem para proteger o símbolo mais amado do Natal: o pinheiro iluminado! Com uniformes impecáveis em verde e dourado, passos firmes e uma energia contagiante, eles marcham com orgulho, espalhando magia, disciplina e espírito natalino por onde passam! 💫🎁",,,,taxable,,1,,,0,0,,,,,0,,,,Natal,"apresentação natal, árvore de natal, desfile de natal, espírito de natal, evento natalino, guardiões do pinheiro, natal encantado, natal infantil, natal verde e dourado, personagens natalinos, pinheiro mágico, soldadinhos de natal, soldadinhos encantados, uniforme natalino",,"https://mantoproducoes.com.br/wp-content/uploads/2025/07/Captura-de-Tela-2025-07-01-as-12.28.34.png, https://mantoproducoes.com.br/wp-content/uploads/2025/07/Captura-de-Tela-2025-07-01-as-12.28.36.png, https://mantoproducoes.com.br/wp-content/uploads/2025/07/Captura-de-Tela-2025-07-01-as-12.29.27.png",,,,,,,,,0,,0,default,default,default,default,default,,220,1,85,set,60
3971,simple,,,Bolota,1,0,visible,"<p data-start=""0"" data-end=""348"">Com botões coloridos, cachecol quentinho e um sorriso encantador, Bolota chega trazendo abraços geladinhos e muita alegria! Ele adora cantar músicas natalinas, brincar com as crianças e dançar na neve imaginária dos shoppings e eventos. Onde Bolota aparece, o Natal ganha ainda mais magia! ❄️❤️</p>\n<p data-start=""350"" data-end=""351""></p>",,,,taxable,,1,,,0,0,,,,,0,,,,Natal,"abraços gelados, alegria do natal, bolota natal, boneco de neve, evento de natal, fantasia natalina, mascote natalino, natal encantado, natal infantil, neve mágica, personagem de shopping, personagem natal, show de natal, sorriso congelante",,"https://mantoproducoes.com.br/wp-content/uploads/2025/07/Captura-de-Tela-2025-07-01-as-12.30.32.png, https://mantoproducoes.com.br/wp-content/uploads/2025/07/Captura-de-Tela-2025-07-01-as-12.30.36.png, https://mantoproducoes.com.br/wp-content/uploads/2025/07/Captura-de-Tela-2025-07-01-as-12.30.38.png",,,,,,,,,0,,0,default,default,default,default,default,,220,1,86,set,60
3975,simple,,,Pinheirita,1,0,visible,"Com galhos de alegria e enfeites de carinho, Pinheirita é uma raposinha encantadora que se transformou na árvore de Natal mais fofa do mundo! Sempre com a estrela brilhando no topo da cabeça, ela espalha sorrisos, dança com as crianças e encanta todos os corações por onde passa.",,,,taxable,,1,,,0,0,,,,,0,,,,Natal,"alegria de fim de ano, árvore natalina, decoração viva, estrela no topo, eventos natalinos, fantasia natal, magia do natal, natal infantil, natal lúdico, personagem de natal, personagem encantada, personagem para shopping, pinheirita, raposa de natal",,"https://mantoproducoes.com.br/wp-content/uploads/2025/07/IMG_4648-scaled.jpg, https://mantoproducoes.com.br/wp-content/uploads/2025/07/Captura-de-Tela-2025-07-01-as-12.31.51.png, https://mantoproducoes.com.br/wp-content/uploads/2025/07/b29ec0c6-d723-48df-ba87-2dbe4c1a9fa7.jpg, https://mantoproducoes.com.br/wp-content/uploads/2025/07/IMG_4512-scaled.jpg, https://mantoproducoes.com.br/wp-content/uploads/2025/07/26c7d1ef-e65d-41a9-a184-327754318e19.jpg, https://mantoproducoes.com.br/wp-content/uploads/2025/07/IMG_4648-scaled.jpg, https://mantoproducoes.com.br/wp-content/uploads/2025/07/03387751-2825-4c64-a5b0-7235ea27b90b.jpg",,,,,,,,,0,,0,default,default,default,default,default,,220,1,89,set,60
4004,simple,,,"Papai Noel Clássico",1,0,visible,"Não tem pra ninguém: o nosso Papai Noel é simplesmente <strong data-start=""98"" data-end=""110"">perfeito</strong>. Barba macia, sorriso acolhedor, olhar que brilha mais que estrela cadente e um coração do tamanho do Polo Norte! Quando ele chega, o Natal ganha outra cor, outra emoção. Ele não entrega só presentes — entrega <strong data-start=""321"" data-end=""366"">encanto, magia e memória pra vida inteira</strong>. Se existir um bom velhinho mais incrível… é fake!",,,,taxable,,1,,,0,0,,,,,0,,,,"Natal, Papai Noel","bom velhinho, emoção natalina, encontro com o papai noel, espírito natalino, evento natalino, fantasia realista, magia do natal, melhor papai noel do mundo, natal de verdade, natal em família, natal encantado, natal inesquecível, natal mágico, natal nos shoppings, papai noel",,"https://mantoproducoes.com.br/wp-content/uploads/2025/07/IMG_5619-2.jpg, https://mantoproducoes.com.br/wp-content/uploads/2025/07/IMG_9670-scaled.jpg, https://mantoproducoes.com.br/wp-content/uploads/2025/07/17b0188d-2f9f-4cef-b5c7-7add42093c13.jpg, https://mantoproducoes.com.br/wp-content/uploads/2025/07/2bed4dfc-14a0-4bcb-9523-d5e833941ce1-2.jpg, https://mantoproducoes.com.br/wp-content/uploads/2025/07/IMG_9937_Original-2-scaled.jpg, https://mantoproducoes.com.br/wp-content/uploads/2025/07/9dfa05db-6aa7-4e71-aa74-613e65b55390-2.jpg, https://mantoproducoes.com.br/wp-content/uploads/2025/07/IMG_9927_Original-2-scaled.jpg, https://mantoproducoes.com.br/wp-content/uploads/2025/07/IMG_0724_Original-2-scaled.jpg, https://mantoproducoes.com.br/wp-content/uploads/2025/07/IMG_5645-2.jpg",,,,,,,,,0,,0,default,default,default,default,default,,220,1,798,set,60
4014,simple,,,Corujina,1,0,visible,"<p data-start=""0"" data-end=""391"">Com seus olhos brilhantes e presença encantadora, Corujina é a coruja mais charmosa do Natal! Ela voa suave entre os galhos iluminados, espalhando sabedoria, alegria e aquele toque mágico que só os corações atentos conseguem sentir. Silenciosa, elegante e cheia de encanto — quando Corujina aparece, o Natal se torna ainda mais inesquecível.</p>\n<p data-start=""393"" data-end=""394""></p>",,,,taxable,,1,,,0,0,,,,,0,,,,"Animais, Natal","bichinhos mágicos, coruja natalina, corujina, encanto animal, espírito natalino, evento de natal, magia do natal, mascote natalino, natal encantado, natal inesquecível, natal lúdico, noite feliz, personagem natal, personagens natalinos, show infantil natal",,"https://mantoproducoes.com.br/wp-content/uploads/2025/07/CorujaNatal2-scaled.jpg, https://mantoproducoes.com.br/wp-content/uploads/2025/07/CorujaNatal1-scaled.jpg, https://mantoproducoes.com.br/wp-content/uploads/2025/07/CorujaNatal3-scaled.jpg, https://mantoproducoes.com.br/wp-content/uploads/2025/07/CorujaNatal2-scaled.jpg, https://mantoproducoes.com.br/wp-content/uploads/2025/07/CorujaNatal4-scaled.jpg",,,,,,,,,0,,0,default,default,default,default,default,,220,1,70,set,60
4015,simple,,,"Biscoitos (Bis, Coi e Tos)",1,0,visible,"Direto do forno mágico do Polo Norte, esse trio é pura fofura, alegria e sabor de Natal! Bis é o líder carismático, Coi vive fazendo piada e Tos… ah, Tos tá sempre com vontade de comer! Juntos, eles invadem os eventos trazendo dança, diversão e aquele cheirinho gostoso de festa natalina. Com eles, o Natal fica mais doce, mais animado e absolutamente inesquecível!",,,,taxable,,1,,,0,0,,,,,0,,,,Natal,"animação infantil, bis coi tos, biscoitos natalinos, espírito natal, evento natalino, ginger mascote, gingerbread, mascotes natal, natal divertido, natal encantado, natal mágico, personagens fofos, personagens natal, show de natal, trio natalino",,"https://mantoproducoes.com.br/wp-content/uploads/2025/07/BiscoitosNatalinos4-scaled.jpg, https://mantoproducoes.com.br/wp-content/uploads/2025/07/BiscoitosNatalinos5-scaled.jpg, https://mantoproducoes.com.br/wp-content/uploads/2025/07/BiscoitosNatalinos4-scaled.jpg, https://mantoproducoes.com.br/wp-content/uploads/2025/07/BiscoitosNatalinos3-scaled.jpg, https://mantoproducoes.com.br/wp-content/uploads/2025/07/BiscoitosNatalinos2-scaled.jpg, https://mantoproducoes.com.br/wp-content/uploads/2025/07/BiscoitosNatalinos1-scaled.jpg",,,,,,,,,0,,0,default,default,default,default,default,,220,1,160,set,60
4016,simple,,,Ispinheta,1,0,visible,"Cheia de charme, espinhos brilhantes e um coração enorme, Ispinheta é a mascote perfeita para trazer o espírito natalino com um toque único e encantador. Ela desfila com sua roupa festiva, espalhando magia, abraços (com jeitinho!) e aquele clima de festa que aquece o coração. Ispinheta é presença confirmada nos melhores Natais – e ninguém resiste à sua fofura espinhuda!",,,,taxable,,1,,,0,0,,,,,0,,,,"Animais, Natal","alegria de natal, animação natal, espinhos brilhantes, espírito natalino, evento de natal, fantasia natalina, ispinheta, mascote natalina, natal divertido, natal encantado, natal infantil, personagem fofa, personagem natal, porco espinho natal, show natalino",,"https://mantoproducoes.com.br/wp-content/uploads/2025/07/Ispinheta3-scaled.jpg, https://mantoproducoes.com.br/wp-content/uploads/2025/07/Ispinheta1-scaled.jpg, https://mantoproducoes.com.br/wp-content/uploads/2025/07/Ispinheta5-scaled.jpg, https://mantoproducoes.com.br/wp-content/uploads/2025/07/Ispinheta4-scaled.jpg, https://mantoproducoes.com.br/wp-content/uploads/2025/07/Ispinheta3-scaled.jpg, https://mantoproducoes.com.br/wp-content/uploads/2025/07/Ispinheta2-scaled.jpg",,,,,,,,,0,,0,default,default,default,default,default,,220,1,57,set,60
4017,simple,,,"Urso Berma",1,0,visible,"Imponente, carismático e de coração quentinho, Berma é o urso branco que encanta crianças e adultos com sua presença elegante e acolhedora. Vestido para brilhar nas festas de fim de ano, ele é perfeito para recepcionar convidados, fazer fotos inesquecíveis e transformar qualquer evento em um verdadeiro espetáculo natalino. Onde Berma pisa, o Natal ganha classe, magia e muuuito amor!",,,,taxable,,1,,,0,0,,,,,0,,,,"Animais, Natal","atração natalina, espírito natalino, evento natal, fantasia de natal, festa temática, mascote de natal, natal encantado, natal infantil, natal mágico, personagem natalino, recepção natalina, show de natal, urso berma, urso branco natal, urso gigante",,"https://mantoproducoes.com.br/wp-content/uploads/2025/07/Captura-de-Tela-2026-07-07-as-15.15.40-e1783448181586.png, https://mantoproducoes.com.br/wp-content/uploads/2025/07/UrsoBerma6-scaled.jpg, https://mantoproducoes.com.br/wp-content/uploads/2025/07/UrsoBerma5-scaled.jpg, https://mantoproducoes.com.br/wp-content/uploads/2025/07/UrsoBerma4-scaled.jpg, https://mantoproducoes.com.br/wp-content/uploads/2025/07/UrsoBerma3-scaled.jpg, https://mantoproducoes.com.br/wp-content/uploads/2025/07/UrsoBerma1-scaled.jpg",,,,,,,,,0,,0,default,default,default,default,default,,220,1,117,set,60
4018,simple,,,"Fada Elfa da Paz (Elfo)",1,0,visible,"Com suas asas suaves, olhar sereno e presença etérea, essa fada elfa caminha entre os convidados espalhando harmonia, esperança e magia. Seja em festas natalinas, corporativas ou encantadas, sua missão é tocar os corações com leveza e beleza. Um ser encantado que transforma qualquer ambiente em um refúgio de paz e brilho.",,,,taxable,,1,,,0,0,,,,,0,,,,Natal,"atmosfera mágica, elfa, elfa natalina, elfas, elfo, elfos, encantamento, espírito natalino, evento mágico, fada branca, fada da paz, fada temática, fantasia natalina, natal sofisticado, paz e magia, personagem encantado, personagem feminino, recepção elegante, show natalino",,"https://mantoproducoes.com.br/wp-content/uploads/2025/11/FADAELFADAPAZ-1-scaled.jpg, https://mantoproducoes.com.br/wp-content/uploads/2025/11/FADAELFADAPAZ-2-scaled.jpg, https://mantoproducoes.com.br/wp-content/uploads/2025/11/FADAELFADAPAZ-3-scaled.jpg, https://mantoproducoes.com.br/wp-content/uploads/2025/11/FADAELFADAPAZ-5-scaled.jpg, https://mantoproducoes.com.br/wp-content/uploads/2025/11/FADAELFADAPAZ-4-scaled.jpg",,,,,,,,,0,,0,default,default,default,default,default,,220,1,77,set,60
4027,simple,,,"Mickey e Minnie (Confeiteiros Natalinos)",1,0,visible,"Direto da cozinha mais fofa do Polo Norte, Mickey e Minnie vestem seus aventais natalinos e invadem sua festa com receitas de alegria, diversão e muito encanto! Entre confeitos, cupcakes e sorrisos, essa dupla transforma qualquer evento em uma celebração doce e inesquecível. Uma atração perfeita para quem quer um toque lúdico e natalino com os personagens mais amados do mundo!",,,,taxable,,1,,,0,0,,,,,0,,,,"Natal, Turma Disney","confeiteiros natal, disney natal, dupla clássica, encanto natalino, evento lúdico, fantasia natalina, festa encantada, magia de natal, mickey natalino, minnie natalina, natal doce, natal infantil, personagens natal, personagens natalinos, recepção temática",,"https://mantoproducoes.com.br/wp-content/uploads/2025/07/1922ca65-d4a4-45b3-845a-d9422a43ab01-scaled.jpg, https://mantoproducoes.com.br/wp-content/uploads/2025/07/901c847c-1c21-45c3-bfe7-8f695135beb1-scaled.jpg, https://mantoproducoes.com.br/wp-content/uploads/2025/07/681125e4-5c93-4ff2-bad7-b859fd4a9c9d-scaled.jpg",,,,,,,,,0,,0,default,default,default,default,default,,220,1,143,set,60
4058,simple,,,"Flores Psicodélicas",1,0,visible,"Direto de um jardim dos sonhos (ou de um delírio visual encantado), essas criaturas florais tomam vida para trazer impacto, poesia e beleza em forma de performance. Com figurinos exuberantes, maquiagem surreal e atitude marcante, as Flores Psicodélicas transformam qualquer evento em uma experiência sensorial e inesquecível. Para quem busca o extraordinário, o sensível e o arrebatador.",,,,taxable,,1,,,0,0,,,,,0,,,,"Flores, Performáticos, Social","alta costura performática, arte contemporânea, arte viva, beleza excêntrica, desfile mágico., evento premium, experiência sensorial, fantasia floral, flores vivas, glamour criativo, jardim encantado, performance artística, personagens para evento, show de impacto, surrealismo vivo",,"https://mantoproducoes.com.br/wp-content/uploads/2025/07/IMG_8641-scaled.jpg, https://mantoproducoes.com.br/wp-content/uploads/2025/07/IMG_8648-scaled.jpg, https://mantoproducoes.com.br/wp-content/uploads/2025/07/IMG_8650-scaled.jpg, https://mantoproducoes.com.br/wp-content/uploads/2025/07/IMG_8644-scaled.jpg, https://mantoproducoes.com.br/wp-content/uploads/2025/07/IMG_8635-scaled.jpg",,,,,,,,,0,,0,default,default,default,default,default,,485,1,202,set,60
4064,simple,,,"Igglepiggle e Upsy Daisy",1,0,visible,"Eles são fofos, coloridos e queridos por crianças de todas as idades! Igglepiggle com seu paninho inseparável e Upsy Daisy com seu cabelinho encantado trazem toda a ternura e magia de um mundo dos sonhos. Perfeitos para encontros infantis, festas temáticas e sessões de fotos que arrancam suspiros.",,,,taxable,,1,,,0,0,,,,,0,,,,Infantil,"animação mágica, evento para crianças, fantasia fofa, Igglepiggle, interação infantil, jardim dos sonhos, mundo encantado, personagens de pelúcia, personagens fofinhos., personagens infantis, personagens para festa, show infantil, universo lúdico, Upsy Daisy",,"https://mantoproducoes.com.br/wp-content/uploads/2025/07/Captura-de-Tela-2025-07-02-as-12.30.12.png, https://mantoproducoes.com.br/wp-content/uploads/2025/07/Captura-de-Tela-2025-07-02-as-12.30.14.png",,,,,,,,,0,,0,default,default,default,default,default,,105,1,61,set,60
4067,simple,,,"Bonequinhas Coloridas",1,0,visible,"Elas parecem ter saído direto de uma caixa de brinquedos mágica! Cheias de charme, cores vibrantes e acessórios encantadores, as Bonequinhas Coloridas são perfeitas para encantar crianças e adultos com seu visual lúdico e personalidade contagiante. Um trio que transforma qualquer evento em uma verdadeira brincadeira cheia de fantasia e diversão!",,,,taxable,,1,,,0,0,,,,,0,,,,"Sem categoria","alegria em cores, animação infantil, bonecas vivas, elenco encantado, evento mágico, fantasia colorida, festa divertida., festa temática, personagens femininas, personagens fofas, personagens lúdicas, personagens para crianças, trio divertido",,"https://mantoproducoes.com.br/wp-content/uploads/2025/07/Captura-de-Tela-2025-07-02-as-12.32.11.png, https://mantoproducoes.com.br/wp-content/uploads/2025/07/Captura-de-Tela-2025-07-02-as-12.31.56.png, https://mantoproducoes.com.br/wp-content/uploads/2025/07/Captura-de-Tela-2025-07-02-as-12.32.16.png",,,,,,,,,0,,0,default,default,default,default,default,,105,1,94,set,60
4071,simple,,,"Piratas do Caribe",1,0,visible,"Eles chegaram do alto-mar direto para a sua festa! Com figurinos impecáveis, olhar destemido e muito carisma, os Piratas do Caribe da Manto estão prontos para embarcar o público numa jornada repleta de tesouros, batalhas e gargalhadas. Prepare-se para viver uma experiência de tirar o fôlego – e talvez o mapa do tesouro!",,,,taxable,,1,,,0,0,,,,,0,,,,Filmes/Séries,"animação temática, aventura no mar, espetáculo temático, evento temático, festa pirata, figurino épico, personagens adultos, personagens cinematográficos, personagens de ação, piratas, piratas do caribe, show interativo, tesouro escondido",,"https://mantoproducoes.com.br/wp-content/uploads/2025/07/8ca4dae2-8f8a-4f34-aa19-2db160bd75d2.jpg, https://mantoproducoes.com.br/wp-content/uploads/2025/07/59d6b4c5-b1df-47d7-9e4f-bed8979173dd.jpg, https://mantoproducoes.com.br/wp-content/uploads/2025/07/2e6edafb-37b2-467c-bee5-cfa89bed6f00.jpg, https://mantoproducoes.com.br/wp-content/uploads/2025/07/275efb20-39c4-4220-8a38-2bf09a507a3a.jpg, https://mantoproducoes.com.br/wp-content/uploads/2025/07/f59686f0-142b-4acb-aabc-1939b674c347.jpg, https://mantoproducoes.com.br/wp-content/uploads/2025/07/d076916f-e559-46e8-a2dd-c72d43cfec26.jpg, https://mantoproducoes.com.br/wp-content/uploads/2025/07/6c0acbe8-1e1a-4289-b21d-5cb308dd1855.jpg, https://mantoproducoes.com.br/wp-content/uploads/2025/07/1a7b9ed4-5a2e-4eb8-a0b0-a13890e638ce.jpg",,,,,,,,,0,,0,default,default,default,default,default,,470,1,130,set,60
4080,simple,,,"Batman e Robin",1,0,visible,"<p data-start=""0"" data-end=""361"">A dupla mais icônica dos quadrinhos chegou para proteger a diversão! Com seus trajes lendários, postura heroica e muuuita presença de palco, Batman e Robin enfrentam qualquer vilão – até o tédio! Prepare-se para fotos incríveis, interações eletrizantes e uma experiência digna da Batcaverna.</p>\n<p data-start=""363"" data-end=""364""></p>",,,,taxable,,1,,,0,0,,,,,0,,,,Heróis,"animação super-herói, batman, cosplay de qualidade, DC Comics, dupla dinâmica, evento temático, fantasia épica, festa geek, heróis da justiça, personagem adulto, personagens de ação, robin, show de heróis, super-heróis, universo DC.",,"https://mantoproducoes.com.br/wp-content/uploads/2025/07/29b472a1-2a9c-4172-873a-61ebdb704bee.jpg, https://mantoproducoes.com.br/wp-content/uploads/2025/07/95debea8-8751-4ad3-a885-fe35f8b097ed.jpg, https://mantoproducoes.com.br/wp-content/uploads/2025/07/a209b2b2-5e5d-43e7-a3db-2b2c5bf764aa.jpg, https://mantoproducoes.com.br/wp-content/uploads/2025/07/ca4d09bc-356e-4b80-993e-c61b803f2e15.jpg, https://mantoproducoes.com.br/wp-content/uploads/2025/07/86d2a23d-e927-4cb2-9900-d7d3368eb343.jpg",,,,,,,,,0,,0,default,default,default,default,default,,181,1,255,set,60
4086,simple,,,"Rei Leão",1,0,visible,"Com uma história que emociona gerações, nosso espetáculo do <strong data-start=""94"" data-end=""106"">Rei Leão</strong> traz a magia da selva para pertinho do público. Prepare-se para cantar, dançar e se encantar com Simba, Nala, Timão, Pumba e toda a turma em um show cheio de vida, cor e emoção! Hakuna Matata, porque a diversão aqui é garantida!",,,,taxable,,1,,,0,0,,,,,0,,,,Filmes/Séries,"animação clássica, espetáculo encantador, espetáculo infantil, evento inesquecível., fantasia animal, manto produções, musical ao vivo, nala, personagem de pelúcia, rei leão, savana africana, show com personagens, show temático, simba, teatro para crianças, timão e pumba",,"https://mantoproducoes.com.br/wp-content/uploads/2025/07/IMG_7416.jpg, https://mantoproducoes.com.br/wp-content/uploads/2025/07/IMG_1830-scaled.jpg, https://mantoproducoes.com.br/wp-content/uploads/2025/07/IMG_1890-scaled.jpg, https://mantoproducoes.com.br/wp-content/uploads/2025/07/IMG_1874-scaled.jpg, https://mantoproducoes.com.br/wp-content/uploads/2025/07/IMG_1926-scaled.jpg, https://mantoproducoes.com.br/wp-content/uploads/2025/07/IMG_1839-scaled.jpg, https://mantoproducoes.com.br/wp-content/uploads/2025/07/ReiLeaoVotorantik-64-scaled.jpg",,,,,,,,,0,,0,default,default,default,default,default,,470,1,474,set,60
4094,simple,,,"Rainbow High",1,0,visible,"Com looks deslumbrantes, cabelos vibrantes e uma atitude fashion inconfundível, nossas personagens inspiradas em <strong data-start=""185"" data-end=""201"">Rainbow High</strong> encantam com muito estilo, dança e cor! Um verdadeiro desfile de magia e personalidade que conquista crianças e adultos. Prepare-se para brilhar com elas! 💫",,,,taxable,,1,,,0,0,,,,,0,,,,Filmes/Séries,"bonecas fashion, cabelo colorido, dança e brilho, desfile de moda, entretenimento fashion, espetáculo infantil, evento temático, fantasia infantil, looks incríveis, manto produções, moda kids, passarela mágica, personagens estilosas, rainbow high, show colorido",,"https://mantoproducoes.com.br/wp-content/uploads/2025/07/IMG_1707-scaled.jpg, https://mantoproducoes.com.br/wp-content/uploads/2025/07/IMG_1784-scaled.jpg, https://mantoproducoes.com.br/wp-content/uploads/2025/07/IMG_1763-scaled.jpg, https://mantoproducoes.com.br/wp-content/uploads/2025/07/IMG_1742-scaled.jpg, https://mantoproducoes.com.br/wp-content/uploads/2025/07/IMG_1727-scaled.jpg, https://mantoproducoes.com.br/wp-content/uploads/2025/07/IMG_1714-scaled.jpg, https://mantoproducoes.com.br/wp-content/uploads/2025/07/IMG_1793-scaled.jpg",,,,,,,,,0,,0,default,default,default,default,default,,105,1,45,set,60
4102,simple,,,"Neon Faces",1,0,visible,"Diretamente do mundo futurista dos sonhos psicodélicos, eles são irreverentes, vibrantes e absolutamente inesquecíveis! As <em data-start=""181"" data-end=""193"">Neon Faces</em> combinam luz, performance e atitude em visuais hipnóticos que parecem saídos de um universo paralelo. Prontos para invadir sua festa com energia máxima e muito impacto visual! 💥🌈",,,,taxable,,1,,,0,0,,,,,0,,,,Performáticos,"arte performática, evento noturno, experiência imersiva, fantasias glow, festa neon, impacto visual, moda conceitual, neon, performance impactante, personagens criativos., personagens futuristas, show de luz, trupe artística, universo cyber, visuais psicodélicos",,"https://mantoproducoes.com.br/wp-content/uploads/2025/07/27b2c0b0-6ee6-4623-9428-4d2a55ef9c32.jpg, https://mantoproducoes.com.br/wp-content/uploads/2025/07/5cc0b578-57b0-4c8e-83ef-c9816056e5ee.jpg, https://mantoproducoes.com.br/wp-content/uploads/2025/07/4b4940b5-10bf-42a8-a104-cc0f00686757.jpg, https://mantoproducoes.com.br/wp-content/uploads/2025/07/38ad5234-798b-47f5-9daa-5a19604fc0ee.jpg, https://mantoproducoes.com.br/wp-content/uploads/2025/07/e7330851-241e-43d6-9657-05522055a7f8.jpg, https://mantoproducoes.com.br/wp-content/uploads/2025/07/7657e003-4694-4287-b3dd-7c5f8ee953a2.jpg, https://mantoproducoes.com.br/wp-content/uploads/2025/07/85c8c999-e802-4c32-96c1-23090d84335f.jpg",,,,,,,,,0,,0,default,default,default,default,default,,154,1,112,set,60
4111,simple,,,Mimicos,1,0,visible,"Com expressões marcantes, gestos precisos e um toque de humor refinado, nossos mímicos transformam qualquer ambiente em um palco mágico. Eles não dizem uma palavra — mas dizem tudo com o corpo. Elegantes, cômicos e absolutamente cativantes! Perfeitos para eventos sofisticados, interações itinerantes ou aparições inesperadas. 🤍🖤",,,,taxable,,1,,,0,0,,,,,0,,,,Performáticos,"animação de evento, animação interativa, arte do gesto, artista visual, elegante, evento temático, expressivo, linguagem corporal, mímico, palhaçaria refinada, performance clássica, performance silenciosa, personagem itinerante, teatro mudo, visual p&b",,"https://mantoproducoes.com.br/wp-content/uploads/2025/07/Captura-de-Tela-2025-07-02-as-12.56.29.png, https://mantoproducoes.com.br/wp-content/uploads/2025/07/Captura-de-Tela-2025-07-02-as-12.57.04.png, https://mantoproducoes.com.br/wp-content/uploads/2025/07/Captura-de-Tela-2025-07-02-as-12.56.58.png, https://mantoproducoes.com.br/wp-content/uploads/2025/07/Captura-de-Tela-2025-07-02-as-12.56.52.png, https://mantoproducoes.com.br/wp-content/uploads/2025/07/Captura-de-Tela-2025-07-02-as-12.56.46.png",,,,,,,,,0,,0,default,default,default,default,default,,154,1,80,set,60
4128,simple,,,"Lilo&Stich (Versão Boneco)",1,0,visible,"Direto do Havaí para o seu evento, essa dupla queridinha encanta todas as idades! Com figurinos em tamanho real, cheias de fofura e carisma, Lilo e Stitch chegam prontos para abraçar, dançar e espalhar alegria como ninguém. Um show de sorrisos, aloha e diversão! 🏝️✨",,,,taxable,,1,,,0,0,,,,,0,,,,Filmes/Séries,"aloha, animação encantadora, bonecos licenciados, disney, entretenimento familiar, evento temático, fantasia fofa, festa infantil., havaí, infantil, Lilo e Stitch, personagens de pelúcia, personagens vivos, show kids",,"https://mantoproducoes.com.br/wp-content/uploads/2025/07/LiloStitch-014-scaled.jpg, https://mantoproducoes.com.br/wp-content/uploads/2025/07/LiloStitch-013-scaled.jpg, https://mantoproducoes.com.br/wp-content/uploads/2025/07/LiloStitch-007-scaled.jpg, https://mantoproducoes.com.br/wp-content/uploads/2025/07/LiloStitch-006-scaled.jpg, https://mantoproducoes.com.br/wp-content/uploads/2025/07/LiloStitch-016-scaled.jpg",,,,,,,,,0,,0,default,default,default,default,default,,470,1,309,set,60
4134,simple,,,"Faunos e Irideska",1,0,visible,"Direto de um reino encantado, os Faunos surgem com sua energia ancestral, dançando e brincando em total harmonia com a natureza. Ao lado deles, surge <strong data-start=""211"" data-end=""223"">Irideska</strong>, a guardiã mágica das cores e das emoções, uma criatura etérea e fascinante, que encanta com sua presença luminosa e olhar misterioso. Juntos, eles transformam qualquer espaço em um verdadeiro espetáculo sensorial! 🌈🦌💫",,,,taxable,,1,,,0,0,,,,,0,,,,"Fantasia, Performáticos","animação premium., criatura mágica, elfos e faunos, encantamento visual, evento lúdico, fantasia encantada, faunos mágicos, Irideska, natureza viva, performance visual, personagem místico, reino encantado, seres fantásticos, show de dança, show sensorial",,"https://mantoproducoes.com.br/wp-content/uploads/2025/07/d87ab903-3681-4fa6-8fc2-2f11ca8400fe.jpg, https://mantoproducoes.com.br/wp-content/uploads/2025/07/3ddde64e-b1d1-49b5-9b1e-854098701675.jpg, https://mantoproducoes.com.br/wp-content/uploads/2025/07/IMG_4933-scaled.jpg, https://mantoproducoes.com.br/wp-content/uploads/2025/07/e15e38c7-19df-4b38-845b-8d014ce5c390.jpg, https://mantoproducoes.com.br/wp-content/uploads/2025/07/IMG_4956-scaled.jpg, https://mantoproducoes.com.br/wp-content/uploads/2025/07/IMG_4924-scaled.jpg, https://mantoproducoes.com.br/wp-content/uploads/2025/07/IMG_4905-scaled.jpg",,,,,,,,,0,,0,default,default,default,default,default,,154,1,169,set,60
4146,simple,,,"Lilo&Stitch (Humanizados)",1,0,visible,"<p data-start=""0"" data-end=""430"">Com figurinos vibrantes e interpretações cheias de carisma, a dupla mais amada do Havaí ganha vida em uma versão humanizada que conquista crianças e adultos! Eles trazem ao palco toda a doçura da amizade verdadeira, a energia contagiante das ilhas e um show repleto de interações emocionantes, músicas dançantes e muito amor envolvido. Uma celebração completa do espírito de ‘ohana! 🌊💙</p>\n<p data-start=""432"" data-end=""433""></p>",,,,taxable,,1,,,0,0,,,,,0,,,,Filmes/Séries,"apresentação interativa, dança e música, dupla animada., energia positiva, evento temático, família, figurino colorido, havaí, Lilo e Stitch, ohana, personagens humanizados, personagens infantis, show encantador, show tropical",,"https://mantoproducoes.com.br/wp-content/uploads/2025/07/LiloStitch-032-scaled.jpg, https://mantoproducoes.com.br/wp-content/uploads/2025/07/LiloStitch-043-scaled.jpg, https://mantoproducoes.com.br/wp-content/uploads/2025/07/LiloStitch-038-scaled.jpg, https://mantoproducoes.com.br/wp-content/uploads/2025/07/LiloStitch-035-scaled.jpg, https://mantoproducoes.com.br/wp-content/uploads/2025/07/LiloStitch-033-scaled.jpg",,,,,,,,,0,,0,default,default,default,default,default,,470,1,489,set,60
4153,simple,,,"Coco Chanel e Karl Lagerfeld",1,0,visible,"<p data-start=""0"" data-end=""489"">Dois dos maiores nomes da alta-costura ganham vida em uma apresentação que transborda elegância, atitude e sofisticação. Coco Chanel, com sua visão revolucionária e estilo eterno, se une ao vanguardismo criativo de Karl Lagerfeld em uma performance que homenageia a história da moda com presença marcante e figurinos deslumbrantes. Uma dupla perfeita para eventos fashion, corporativos e temáticos que buscam requinte e personalidade.</p>\n<p data-start=""491"" data-end=""492""></p>",,,,taxable,,1,,,0,0,,,,,0,,,,"Fashion, Performáticos, Social","alta costura, apresentação chique, coco chanel, desfile vivo, elegância, estilistas renomados, evento sofisticado, fashion, fashion show, impacto visual, karl lagerfeld, luxo, moda, personagens históricos, personagens icônicos",,"https://mantoproducoes.com.br/wp-content/uploads/2025/07/Captura-de-Tela-2025-07-02-as-13.13.30.png, https://mantoproducoes.com.br/wp-content/uploads/2025/07/Captura-de-Tela-2025-07-02-as-13.13.32.png, https://mantoproducoes.com.br/wp-content/uploads/2025/07/Captura-de-Tela-2025-07-02-as-13.13.34.png, https://mantoproducoes.com.br/wp-content/uploads/2025/07/Captura-de-Tela-2025-07-02-as-13.13.36.png, https://mantoproducoes.com.br/wp-content/uploads/2025/07/Captura-de-Tela-2025-07-02-as-13.13.38.png, https://mantoproducoes.com.br/wp-content/uploads/2025/07/Captura-de-Tela-2025-07-02-as-13.13.41.png, https://mantoproducoes.com.br/wp-content/uploads/2025/07/Captura-de-Tela-2025-07-02-as-13.13.45.png",,,,,,,,,0,,0,default,default,default,default,default,,642,1,99,set,60
4161,simple,,,"Terra do Nunca (Peter Pan)",1,0,visible,"Entre pó de fada, espadas e imaginação, a Terra do Nunca ganha vida com personagens inesquecíveis que encantam todas as idades! Do menino que se recusa a crescer até a fada travessa que brilha ao voar, essa atração é uma verdadeira viagem para um mundo onde tudo é possível. Aventuras com piratas, magia encantada e personagens cheios de carisma garantem emoção, fantasia e muita diversão em qualquer evento!",,,,taxable,,1,,,0,0,,,,,0,,,,Filmes/Séries,"aventura, capitão gancho, contos clássicos, evento infantil, fadas, fantasia, magia no palco, personagens de conto., personagens encantados, peter pan, piratas, sininho, teatro infantil, terra do nunca, universo mágico",,"https://mantoproducoes.com.br/wp-content/uploads/2025/07/IMG_7696-scaled.jpg, https://mantoproducoes.com.br/wp-content/uploads/2025/07/IMG_7769-scaled.jpg, https://mantoproducoes.com.br/wp-content/uploads/2025/07/IMG_7766-scaled.jpg, https://mantoproducoes.com.br/wp-content/uploads/2025/07/IMG_7755-scaled.jpg, https://mantoproducoes.com.br/wp-content/uploads/2025/07/IMG_7796-scaled.jpg, https://mantoproducoes.com.br/wp-content/uploads/2025/07/IMG_7801-scaled.jpg, https://mantoproducoes.com.br/wp-content/uploads/2025/07/IMG_7839-scaled.jpg, https://mantoproducoes.com.br/wp-content/uploads/2025/07/IMG_7822-scaled.jpg, https://mantoproducoes.com.br/wp-content/uploads/2025/07/IMG_7827-scaled.jpg",,,,,,,,,0,,0,default,default,default,default,default,,470,1,241,set,60
4172,simple,,,Jardim,1,0,visible,"Neste universo encantado, o jardim ganha vida com personagens cheios de personalidade: tem bicho-pau com atitude, formiguinha sapeca, caramujo tranquilo, grilo saltitante e uma abelhinha popstar! Cada um traz sua essência e diverte o público com coreografias, interações e figurinos vibrantes. Uma opção perfeita para eventos ao ar livre, festas infantis e espetáculos educativos que despertam o amor pela natureza! Graveto, Kelly Bee, Tiendi, Meleca e Gabi Grilo!",,,,taxable,,1,,,0,0,,,,,0,,,,"Animais, Jardim Mágico","abelha popstar, bicho pau, caramujo fofo, espetáculo infantil, evento educativo, fantasia, formiga divertida, gabi grilo, graveto, grilo animado, insetos encantados, jardim mágico, kelly bee, meleca, natureza divertida, personagens da natureza, personagens lúdicos, tiendi, universo infantil.",,"https://mantoproducoes.com.br/wp-content/uploads/2025/07/IMG_1180-scaled.jpg, https://mantoproducoes.com.br/wp-content/uploads/2025/07/IMG_1137-scaled.jpg, https://mantoproducoes.com.br/wp-content/uploads/2025/07/IMG_1170-scaled.jpg, https://mantoproducoes.com.br/wp-content/uploads/2025/07/e30aad3e-d934-4878-a47a-f12f167a6638.jpg, https://mantoproducoes.com.br/wp-content/uploads/2025/07/086b1f16-71d3-4ab5-b890-8aea65ef7d5c.jpg, https://mantoproducoes.com.br/wp-content/uploads/2025/07/2403047c-c748-4a36-aeb3-8d0f20bb53fe.jpg, https://mantoproducoes.com.br/wp-content/uploads/2025/07/IMG_3200-scaled.jpg",,,,,,,,,0,,0,default,default,default,default,default,,337,1,118,set,60
4180,simple,,,"Martha e Medeiros",1,0,visible,"Criados originalmente para a renomada estilista Martha Medeiros, esse casal encanta em qualquer ocasião. Com figurinos impecáveis, rendados e em tons de branco, eles trazem sofisticação, delicadeza e beleza em cada aparição. São perfeitos para casamentos, eventos de moda, festas refinadas e até chá revelação, graças à neutralidade elegante de seu visual. Uma presença que transforma qualquer ambiente em algo memorável.",,,,taxable,,1,,,0,0,,,,,0,,,,"Casais, Corporativos, Fashion, Performáticos, Social","alta costura, branco e renda, casal elegante, casamento temático, chá revelação, evento fashion, evento sofisticado, glamour, Martha Medeiros., moda e estilo, personagens de luxo, presença icônica",,"https://mantoproducoes.com.br/wp-content/uploads/2025/07/ee3afc62-b291-449f-ba79-5710e242f720.jpg, https://mantoproducoes.com.br/wp-content/uploads/2025/07/4da6c164-b921-4608-ad35-8138bca8bc5d.jpg, https://mantoproducoes.com.br/wp-content/uploads/2025/07/370fd2e3-5437-46d9-9e96-deb2144c0664.jpg, https://mantoproducoes.com.br/wp-content/uploads/2025/07/9ba56a11-676f-4e3f-921e-bb02ba652c75.jpg, https://mantoproducoes.com.br/wp-content/uploads/2025/07/c52b4e84-7a95-4f5b-b25e-bc0099d57fc0.jpg",,,,,,,,,0,,0,default,default,default,default,default,,154,1,268,set,60
4186,simple,,,"Edward Mãos de Tesoura",1,0,visible,"Diretamente dos filmes que marcaram gerações, Edward Mãos de Tesoura chega aos eventos trazendo sua essência melancólica, gentil e artisticamente única. Com visual fiel e presença impactante, ele encanta com seu jeito introspectivo e transforma qualquer aparição em uma verdadeira cena de cinema. Perfeito para eventos temáticos, festas de Halloween ou produções especiais com aquele toque de Tim Burton.",,,,taxable,,1,,,0,0,,,,,0,,,,"Filmes/Séries, Halloween","artístico, cinema, clássico cult, evento temático, fantasia sombria, halloween, introspectivo, nostalgia, personagens icônicos, presença cinematográfica., tim burton, visual dark",,"https://mantoproducoes.com.br/wp-content/uploads/2025/07/IMG_6717-scaled.jpeg, https://mantoproducoes.com.br/wp-content/uploads/2025/07/IMG_6729-scaled.jpeg, https://mantoproducoes.com.br/wp-content/uploads/2025/07/IMG_6725-scaled.jpeg, https://mantoproducoes.com.br/wp-content/uploads/2025/07/IMG_6709-scaled.jpeg, https://mantoproducoes.com.br/wp-content/uploads/2025/07/IMG_6698-scaled.jpeg, https://mantoproducoes.com.br/wp-content/uploads/2025/07/IMG_6688-scaled.jpeg",,,,,,,,,0,,0,default,default,default,default,default,,471,1,106,set,60
4193,simple,,,"Guardião da Chave",1,0,visible,"Com figurino luxuoso, dourado e cravejado de detalhes, o Guardião da Chave parece saído de um livro antigo de lendas encantadas. Ele guarda segredos, protege portais e impressiona com sua imponência silenciosa. Ideal para recepções, eventos glamorosos ou temáticas de fantasia, seu visual remete à nobreza de tempos esquecidos e à magia de mundos escondidos.",,,,taxable,,1,,,0,0,,,,,0,,,,Natal,"chave mística, evento temático, fantasia medieval, figurino rico, guardião mágico, luxo dourado, mitologia encantada., personagem de impacto, recepção teatral, surrealismo",,"https://mantoproducoes.com.br/wp-content/uploads/2025/07/cf17bc8c-fc8b-4db0-9dc8-ed432983a7f6.jpg, https://mantoproducoes.com.br/wp-content/uploads/2025/07/23f9c796-2246-4d6f-abea-e27cc444dea3.jpg, https://mantoproducoes.com.br/wp-content/uploads/2025/07/2dab4473-a749-4260-a58a-590220d2fb38.jpg, https://mantoproducoes.com.br/wp-content/uploads/2025/07/07605404-d2a5-4f5c-855f-b5032ca9df6d.jpg, https://mantoproducoes.com.br/wp-content/uploads/2025/07/61bf24ba-6af9-439c-9432-1cbd192e2414.jpg",,,,,,,,,0,,0,default,default,default,default,default,,220,1,103,set,60
4199,simple,,,"Comédia e Tragédia",1,0,visible,"Inspirados nas máscaras clássicas do teatro grego, esse duo personifica as emoções mais profundas do palco: o riso e o choro, a leveza e o drama. Com figurinos em preto e branco e maquiagem expressiva, eles transformam qualquer evento em um verdadeiro espetáculo visual. Sofisticação, arte e presença cênica em um só ato.",,,,taxable,,1,,,0,0,,,,,0,,,,"Circo, Performáticos","arte performática, comédia e tragédia, duo expressivo., evento elegante, intervenções poéticas, mímica contemporânea, performance dramática, personagens conceituais, preto e branco, teatro clássico",,"https://mantoproducoes.com.br/wp-content/uploads/2025/07/Captura-de-Tela-2025-07-02-as-13.48.10.png, https://mantoproducoes.com.br/wp-content/uploads/2025/07/Captura-de-Tela-2025-07-02-as-13.48.32.png, https://mantoproducoes.com.br/wp-content/uploads/2025/07/Captura-de-Tela-2025-07-02-as-13.48.16.png",,,,,,,,,0,,0,default,default,default,default,default,,117,1,92,set,60
4203,simple,,,Scooby-Doo,1,0,visible,"<p data-start=""0"" data-end=""440"">Direto da Máquina do Mistério, chegam Fred, Daphne, Velma, Salsicha e o adorável (e atrapalhado) Scooby-Doo! Juntos, eles transformam qualquer ambiente em uma aventura cheia de enigmas, gargalhadas e claro… lanchinhos! Uma atração perfeita para todas as idades, com figurinos impecáveis e atuação divertida que conquista o público desde o primeiro “Scooby-dooby-doo!”.</p>\n<p data-start=""442"" data-end=""443""></p>",,,,taxable,,1,,,0,0,,,,,0,,,,Filmes/Séries,"cosplay perfeito, desenho animado, evento temático, interação divertida, nostalgia anos 2000, personagens clássicos, scooby doo, show infantil, turma do barulho., turma do mistério",,"https://mantoproducoes.com.br/wp-content/uploads/2025/07/IMG_4853-scaled.jpg, https://mantoproducoes.com.br/wp-content/uploads/2025/07/69f6ff88-09bf-49dd-9e61-5990f9377c57.jpg, https://mantoproducoes.com.br/wp-content/uploads/2025/07/IMG_4844-scaled.jpg, https://mantoproducoes.com.br/wp-content/uploads/2025/07/IMG_5464-scaled.jpg, https://mantoproducoes.com.br/wp-content/uploads/2025/07/IMG_7961.jpg",,,,,,,,,0,,0,default,default,default,default,default,,105,1,136,set,60
4209,simple,,,"Blue Magic Forest",1,0,visible,,,,,taxable,,1,,,0,0,,,,,0,,,,"Fantasia, Flores, Jardim Mágico, Performáticos","azul luminoso., blue magic, criaturas etéreas, espetáculo encantado, evento premium, fantasia surreal, floresta mágica, performance artística, personagens místicos, show visual",,"https://mantoproducoes.com.br/wp-content/uploads/2025/07/Captura-de-Tela-2025-07-02-as-14.09.55.png, https://mantoproducoes.com.br/wp-content/uploads/2025/07/Captura-de-Tela-2025-07-02-as-14.10.06.png, https://mantoproducoes.com.br/wp-content/uploads/2025/07/Captura-de-Tela-2025-07-02-as-14.10.01.png, https://mantoproducoes.com.br/wp-content/uploads/2025/07/Captura-de-Tela-2025-07-02-as-14.09.59.png, https://mantoproducoes.com.br/wp-content/uploads/2025/07/Captura-de-Tela-2025-07-02-as-14.09.57.png",,,,,,,,,0,,0,default,default,default,default,default,,664,1,206,set,60
4488,simple,,,"Sereias Brilhantes",1,0,visible,"<p data-start=""0"" data-end=""371"">Mergulhe no fundo do mar e descubra o encanto das <strong data-start=""67"" data-end=""89"">Sereias Brilhantes</strong>! Com caudas reluzentes, cabelos cintilantes e um toque de magia, elas transformam qualquer evento em um espetáculo inesquecível. Uma experiência mágica, cheia de cores, luzes e mistério, que encanta crianças e adultos, trazendo a beleza e o encanto dos oceanos para a superfície.</p>\n<p data-start=""373"" data-end=""533"" data-is-last-node="""" data-is-only-node=""""></p>",,,,taxable,,1,,,0,0,,,,,0,,,,"Fantasia, Fundo do Mar, Performáticos","brilho, encantamento, espetáculo, evento mágico, fantasia, fundo do mar, magia, manto produções, oceanos, personagens, sereias, sereias brilhantes",,"https://mantoproducoes.com.br/wp-content/uploads/2025/08/IMG_0358-scaled.jpg, https://mantoproducoes.com.br/wp-content/uploads/2025/08/IMG_0353-scaled.jpg, https://mantoproducoes.com.br/wp-content/uploads/2025/08/IMG_0350-scaled.jpg, https://mantoproducoes.com.br/wp-content/uploads/2025/08/IMG_0344-scaled.jpg, https://mantoproducoes.com.br/wp-content/uploads/2025/08/IMG_0333-scaled.jpg, https://mantoproducoes.com.br/wp-content/uploads/2025/08/IMG_0331-scaled.jpg, https://mantoproducoes.com.br/wp-content/uploads/2025/08/IMG_0327-scaled.jpg, https://mantoproducoes.com.br/wp-content/uploads/2025/08/IMG_0315-scaled.jpg, https://mantoproducoes.com.br/wp-content/uploads/2025/08/IMG_0312-scaled.jpg, https://mantoproducoes.com.br/wp-content/uploads/2025/08/IMG_0303-scaled.jpg, https://mantoproducoes.com.br/wp-content/uploads/2025/08/IMG_0297-scaled.jpg",,,,,,,,,0,,0,default,default,default,default,default,,724,1,368,set,60
4489,simple,,,"Harry Potter",1,0,visible,"<p data-start=""0"" data-end=""415"">Entre feitiços, vassouras voadoras e criaturas mágicas, o universo de <strong data-start=""87"" data-end=""103"">Harry Potter</strong> ganha vida! Cada personagem, de Harry a Hermione, de Dumbledore a Voldemort, carrega consigo uma história única e fascinante, pronta para encantar crianças e adultos. Uma experiência imersiva que mistura mistério, magia e muita aventura — perfeita para transformar qualquer evento em um verdadeiro espetáculo.</p>\n<p data-start=""417"" data-end=""588"" data-is-last-node="""" data-is-only-node=""""></p>",,,,taxable,,1,,,0,0,,,,,0,,,,"Fantasia, Filmes/Séries, Halloween","aventura, bruxos, dumbledore, encantamento, espetáculo, fantasia, harry potter, hermione, hogwarts, magia, manto produções, personagens, ron weasley, voldemort",,"https://mantoproducoes.com.br/wp-content/uploads/2025/08/CindyHarry-038-scaled.jpg, https://mantoproducoes.com.br/wp-content/uploads/2025/08/CindyHarry-038-scaled.jpg, https://mantoproducoes.com.br/wp-content/uploads/2025/08/CindyHarry-039-scaled.jpg, https://mantoproducoes.com.br/wp-content/uploads/2025/08/CindyHarry-043-scaled.jpg, https://mantoproducoes.com.br/wp-content/uploads/2025/08/CindyHarry-046-scaled.jpg, https://mantoproducoes.com.br/wp-content/uploads/2025/08/CindyHarry-048-scaled.jpg, https://mantoproducoes.com.br/wp-content/uploads/2025/08/IMG_4621-scaled.jpg",,,,,,,,,0,,0,default,default,default,default,default,,471,1,269,set,60
4514,simple,,,"Urso Coca-Cola",1,0,visible,"Diretamente do Polo Norte, o icônico <strong data-start=""54"" data-end=""75"">Urso da Coca-Cola</strong> traz todo o encanto natalino com sua fofura irresistível e seu carisma inconfundível! Com um toque mágico e acolhedor, ele transforma qualquer evento em uma experiência inesquecível, espalhando alegria, aconchego e o verdadeiro espírito do Natal.",,,,taxable,,1,,,0,0,,,,,0,,,,"Animais, Corporativos, Natal","coca cola, encanto, evento natalino, fofura, magia, manto produções, natal, natal mágico, personagens, urso, urso da coca cola",,"https://mantoproducoes.com.br/wp-content/uploads/2025/08/Urso-Coca-COla1.png, https://mantoproducoes.com.br/wp-content/uploads/2025/08/Urso-Coca-COla2.png, https://mantoproducoes.com.br/wp-content/uploads/2025/08/Urso-Coca-COla3.png",,,,,,,,,0,,0,default,default,default,default,default,,337,1,131,set,60
4515,simple,,,"Casal Cassino",1,0,visible,"<p data-start=""0"" data-end=""358"">Com muito charme e glamour, o <strong data-start=""47"" data-end=""64"">Casal Cassino</strong> traz a atmosfera dos grandes jogos de Las Vegas para qualquer evento! Vestidos com figurinos sofisticados e cheios de brilho, eles convidam todos a viver uma experiência única, repleta de diversão, magia e mistério. Perfeitos para transformar qualquer celebração em um verdadeiro espetáculo!</p>\n<p data-start=""360"" data-end=""503"" data-is-last-node="""" data-is-only-node=""""></p>",,,,taxable,,1,,,0,0,,,,,0,,,,"Casais, Corporativos, Performáticos, Social","brilho, casal cassino, cassino, diversão, evento mágico, festa temática, glamour, luxo, manto produções, personagens, show, vegas",,"https://mantoproducoes.com.br/wp-content/uploads/2025/08/PHOTO-2023-06-27-00-57-43.jpg, https://mantoproducoes.com.br/wp-content/uploads/2025/08/PHOTO-2023-06-27-00-57-41.jpg, https://mantoproducoes.com.br/wp-content/uploads/2025/08/PHOTO-2023-06-27-00-57-42.jpg, https://mantoproducoes.com.br/wp-content/uploads/2025/08/PHOTO-2023-06-27-00-57-47.jpg, https://mantoproducoes.com.br/wp-content/uploads/2025/08/PHOTO-2023-06-27-00-57-48.jpg",,,,,,,,,0,,0,default,default,default,default,default,,154,1,178,set,60
4523,simple,,,ABBA,1,0,visible,"Prepare-se para uma explosão de nostalgia, brilho e muita música! O <strong data-start=""85"" data-end=""93"">ABBA</strong> chega com figurinos icônicos, cheios de glamour e energia, trazendo todo o clima da era disco para o seu evento. Uma performance contagiante, com hits inesquecíveis e um visual deslumbrante que transforma qualquer festa em um verdadeiro espetáculo.",,,,taxable,,1,,,0,0,,,,,0,,,,"Cantoras, Performáticos","abba, anos 70, brilho, disco, espetáculo, festa temática, glamour, música, nostalgia, personagens, show",,"https://mantoproducoes.com.br/wp-content/uploads/2025/08/d946cdfa-6085-48a8-9bb2-daed6ad76f44.jpg, https://mantoproducoes.com.br/wp-content/uploads/2025/08/df525468-5f69-4ff1-80ed-d994b3da369d.jpg, https://mantoproducoes.com.br/wp-content/uploads/2025/08/0fb9e13f-9cef-4aef-9a23-bfb8b0c32057.jpg, https://mantoproducoes.com.br/wp-content/uploads/2025/08/3a4e9743-f3e5-4e2e-9d2e-1012106be877.jpg, https://mantoproducoes.com.br/wp-content/uploads/2025/08/9b5839b7-4cc5-47c5-8b0f-9ac1d76e511e.jpg, https://mantoproducoes.com.br/wp-content/uploads/2025/08/21c24506-2f88-447f-aa1d-791373633a1b.jpg, https://mantoproducoes.com.br/wp-content/uploads/2025/08/34c819c9-333b-49aa-82ae-f1bba0a0c129.jpg, https://mantoproducoes.com.br/wp-content/uploads/2025/08/216f344e-89a7-434f-acce-fd063431621a.jpg, https://mantoproducoes.com.br/wp-content/uploads/2025/08/247a9ceb-2eb2-41aa-83fd-f20ca00563b4.jpg, https://mantoproducoes.com.br/wp-content/uploads/2025/08/248cb3c7-737c-4282-853d-1ba6b9521b68.jpg",,,,,,,,,0,,0,default,default,default,default,default,,43,1,280,set,60
4534,simple,,,"Fera (Filme)",1,0,visible,"A <strong data-start=""19"" data-end=""27"">Fera</strong>, em sua versão inspirada no filme live-action, chega com um visual <strong data-start=""95"" data-end=""114"">meio humanizado</strong>, mantendo o charme clássico e a imponência do personagem. Ideal para <strong data-start=""184"" data-end=""205"">festas de 15 anos</strong> e eventos elegantes, o traje detalhado, rico em texturas e cores, traz um ar mágico e sofisticado, criando um clima digno de contos de fadas.",,,,taxable,,1,,,0,0,,,,,0,,,,"15 Anos, Princesas","a bela e a fera, conto de fadas, disney, encanto, fantasia, fera, festa de 15 anos, luxo, magia, manto produções, personagem humanizado",,"https://mantoproducoes.com.br/wp-content/uploads/2025/08/Captura-de-Tela-2025-08-25-as-11.42.41.png, https://mantoproducoes.com.br/wp-content/uploads/2025/08/Captura-de-Tela-2025-08-25-as-11.42.56.png, https://mantoproducoes.com.br/wp-content/uploads/2025/08/Captura-de-Tela-2025-08-25-as-11.42.53.png, https://mantoproducoes.com.br/wp-content/uploads/2025/08/Captura-de-Tela-2025-08-25-as-11.42.47.png, https://mantoproducoes.com.br/wp-content/uploads/2025/08/Captura-de-Tela-2025-08-25-as-11.42.44.png",,,,,,,,,0,,0,default,default,default,default,default,,747,1,94,set,60
4540,simple,,,"Cinderella (Desenho)",1,0,visible,"<p data-start=""0"" data-end=""187"">Um conto de magia, sonhos e encanto. Cinderella traz a beleza dos clássicos para a vida real, com sua aura elegante e um toque de fantasia que encanta todas as idades.</p>\n<p data-start=""189"" data-end=""316"" data-is-last-node="""" data-is-only-node=""""></p>",,,,taxable,,1,,,0,0,,,,,0,,,,Princesas,"cinderella, clássicos disney, contos de fadas, encanto, espetáculo, fantasia, magia, manto produções, princesas",,"https://mantoproducoes.com.br/wp-content/uploads/2025/08/Princesas-037-scaled-e1781107823335.jpg, https://mantoproducoes.com.br/wp-content/uploads/2025/08/Princesas-030-scaled.jpg, https://mantoproducoes.com.br/wp-content/uploads/2025/08/PrincesasVotorantim-47-scaled.jpg, https://mantoproducoes.com.br/wp-content/uploads/2025/08/Princesas-032-scaled.jpg, https://mantoproducoes.com.br/wp-content/uploads/2025/08/Princesas-043-scaled.jpg, https://mantoproducoes.com.br/wp-content/uploads/2025/08/CINDERELLA-10-scaled.jpg, https://mantoproducoes.com.br/wp-content/uploads/2025/08/CINDERELLA-07-scaled.jpg, https://mantoproducoes.com.br/wp-content/uploads/2025/08/CINDERELLA-11-scaled.jpg, https://mantoproducoes.com.br/wp-content/uploads/2025/08/CINDERELLA-12-scaled.jpg",,,,,,,,,0,,0,default,default,default,default,default,,39,1,440,set,60
4550,simple,,,Moana,1,0,visible,"Aventureira, destemida e cheia de vida! Moana traz a energia dos mares, a força da natureza e o espírito de liberdade. Um convite para navegar por histórias mágicas e inesquecíveis.",,,,taxable,,1,,,0,0,,,,,0,,,,Princesas,"aventura, disney, espetáculo, heroína, magia, manto produções, moana, oceano, personagens, polinésia",,"https://mantoproducoes.com.br/wp-content/uploads/2025/08/Captura-de-Tela-2025-08-25-as-11.52.42.png, https://mantoproducoes.com.br/wp-content/uploads/2025/08/Captura-de-Tela-2025-08-25-as-11.52.54.png, https://mantoproducoes.com.br/wp-content/uploads/2025/08/Captura-de-Tela-2025-08-25-as-11.52.37.png, https://mantoproducoes.com.br/wp-content/uploads/2025/08/Captura-de-Tela-2025-08-25-as-11.52.35.png, https://mantoproducoes.com.br/wp-content/uploads/2025/08/Captura-de-Tela-2025-08-25-as-11.52.30.png",,,,,,,,,0,,0,default,default,default,default,default,,39,1,546,set,60
4556,simple,,,Tiana,1,0,visible,"Elegante, determinada e cheia de sonhos, Tiana encanta com sua história de coragem e superação. Uma princesa que mistura magia, música e muito charme, levando todos a um universo de fantasia e inspiração.",,,,taxable,,1,,,0,0,,,,,0,,,,Princesas,"contos de fadas, disney, encanto, magia, manto produções, musical, nova orleans, personagens, princesa, tiana",,"https://mantoproducoes.com.br/wp-content/uploads/2025/08/763B04CB-2076-4DE3-A2BB-3D220AFC5108.jpg, https://mantoproducoes.com.br/wp-content/uploads/2025/08/90A22EAB-11F4-4FEE-87D9-C81EDEAD009A.jpg, https://mantoproducoes.com.br/wp-content/uploads/2025/08/Princesas-Votorantim-50-scaled.jpg, https://mantoproducoes.com.br/wp-content/uploads/2025/08/Princesas-Votorantim-51-scaled.jpg",,,,,,,,,0,,0,default,default,default,default,default,,39,1,161,set,60
4561,simple,,,"Cinderella (Filme Live Action)",1,0,visible,"A versão live action de <em data-start=""42"" data-end=""54"">Cinderella</em> traz ainda mais magia e deslumbramento à clássica história que todos amam. Com figurinos impecáveis, cenários encantadores e uma atmosfera de conto de fadas, essa representação envolve todos em um universo de beleza, emoção e sonhos realizados.",,,,taxable,,1,,,0,0,,,,,0,,,,"15 Anos, Princesas","baile real, cinderella, conto de fadas, disney, encanto, live action, magia, manto produções, personagens, princesa, vestido azul",,"https://mantoproducoes.com.br/wp-content/uploads/2025/08/8985ec86-ec40-4efd-a9b2-c1b1ffec248c.jpg, https://mantoproducoes.com.br/wp-content/uploads/2025/08/84bcc8f4-9f3b-4f19-acc6-7e3c7f2c30c8.jpg, https://mantoproducoes.com.br/wp-content/uploads/2025/08/8985ec86-ec40-4efd-a9b2-c1b1ffec248c.jpg, https://mantoproducoes.com.br/wp-content/uploads/2025/08/76eb1851-9501-4903-b37b-6881f686f5a0.jpg, https://mantoproducoes.com.br/wp-content/uploads/2025/08/2e1bb9c0-8b6f-41d3-b8d5-32e34d0d0992.jpg, https://mantoproducoes.com.br/wp-content/uploads/2025/08/4acf45e7-7275-4917-b891-15ebf4478e7e.jpg, https://mantoproducoes.com.br/wp-content/uploads/2025/08/61a27410-62a2-4f0c-b4f7-aa2a00a7d89e.jpg, https://mantoproducoes.com.br/wp-content/uploads/2025/08/513be4f4-fe59-4845-bd86-44793c47d06f.jpg",,,,,,,,,0,,0,default,default,default,default,default,,39,1,396,set,60
4569,simple,,,Pocahontas,1,0,visible,"<p data-start=""0"" data-end=""347"">Pocahontas encanta com sua força, coragem e conexão com a natureza. Uma princesa que vai além dos contos de fadas, trazendo uma atmosfera mágica repleta de cores, liberdade e aventura. Com figurinos exuberantes e uma presença marcante, ela transforma qualquer evento em uma verdadeira celebração da cultura e da beleza natural.</p>\n<p data-start=""349"" data-end=""468"" data-is-last-node="""" data-is-only-node=""""></p>",,,,taxable,,1,,,0,0,,,,,0,,,,Princesas,"aventura, disney, encanto, liberdade, magia, manto produções, natureza, personagens, pocahontas, princesa",,"https://mantoproducoes.com.br/wp-content/uploads/2025/08/Captura-de-Tela-2025-08-25-as-12.57.50.png, https://mantoproducoes.com.br/wp-content/uploads/2025/08/Captura-de-Tela-2025-08-25-as-12.57.57.png, https://mantoproducoes.com.br/wp-content/uploads/2025/08/Captura-de-Tela-2025-08-25-as-12.57.56.png, https://mantoproducoes.com.br/wp-content/uploads/2025/08/Captura-de-Tela-2025-08-25-as-12.57.54.png, https://mantoproducoes.com.br/wp-content/uploads/2025/08/Captura-de-Tela-2025-08-25-as-12.58.01.png, https://mantoproducoes.com.br/wp-content/uploads/2025/08/Captura-de-Tela-2025-08-25-as-12.58.03.png",,,,,,,,,0,,0,default,default,default,default,default,,39,1,106,set,60
4576,simple,,,"Princesa Elena de Avalor",1,0,visible,"A Princesa Elena de Avalor traz um toque vibrante e cheio de vida, com figurinos coloridos, música envolvente e uma energia contagiante. Uma personagem carismática e forte, que encanta crianças e adultos com sua coragem, determinação e a magia de Avalor. Ideal para criar momentos inesquecíveis e cheios de fantasia.",,,,taxable,,1,,,0,0,,,,,0,,,,Princesas,"avalor, disney, diversão, encanto, fantasia, festa infantil., magia, manto produções, personagens, princesa elena",,"https://mantoproducoes.com.br/wp-content/uploads/2025/08/0f210907-0050-4a34-9ec7-e8ba827bf8d6.jpg, https://mantoproducoes.com.br/wp-content/uploads/2025/08/3dd03f37-6fb4-43d8-88c6-c5c361dd7c53.jpg, https://mantoproducoes.com.br/wp-content/uploads/2025/08/243b6dae-5e17-45e8-8a18-c09f97826b7e.jpg, https://mantoproducoes.com.br/wp-content/uploads/2025/08/d3c01e0e-b786-4d30-914a-dab1a33ed8a4.jpg, https://mantoproducoes.com.br/wp-content/uploads/2025/08/f71a62f8-127a-4a44-aede-e3ac2b11b644.jpg, https://mantoproducoes.com.br/wp-content/uploads/2025/08/3fb210cd-0b50-45b7-87d9-33b6aed428ed.jpg",,,,,,,,,0,,0,default,default,default,default,default,,39,1,93,set,60
4583,simple,,,"Princesa Raya",1,0,visible,"A Guerreira Princesa Raya é forte, destemida e cheia de atitude! Inspirada no reino de Kumandra, ela carrega consigo um visual deslumbrante e uma aura de coragem. Com sua espada mágica e figurino detalhado, Raya encanta crianças e adultos, trazendo para qualquer evento uma atmosfera de aventura, magia e empoderamento.",,,,taxable,,1,,,0,0,,,,,0,,,,Princesas,"aventura, disney, fantasia, festa infantil., guerreira, kumandra, magia, manto produções, personagens, princesa raya",,"https://mantoproducoes.com.br/wp-content/uploads/2025/08/Captura-de-Tela-2025-08-25-as-13.02.09.png, https://mantoproducoes.com.br/wp-content/uploads/2025/08/Captura-de-Tela-2025-08-25-as-13.02.17.png, https://mantoproducoes.com.br/wp-content/uploads/2025/08/Captura-de-Tela-2025-08-25-as-13.02.13.png, https://mantoproducoes.com.br/wp-content/uploads/2025/08/Captura-de-Tela-2025-08-25-as-13.02.11.png",,,,,,,,,0,,0,default,default,default,default,default,,39,1,91,set,60
4589,simple,,,"Princesas do Rock",1,0,visible,"As Princesas do Rock são cheias de atitude, brilho e poder! Com figurinos modernos, guitarras, muito glitter e energia contagiante, elas transformam qualquer evento em um verdadeiro show. A mistura perfeita entre o encanto das princesas e a rebeldia do rock, criando uma experiência mágica, divertida e inesquecível para todas as idades.",,,,taxable,,1,,,0,0,,,,,0,,,,"Halloween, Princesas","disney, espetáculo, festa infantil., glitter, magia, manto produções, música, personagens, princesas do rock, show",,"https://mantoproducoes.com.br/wp-content/uploads/2025/08/Captura-de-Tela-2025-08-26-as-09.39.19.png, https://mantoproducoes.com.br/wp-content/uploads/2025/08/Captura-de-Tela-2025-08-26-as-09.39.25.png, https://mantoproducoes.com.br/wp-content/uploads/2025/08/Captura-de-Tela-2025-08-26-as-09.39.32.png, https://mantoproducoes.com.br/wp-content/uploads/2025/08/Captura-de-Tela-2025-08-26-as-09.39.30.png, https://mantoproducoes.com.br/wp-content/uploads/2025/08/Captura-de-Tela-2025-08-26-as-09.39.27.png, https://mantoproducoes.com.br/wp-content/uploads/2025/08/Captura-de-Tela-2025-08-26-as-09.39.34.png, https://mantoproducoes.com.br/wp-content/uploads/2025/08/Captura-de-Tela-2025-08-26-as-09.39.35.png, https://mantoproducoes.com.br/wp-content/uploads/2025/08/Captura-de-Tela-2025-08-26-as-09.39.19.png, https://mantoproducoes.com.br/wp-content/uploads/2025/08/Captura-de-Tela-2025-08-26-as-09.39.37.png",,,,,,,,,0,,0,default,default,default,default,default,,39,1,93,set,60
4598,simple,,,Merida,1,0,visible,"Merida é uma princesa corajosa, destemida e cheia de personalidade. Com seus cabelos ruivos e encaracolados, seu arco e flecha sempre prontos e um espírito livre, ela inspira aventuras e liberdade. Perfeita para eventos que celebram a força, a determinação e a magia de criar o próprio destino.",,,,taxable,,1,,,0,0,,,,,0,,,,Princesas,"disney, espetáculo, festa infantil., magia, manto produções, merida, personagens, princesa, show, valente",,"https://mantoproducoes.com.br/wp-content/uploads/2025/08/Princesas-079-scaled.jpg, https://mantoproducoes.com.br/wp-content/uploads/2025/08/Princesas-082-scaled.jpg, https://mantoproducoes.com.br/wp-content/uploads/2025/08/Princesas-081-scaled.jpg, https://mantoproducoes.com.br/wp-content/uploads/2025/08/Princesas-084-scaled.jpg, https://mantoproducoes.com.br/wp-content/uploads/2025/08/Princesas-088-scaled.jpg",,,,,,,,,0,,0,default,default,default,default,default,,39,1,89,set,60
4604,simple,,,"A Bela e a Fera (Live Action)",1,0,visible,"""A Bela e a Fera"" (live action) traz à vida a clássica história de amor de forma deslumbrante e mágica. Com figurinos sofisticados, cenários grandiosos e personagens icônicos, essa versão encanta com uma atmosfera romântica e elegante, perfeita para criar momentos inesquecíveis e experiências imersivas.",,,,taxable,,1,,,0,0,,,,,0,,,,"15 Anos, Princesas","bela e a fera, contos de fadas, disney, espetáculo, festa infantil., live action, magia, manto produções, personagens, show",,"https://mantoproducoes.com.br/wp-content/uploads/2025/08/Captura-de-Tela-2025-08-26-as-09.47.13.png, https://mantoproducoes.com.br/wp-content/uploads/2025/08/Captura-de-Tela-2025-08-26-as-09.47.18.png, https://mantoproducoes.com.br/wp-content/uploads/2025/08/Captura-de-Tela-2025-08-26-as-09.47.22.png, https://mantoproducoes.com.br/wp-content/uploads/2025/08/Captura-de-Tela-2025-08-26-as-09.47.27.png, https://mantoproducoes.com.br/wp-content/uploads/2025/08/Captura-de-Tela-2025-08-26-as-09.47.30.png, https://mantoproducoes.com.br/wp-content/uploads/2025/08/Captura-de-Tela-2025-08-26-as-09.47.32.png, https://mantoproducoes.com.br/wp-content/uploads/2025/08/Captura-de-Tela-2025-08-26-as-09.47.40.png",,,,,,,,,0,,0,default,default,default,default,default,,39,1,480,set,60
4612,simple,,,"Princesa Sofia",1,0,visible,"<p data-start=""0"" data-end=""278"">Princesa Sofia encanta com sua doçura, coragem e espírito aventureiro. Com sua icônica tiara, vestido roxo e magia envolvente, ela leva crianças a um reino cheio de aprendizados, diversão e fantasia, tornando qualquer evento ainda mais especial e encantador.</p>\n<p data-start=""280"" data-end=""417"" data-is-last-node="""" data-is-only-node=""""></p>",,,,taxable,,1,,,0,0,,,,,0,,,,Princesas,"contos de fadas, disney, encantamento, festa infantil., magia, manto produções, personagens, princesa sofia, realeza, show",,"https://mantoproducoes.com.br/wp-content/uploads/2025/08/00611072-e6e7-4c88-a05c-26a80cfe936f.jpg, https://mantoproducoes.com.br/wp-content/uploads/2025/08/6888b445-e8d8-40bd-90ec-70fa8f7736f8.jpg, https://mantoproducoes.com.br/wp-content/uploads/2025/08/547fe83d-9271-400b-bfee-d04ecea7513c.jpg, https://mantoproducoes.com.br/wp-content/uploads/2025/08/7a3682e5-5ec2-4a45-8a28-fa0de9684189.jpg",,,,,,,,,0,,0,default,default,default,default,default,,39,1,151,set,60
4618,simple,,,"Turma Disney - Realeza",1,0,visible,"A Turma do Mickey Realeza traz um toque especial de magia e sofisticação! Com figurinos luxuosos, coroas e muito brilho, Mickey, Minnie, Pato Donald, Margarida e Pluto se transformam em verdadeiros membros da realeza, prontos para criar um espetáculo único, encantando crianças e adultos com um show cheio de encanto e emoção.",,,,taxable,,1,,,0,0,,,,,0,,,,"Princesas, Turma Disney","contos de fadas, disney, donald, festa infantil., magia, manto produções, margarida, mickey, minnie, personagens, pluto, show, turma do mickey realeza",,"https://mantoproducoes.com.br/wp-content/uploads/2025/08/IMG_4948.jpg, https://mantoproducoes.com.br/wp-content/uploads/2025/08/IMG_4947.jpg, https://mantoproducoes.com.br/wp-content/uploads/2025/08/Captura-de-Tela-2025-08-26-as-09.51.22.png",,,,,,,,,0,,0,default,default,default,default,default,,59,1,232,set,60
4622,simple,,,"Brinquedo Boneca Princesa",1,0,visible,"A Boneca Princesa é um encanto vivo! Com um figurino delicado, cheio de detalhes e brilho, ela transmite toda a magia dos contos de fadas em uma única personagem. Ideal para festas, recepções, eventos temáticos e momentos especiais, ela encanta crianças e adultos com sua presença charmosa e envolvente.",,,,taxable,,1,,,0,0,,,,,0,,,,"Natal, Princesas","boneca princesa, brinquedo vivo, contos de fadas, encanto, festa infantil., magia, manto produções, personagem, realeza, recepção, show",,"https://mantoproducoes.com.br/wp-content/uploads/2025/08/Captura-de-Tela-2025-08-26-as-09.54.25.png, https://mantoproducoes.com.br/wp-content/uploads/2025/08/Captura-de-Tela-2025-08-26-as-09.54.34.png, https://mantoproducoes.com.br/wp-content/uploads/2025/08/Captura-de-Tela-2025-08-26-as-09.54.32.png, https://mantoproducoes.com.br/wp-content/uploads/2025/08/Captura-de-Tela-2025-08-26-as-09.54.30.png, https://mantoproducoes.com.br/wp-content/uploads/2025/08/Captura-de-Tela-2025-08-26-as-09.54.29.png, https://mantoproducoes.com.br/wp-content/uploads/2025/08/Captura-de-Tela-2025-08-26-as-09.54.28.png, https://mantoproducoes.com.br/wp-content/uploads/2025/08/Captura-de-Tela-2025-08-26-as-09.54.26.png",,,,,,,,,0,,0,default,default,default,default,default,,39,1,126,set,60
4630,simple,,,"Aurora (A Bela Adormecida)",1,0,visible,"Aurora, a icônica Bela Adormecida, traz todo o encanto dos contos de fadas com sua beleza delicada, vestido deslumbrante e aura mágica. Uma personagem perfeita para eventos inesquecíveis, criando momentos cheios de magia, encanto e sonhos realizados.",,,,taxable,,1,,,0,0,,,,,0,,,,Princesas,"aurora, bela adormecida, contos de fadas, encanto, festa infantil., magia, manto produções, personagem, princesa, realeza, recepção, show",,"https://mantoproducoes.com.br/wp-content/uploads/2025/08/Princesas-045-scaled.jpg, https://mantoproducoes.com.br/wp-content/uploads/2025/08/Princesas-049-scaled.jpg, https://mantoproducoes.com.br/wp-content/uploads/2025/08/Princesas-048-scaled.jpg, https://mantoproducoes.com.br/wp-content/uploads/2025/08/Princesas-047-scaled.jpg, https://mantoproducoes.com.br/wp-content/uploads/2025/08/Princesas-054-scaled.jpg",,,,,,,,,0,,0,default,default,default,default,default,,39,1,244,set,60
4636,simple,,,"Branca de Neve e os 7 Anões",1,0,visible,"Branca de Neve encanta com sua doçura, pureza e carisma, trazendo a magia clássica dos contos de fadas. Ao lado dos 7 Anões, essa experiência ganha vida com muita alegria, música e momentos inesquecíveis que transportam todos para um reino encantado.",,,,taxable,,1,,,0,0,,,,,0,,,,Princesas,"branca de neve, contos de fadas, encanto, magia, manto produções, personagens, princesa, realeza, sete anões, show infantil",,"https://mantoproducoes.com.br/wp-content/uploads/2025/08/Princesas-068-scaled.jpg, https://mantoproducoes.com.br/wp-content/uploads/2025/08/808302a8-98ca-4b47-840c-7e3a64177c15.jpg, https://mantoproducoes.com.br/wp-content/uploads/2025/08/3261b6d2-5a27-43a8-9016-f4ce184a3fb7.jpg, https://mantoproducoes.com.br/wp-content/uploads/2025/08/f5df555b-939b-4e57-907e-59f14bab2d02.jpg, https://mantoproducoes.com.br/wp-content/uploads/2025/08/38505d1e-d5d0-49e0-9e82-c4f6d7554fe2.jpg, https://mantoproducoes.com.br/wp-content/uploads/2025/08/b701563b-19e2-4bb1-a5dc-c2b9e446e050.jpg, https://mantoproducoes.com.br/wp-content/uploads/2025/08/48dfe8c6-26ac-4f48-9cf7-76c14c914cd4.jpg, https://mantoproducoes.com.br/wp-content/uploads/2025/08/7d071bea-6d92-4f77-9295-0a9beee4e9c6.jpg, https://mantoproducoes.com.br/wp-content/uploads/2025/08/3d255b52-d56c-46c2-a45d-662dc8d0f7d4.jpg, https://mantoproducoes.com.br/wp-content/uploads/2025/08/Princesas-063-scaled.jpg, https://mantoproducoes.com.br/wp-content/uploads/2025/08/Princesas-070-scaled.jpg",,,,,,,,,0,,0,default,default,default,default,default,,39,1,477,set,60
4648,simple,,,"Rapunzel (Enrolados)",1,0,visible,"Rapunzel, com seus longos cabelos dourados e espírito aventureiro, traz todo o encanto e a magia do filme <em data-start=""124"" data-end=""135"">Enrolados</em>. Junto de Pascal e Flynn Rider, ela transforma qualquer evento em uma experiência inesquecível, repleta de música, diversão e emoção.",,,,taxable,,1,,,0,0,,,,,0,,,,Princesas,"aventura, contos de fadas, disney, enrolados, festa infantil., magia, manto produções, personagens, princesa, rapunzel",,"https://mantoproducoes.com.br/wp-content/uploads/2025/08/c0efbe63-b5b9-4c06-b394-d0f9b4645f7a.jpg, https://mantoproducoes.com.br/wp-content/uploads/2025/08/90895f2e-1f55-488c-ac33-43dd52ebd1fa.jpg, https://mantoproducoes.com.br/wp-content/uploads/2025/08/Rapunzel-12-scaled.jpg, https://mantoproducoes.com.br/wp-content/uploads/2025/08/8692ccd2-bbe2-43f7-a8b5-2d3c30964f11.jpg, https://mantoproducoes.com.br/wp-content/uploads/2025/08/a7c91b6c-1e95-4c85-a1e2-a321de67b531.jpg, https://mantoproducoes.com.br/wp-content/uploads/2025/08/3b62208e-3a26-426a-b136-2807357d6471.jpg, https://mantoproducoes.com.br/wp-content/uploads/2025/08/Rapunzel-25-scaled.jpg, https://mantoproducoes.com.br/wp-content/uploads/2025/08/Rapunzel-27-scaled.jpg",,,,,,,,,0,,0,default,default,default,default,default,,39,1,393,set,60
4657,simple,,,"Elsa (Frozen Fever)",1,0,visible,"<p data-start=""0"" data-end=""322"">Elsa surge em <em data-start=""32"" data-end=""46"">Frozen Fever</em> com um novo visual deslumbrante e uma energia ainda mais encantadora! Vestindo seu traje floral mágico, ela espalha beleza e alegria enquanto prepara uma celebração cheia de cores, neve e diversão. Uma versão especial da Rainha do Gelo para momentos únicos e inesquecíveis.</p>\n<p data-start=""324"" data-end=""452"" data-is-last-node="""" data-is-only-node=""""></p>",,,,taxable,,1,,,0,0,,,,,0,,,,Princesas,"disney, elsa, encanto, festa infantil., frozen, frozen fever, magia, manto produções, neve, personagens, princesa",,https://mantoproducoes.com.br/wp-content/uploads/2025/08/IMG_2633.jpg,,,,,,,,,0,,0,default,default,default,default,default,,39,1,688,set,60
4661,simple,,,"Frozen 2",1,0,visible,"Em <em data-start=""21"" data-end=""31"">Frozen 2</em>, Elsa embarca em uma jornada épica para descobrir a origem de seus poderes e salvar Arendelle. Com figurinos deslumbrantes, cenários mágicos e uma aura de aventura, essa versão traz uma atmosfera mais madura, emocionante e repleta de mistério, perfeita para quem ama encanto e fantasia.",,,,taxable,,1,,,0,0,,,,,0,,,,Princesas,"anna, aventura, disney, elsa, encanto, festa infantil., frozen, frozen 2, magia, manto produções, personagens",,"https://mantoproducoes.com.br/wp-content/uploads/2025/08/361ffdfc-6b06-4e25-9e67-2298276dccc2.jpg, https://mantoproducoes.com.br/wp-content/uploads/2025/08/a472f190-4dfd-4b22-99cd-7ec7a7211f8e.jpg, https://mantoproducoes.com.br/wp-content/uploads/2025/08/8b4bde34-9dbd-4774-8b7c-71aae1ad3a72.jpg, https://mantoproducoes.com.br/wp-content/uploads/2025/08/b0a6c67a-0486-431d-830d-dd6ebb8b3570.jpg, https://mantoproducoes.com.br/wp-content/uploads/2025/08/b2ec63d6-700c-4dfa-9615-b1eaa301cf7e.jpg, https://mantoproducoes.com.br/wp-content/uploads/2025/08/09a71e1b-f368-42e7-8369-742e44e7c789.jpg, https://mantoproducoes.com.br/wp-content/uploads/2025/08/c6146255-6a7e-412a-ac0b-a16ab8f4f1a8.jpg, https://mantoproducoes.com.br/wp-content/uploads/2025/08/IMG_3269-scaled.jpg",,,,,,,,,0,,0,default,default,default,default,default,,39,1,786,set,60
4670,simple,,,Frozen,1,0,visible,"Em <em data-start=""21"" data-end=""29"">Frozen</em>, conhecemos Elsa e Anna, duas irmãs que vivem uma história emocionante de amor, coragem e magia. Com cenários deslumbrantes, figurinos encantadores e músicas inesquecíveis, esse clássico moderno da Disney conquistou corações ao redor do mundo e traz todo o charme gelado de Arendelle para qualquer celebração.",,,,taxable,,1,,,0,0,,,,,0,,,,Princesas,"anna, disney, elsa, encanto, festa infantil., frozen, magia, manto produções, personagens, princesas",,"https://mantoproducoes.com.br/wp-content/uploads/2025/08/C1_03292-1-1-2-scaled.jpg, https://mantoproducoes.com.br/wp-content/uploads/2025/08/C1_03356-scaled.jpg, https://mantoproducoes.com.br/wp-content/uploads/2025/08/C1_03475-scaled.jpg, https://mantoproducoes.com.br/wp-content/uploads/2025/08/C1_03363-scaled.jpg, https://mantoproducoes.com.br/wp-content/uploads/2025/08/C1_03340-scaled.jpg, https://mantoproducoes.com.br/wp-content/uploads/2025/08/C1_03428-scaled.jpg, https://mantoproducoes.com.br/wp-content/uploads/2025/08/C1_03424-scaled.jpg, https://mantoproducoes.com.br/wp-content/uploads/2025/08/C1_03394-scaled.jpg, https://mantoproducoes.com.br/wp-content/uploads/2025/08/Frozen-092-scaled.jpg, https://mantoproducoes.com.br/wp-content/uploads/2025/08/Frozen-097-scaled.jpg, https://mantoproducoes.com.br/wp-content/uploads/2025/08/Frozen-107-scaled.jpg, https://mantoproducoes.com.br/wp-content/uploads/2025/08/Frozen-118-scaled.jpg, https://mantoproducoes.com.br/wp-content/uploads/2025/08/Frozen-121-scaled.jpg, https://mantoproducoes.com.br/wp-content/uploads/2025/08/cf995faa-dfbc-4cf3-bdd9-1bbdb8e59972.jpg, https://mantoproducoes.com.br/wp-content/uploads/2025/08/51580bd7-e757-4edf-b747-870039489321.jpg, https://mantoproducoes.com.br/wp-content/uploads/2025/08/C1_03404-scaled.jpg, https://mantoproducoes.com.br/wp-content/uploads/2025/08/C1_03328-scaled.jpg",,,,,,,,,0,,0,default,default,default,default,default,,39,1,1079,set,60
4688,simple,,,"A Pequena Sereia",1,0,visible,"Em <em data-start=""21"" data-end=""39"">A Pequena Sereia</em>, mergulhe no fundo do mar com Ariel, uma princesa curiosa e sonhadora que vive uma grande aventura para descobrir o mundo dos humanos. Com figurinos vibrantes, personagens icônicos como Sebastião e Linguado e um toque de magia em cada detalhe, essa história encanta gerações com seu universo repleto de cor, música e fantasia.",,,,taxable,,1,,,0,0,,,,,0,,,,Princesas,"a pequena sereia, ariel, disney, encanto, fantasia, festa infantil., magia, manto produções, personagens, sereia",,"https://mantoproducoes.com.br/wp-content/uploads/2025/08/Princesas-015-scaled.jpg, https://mantoproducoes.com.br/wp-content/uploads/2025/08/Captura-de-Tela-2025-08-26-as-10.28.08.png, https://mantoproducoes.com.br/wp-content/uploads/2025/08/4355cc9e-1154-443e-b44e-b3094c55a27f.jpg, https://mantoproducoes.com.br/wp-content/uploads/2025/08/70a6dc9f-ba9d-4db2-bff9-73fa8b48079c.jpg, https://mantoproducoes.com.br/wp-content/uploads/2025/08/Princesas-018-scaled.jpg, https://mantoproducoes.com.br/wp-content/uploads/2025/08/Princesas-023-scaled.jpg, https://mantoproducoes.com.br/wp-content/uploads/2025/08/Princesas-024-scaled.jpg",,,,,,,,,0,,0,default,default,default,default,default,,39,1,647,set,60
4696,simple,,,Coringa,1,0,visible,"O <em data-start=""20"" data-end=""29"">Coringa</em> é um dos vilões mais icônicos e enigmáticos do universo dos quadrinhos e do cinema. Com sua maquiagem marcante, sorriso sombrio e personalidade imprevisível, ele carrega um ar de mistério e intensidade que hipnotiza o público. Uma presença forte, perfeita para criar experiências impactantes, visuais dramáticos e momentos cheios de emoção.",,,,taxable,,1,,,0,0,,,,,0,,,,"Halloween, Heróis","coringa, dc, festa temática, impacto, joker, manto produções, maquiagem, personagens, suspense, vilão",,"https://mantoproducoes.com.br/wp-content/uploads/2025/08/Captura-de-Tela-2025-08-26-as-10.33.18.png, https://mantoproducoes.com.br/wp-content/uploads/2025/08/Captura-de-Tela-2025-08-26-as-10.33.28.png, https://mantoproducoes.com.br/wp-content/uploads/2025/08/Captura-de-Tela-2025-08-26-as-10.33.44.png, https://mantoproducoes.com.br/wp-content/uploads/2025/08/Captura-de-Tela-2025-08-26-as-10.33.41.png, https://mantoproducoes.com.br/wp-content/uploads/2025/08/Captura-de-Tela-2025-08-26-as-10.33.33.png, https://mantoproducoes.com.br/wp-content/uploads/2025/08/Captura-de-Tela-2025-08-26-as-10.33.29.png",,,,,,,,,0,,0,default,default,default,default,default,,181,1,64,set,60
4704,simple,,,"Capitão América",1,0,visible,"<p data-start=""0"" data-end=""320"">O <em data-start=""20"" data-end=""37"">Capitão América</em> é o símbolo máximo de coragem, liderança e justiça do universo Marvel. Com seu icônico escudo e uniforme estrelado, ele representa a força do heroísmo e a importância de lutar pelo que é certo. Carismático e imponente, é perfeito para eventos que pedem impacto, aventura e emoção.</p>",,,,taxable,,1,,,0,0,,,,,0,,,,Heróis,"ação, aventura, capitão américa, eventos temáticos, herói, justiça, manto produções, marvel, personagens, vingadores",,"https://mantoproducoes.com.br/wp-content/uploads/2025/08/HeroisCaio-27-scaled.jpg, https://mantoproducoes.com.br/wp-content/uploads/2025/08/HeroisCaio-57-scaled.jpg, https://mantoproducoes.com.br/wp-content/uploads/2025/08/HeroisCaio-28-scaled.jpg, https://mantoproducoes.com.br/wp-content/uploads/2025/08/HeroisCaio-22-scaled.jpg, https://mantoproducoes.com.br/wp-content/uploads/2025/08/HeroisCaio-20-scaled.jpg",,,,,,,,,0,,0,default,default,default,default,default,,181,1,287,set,60
4710,simple,,,Super-Homem,1,0,visible,"O <em data-start=""20"" data-end=""33"">Super-Homem</em> é o maior símbolo de esperança, força e coragem dos quadrinhos. Com sua capa icônica e poderes extraordinários, ele representa o herói invencível que protege a humanidade. Inspirador e grandioso, é ideal para eventos cheios de ação, fantasia e emoção.",,,,taxable,,1,,,0,0,,,,,0,,,,Heróis,"aventura, dc, eventos temáticos, fantasia, herói, krypton, liga da justiça, manto produções, personagens, superman",,"https://mantoproducoes.com.br/wp-content/uploads/2025/08/Captura-de-Tela-2025-08-26-as-10.37.11.png, https://mantoproducoes.com.br/wp-content/uploads/2025/08/Captura-de-Tela-2025-08-26-as-10.37.30.png, https://mantoproducoes.com.br/wp-content/uploads/2025/08/Captura-de-Tela-2025-08-26-as-10.37.26.png, https://mantoproducoes.com.br/wp-content/uploads/2025/08/Captura-de-Tela-2025-08-26-as-10.37.21.png, https://mantoproducoes.com.br/wp-content/uploads/2025/08/Captura-de-Tela-2025-08-26-as-10.37.19.png, https://mantoproducoes.com.br/wp-content/uploads/2025/08/Captura-de-Tela-2025-08-26-as-10.37.17.png",,,,,,,,,0,,0,default,default,default,default,default,,181,1,152,set,60
4717,simple,,,"Duende Verde",1,0,visible,"O <em data-start=""20"" data-end=""34"">Duende Verde</em> é um dos vilões mais icônicos do universo do <em data-start=""80"" data-end=""94"">Homem-Aranha</em>, conhecido por sua risada sombria, inteligência maléfica e seu planador mortal. Com sua aparência marcante e energia caótica, ele traz mistério, ação e adrenalina para qualquer evento temático.",,,,taxable,,1,,,0,0,,,,,0,,,,"Halloween, Heróis","duende verde, eventos temáticos, fantasia, heróis e vilões, homem-aranha, manto produções, marvel, personagens, vilão",,"https://mantoproducoes.com.br/wp-content/uploads/2025/08/Captura-de-Tela-2025-08-26-as-10.39.04.png, https://mantoproducoes.com.br/wp-content/uploads/2025/08/Captura-de-Tela-2025-08-26-as-10.39.09.png, https://mantoproducoes.com.br/wp-content/uploads/2025/08/Captura-de-Tela-2025-08-26-as-10.39.08.png, https://mantoproducoes.com.br/wp-content/uploads/2025/08/Captura-de-Tela-2025-08-26-as-10.39.06.png, https://mantoproducoes.com.br/wp-content/uploads/2025/08/Captura-de-Tela-2025-08-26-as-10.39.11.png",,,,,,,,,0,,0,default,default,default,default,default,,181,1,135,set,60
4723,simple,,,Arlequina,1,0,visible,"A <em data-start=""20"" data-end=""31"">Arlequina</em> é a personificação da ousadia, irreverência e do caos divertido. Com seu visual icônico, carisma explosivo e uma pitada de loucura, ela conquista todos por onde passa. Perfeita para eventos temáticos cheios de atitude, energia e muito estilo.",,,,taxable,,1,,,0,0,,,,,0,,,,"Halloween, Heróis","arlequina, dc, eventos temáticos, fantasia, harley quinn, heróis e vilões, manto produções, personagens, vilã",,"https://mantoproducoes.com.br/wp-content/uploads/2025/08/eed65690-6692-47d8-aa15-b2d582c64890.jpg, https://mantoproducoes.com.br/wp-content/uploads/2025/08/0212364d-385f-4211-9e86-232172df8b15.jpg, https://mantoproducoes.com.br/wp-content/uploads/2025/08/fac75cbf-c36b-45b9-b4b0-8c81cc33a917.jpg, https://mantoproducoes.com.br/wp-content/uploads/2025/08/66f52b88-eb5b-4416-bfda-874123c9bc1c.jpg, https://mantoproducoes.com.br/wp-content/uploads/2025/08/d4218609-4547-40d9-9f1c-f589f2c1ffb6.jpg, https://mantoproducoes.com.br/wp-content/uploads/2025/08/3d880483-f02e-4c2d-9661-9786108a7137.jpg, https://mantoproducoes.com.br/wp-content/uploads/2025/08/4bd2a603-27f8-446a-8efa-ea856325ea13.jpg",,,,,,,,,0,,0,default,default,default,default,default,,181,1,92,set,60
4731,simple,,,Mulher-Maravilha,1,0,visible,"<p data-start=""0"" data-end=""299"">A <em data-start=""20"" data-end=""38"">Mulher Maravilha</em> é o símbolo máximo de força, coragem e determinação. Com sua armadura icônica, laço da verdade e presença imponente, ela inspira confiança e empoderamento. Uma personagem perfeita para eventos cheios de aventura, heroísmo e magia, encantando todas as idades.</p>\n<p data-start=""301"" data-end=""438"" data-is-last-node="""" data-is-only-node=""""></p>",,,,taxable,,1,,,0,0,,,,,0,,,,Heróis,"dc, empoderamento, eventos temáticos, heróis, manto produções, mulher maravilha, personagens, super-heroína, wonder woman",,"https://mantoproducoes.com.br/wp-content/uploads/2025/08/78bca90a-bc30-4be9-9f49-b209743de709.jpg, https://mantoproducoes.com.br/wp-content/uploads/2025/08/40825784-09dc-43fa-9f91-20986db0e6f6.jpg, https://mantoproducoes.com.br/wp-content/uploads/2025/08/7c7d5c0b-e7cc-47cc-852d-33eb706ae28e.jpg, https://mantoproducoes.com.br/wp-content/uploads/2025/08/dcfc55db-4ff4-4751-b4db-941f88e340f6.jpg",,,,,,,,,0,,0,default,default,default,default,default,,181,1,87,set,60
4736,simple,,,"Spider Gwen",1,0,visible,"A <em data-start=""20"" data-end=""33"">Spider-Gwen</em> é ágil, destemida e cheia de estilo! Com seu icônico traje branco, preto e rosa, ela traz um ar moderno e vibrante ao universo dos super-heróis. Ideal para eventos cheios de ação e aventura, encanta fãs de todas as idades com sua personalidade única e sua presença marcante.",,,,taxable,,1,,,0,0,,,,,0,,,,Heróis,"aranhaverso, eventos temáticos, heroína, manto produções, marvel, multiverso, personagens, spider gwen, super-heróis",,"https://mantoproducoes.com.br/wp-content/uploads/2025/08/HomemAranha-02-scaled.jpg, https://mantoproducoes.com.br/wp-content/uploads/2025/08/HomemAranha-01-scaled.jpg, https://mantoproducoes.com.br/wp-content/uploads/2025/08/HomemAranha-03-scaled.jpg, https://mantoproducoes.com.br/wp-content/uploads/2025/08/HomemAranha-04-scaled.jpg, https://mantoproducoes.com.br/wp-content/uploads/2025/08/HomemAranha-10-scaled.jpg",,,,,,,,,0,,0,default,default,default,default,default,,181,1,41,set,60
4742,simple,,,"Mickey e Pateta Astronautas",1,0,visible,"A <em data-start=""20"" data-end=""46"">Turma Disney Astronautas</em> traz Mickey e Pateta prontos para uma aventura fora deste mundo! Com trajes espaciais brilhantes e cheios de detalhes, os personagens embarcam em uma missão mágica pelo universo. Uma proposta divertida, futurista e encantadora para eventos temáticos que unem o charme da Disney ao fascínio da exploração espacial.",,,,taxable,,1,,,0,0,,,,,0,,,,"Turma Disney","disney, espaço, eventos temáticos, intergaláctico, manto produções, mickey, pateta, personagens, turma disney astronautas",,"https://mantoproducoes.com.br/wp-content/uploads/2025/08/Captura-de-Tela-2025-08-26-as-10.50.13.png, https://mantoproducoes.com.br/wp-content/uploads/2025/08/Captura-de-Tela-2025-08-26-as-10.50.25.png, https://mantoproducoes.com.br/wp-content/uploads/2025/08/Captura-de-Tela-2025-08-26-as-10.50.22.png, https://mantoproducoes.com.br/wp-content/uploads/2025/08/Captura-de-Tela-2025-08-26-as-10.50.18.png, https://mantoproducoes.com.br/wp-content/uploads/2025/08/Captura-de-Tela-2025-08-26-as-10.50.09.png",,,,,,,,,0,,0,default,default,default,default,default,,59,1,131,set,60
4748,simple,,,"Turma Disney 50 Anos",1,0,visible,"A <em data-start=""20"" data-end=""42"">Turma Disney 50 Anos</em> celebra o encanto e a magia de meio século de histórias inesquecíveis! Mickey, Minnie, Pateta, Pato Donald e toda a turma ganham trajes sofisticados, com detalhes dourados e elegantes, para uma comemoração cheia de brilho, emoção e nostalgia. Uma experiência perfeita para eventos que desejam encantar com um toque clássico e atemporal da Disney.",,,,taxable,,1,,,0,0,,,,,0,,,,"Turma Disney","aniversário disney, celebração, disney, eventos mágicos, manto produções, mickey, minnie, pateta, pato donald, personagens, turma disney 50 anos",,"https://mantoproducoes.com.br/wp-content/uploads/2025/08/Captura-de-Tela-2025-08-26-as-10.51.59.png, https://mantoproducoes.com.br/wp-content/uploads/2025/08/Captura-de-Tela-2025-08-26-as-10.52.14.png, https://mantoproducoes.com.br/wp-content/uploads/2025/08/Captura-de-Tela-2025-08-26-as-10.52.05.png, https://mantoproducoes.com.br/wp-content/uploads/2025/08/Captura-de-Tela-2025-08-26-as-10.52.07.png",,,,,,,,,0,,0,default,default,default,default,default,,59,1,272,set,60
4753,simple,,,"Turma Disney Esportes",1,0,visible,"A <em data-start=""20"" data-end=""43"">Turma Disney Esportes</em> traz toda a magia dos personagens mais amados com um toque esportivo e cheio de energia! Mickey, Minnie, Pateta, Donald e seus amigos aparecem com figurinos temáticos inspirados em diferentes modalidades, prontos para animar qualquer evento com diversão, movimento e muito charme. Ideal para festas e ativações que querem unir magia, esporte e interação.",,,,taxable,,1,,,0,0,,,,,0,,,,"Esportes, Turma Disney","disney, diversão, eventos mágicos, manto produções, mickey esportes, minnie esportes, pateta esportes, pato donald esportes, personagens, personagens temáticos, turma disney esportes",,"https://mantoproducoes.com.br/wp-content/uploads/2025/08/Captura-de-Tela-2025-08-26-as-10.53.50.png, https://mantoproducoes.com.br/wp-content/uploads/2025/08/Captura-de-Tela-2025-08-26-as-10.53.58.png, https://mantoproducoes.com.br/wp-content/uploads/2025/08/Captura-de-Tela-2025-08-26-as-10.54.04.png",,,,,,,,,0,,0,default,default,default,default,default,,59,1,59,set,60
4758,simple,,,"Turma Disney Natal",1,0,visible,"<p data-start=""0"" data-end=""398"">A <em data-start=""20"" data-end=""40"">Turma Disney Natal</em> traz toda a magia dos personagens clássicos com figurinos especiais e detalhes encantadores para celebrar a época mais mágica do ano. Mickey, Minnie, Pateta, Donald e seus amigos vestem roupas natalinas deslumbrantes e espalham alegria por onde passam. Uma opção perfeita para criar momentos inesquecíveis e levar o espírito do Natal para qualquer evento.</p>\n<p data-start=""400"" data-end=""595"" data-is-last-node="""" data-is-only-node=""""></p>",,,,taxable,,1,,,0,0,,,,,0,,,,"Natal, Turma Disney","disney, eventos mágicos, manto produções, mickey natal, minnie natal, natal, natal encantado, pateta natal, pato donald natal, personagens, personagens temáticos, turma disney natal",,"https://mantoproducoes.com.br/wp-content/uploads/2025/08/IMG_2457.jpg, https://mantoproducoes.com.br/wp-content/uploads/2025/08/Captura-de-Tela-2025-08-26-as-10.57.40.png, https://mantoproducoes.com.br/wp-content/uploads/2025/08/IMG_2459.jpg, https://mantoproducoes.com.br/wp-content/uploads/2025/08/IMG_2470.jpg",,,,,,,,,0,,0,default,default,default,default,default,,59,1,158,set,60
4763,simple,,,"Turma Disney Comissários",1,0,visible,"A <em data-start=""20"" data-end=""46"">Turma Disney Comissários</em> traz Mickey, Minnie, Pateta e Donald prontos para embarcar em uma aventura inesquecível pelos céus! Com figurinos inspirados no universo da aviação, os personagens ganham um visual elegante e cheio de charme, tornando o encontro ainda mais especial. Uma atração divertida, temática e perfeita para encantar crianças e adultos.",,,,taxable,,1,,,0,0,,,,,0,,,,"Turma Disney","disney, eventos mágicos, manto produções, mickey comissário, minnie comissária, pateta comissário, pato donald comissário, personagens disney, personagens temáticos, turma disney comissários",,"https://mantoproducoes.com.br/wp-content/uploads/2025/08/Captura-de-Tela-2025-08-26-as-10.59.36.png, https://mantoproducoes.com.br/wp-content/uploads/2025/08/Captura-de-Tela-2025-08-26-as-10.59.41.png, https://mantoproducoes.com.br/wp-content/uploads/2025/08/Captura-de-Tela-2025-08-26-as-10.59.58-scaled.png, https://mantoproducoes.com.br/wp-content/uploads/2025/08/Captura-de-Tela-2025-08-26-as-10.59.52.png, https://mantoproducoes.com.br/wp-content/uploads/2025/08/Captura-de-Tela-2025-08-26-as-10.59.47.png, https://mantoproducoes.com.br/wp-content/uploads/2025/08/Captura-de-Tela-2025-08-26-as-10.59.43.png",,,,,,,,,0,,0,default,default,default,default,default,,59,1,96,set,60
4778,simple,,,"Turma Disney Party",1,0,visible,"A <em data-start=""20"" data-end=""40"">Turma Disney Party</em> chega trazendo um clima de pura diversão e celebração! Mickey, Minnie, Pateta e Donald aparecem com figurinos coloridos, vibrantes e cheios de detalhes festivos, criando um ambiente alegre e contagiante. Uma atração perfeita para eventos animados, onde a magia da Disney encontra a energia de uma verdadeira festa inesquecível.",,,,taxable,,1,,,0,0,,,,,0,,,,"Turma Disney","eventos mágicos, manto produções, mickey party, minnie party, pateta party, pato donald party, personagens disney, personagens para festas, personagens temáticos, turma disney party",,"https://mantoproducoes.com.br/wp-content/uploads/2025/08/Captura-de-Tela-2025-08-26-as-11.01.22.png, https://mantoproducoes.com.br/wp-content/uploads/2025/08/Captura-de-Tela-2025-08-26-as-11.01.17.png, https://mantoproducoes.com.br/wp-content/uploads/2025/08/Captura-de-Tela-2025-08-26-as-11.01.10.png, https://mantoproducoes.com.br/wp-content/uploads/2025/08/Captura-de-Tela-2025-08-26-as-11.01.06.png, https://mantoproducoes.com.br/wp-content/uploads/2025/08/Captura-de-Tela-2025-08-26-as-11.01.04.png, https://mantoproducoes.com.br/wp-content/uploads/2025/08/Captura-de-Tela-2025-08-26-as-11.00.58.png, https://mantoproducoes.com.br/wp-content/uploads/2025/08/Captura-de-Tela-2025-08-26-as-11.00.54.png, https://mantoproducoes.com.br/wp-content/uploads/2025/08/Captura-de-Tela-2025-08-26-as-11.00.49.png",,,,,,,,,0,,0,default,default,default,default,default,,59,1,377,set,60
4779,simple,,,"Mickey e Minnie Havaí",1,0,visible,"A <em data-start=""20"" data-end=""40"">Turma Disney Havaí</em> traz Mickey e Minnie em uma versão tropical, vestidos com figurinos floridos e acessórios havaianos, prontos para espalhar alegria e criar uma atmosfera leve, divertida e cheia de cores! Uma opção encantadora para eventos temáticos que pedem um toque de magia e clima de verão.",,,,taxable,,1,,,0,0,,,,,0,,,,"Turma Disney","eventos tropicais, manto produções, mickey havai, minnie havai, pateta havai, pato donald havai, personagens disney, personagens para festas, personagens temáticos, turma disney havai",,"https://mantoproducoes.com.br/wp-content/uploads/2025/08/Captura-de-Tela-2025-08-26-as-11.05.14.png, https://mantoproducoes.com.br/wp-content/uploads/2025/08/Captura-de-Tela-2025-08-26-as-11.05.17.png, https://mantoproducoes.com.br/wp-content/uploads/2025/08/Captura-de-Tela-2025-08-26-as-11.05.21.png, https://mantoproducoes.com.br/wp-content/uploads/2025/08/Captura-de-Tela-2025-08-26-as-11.05.24.png, https://mantoproducoes.com.br/wp-content/uploads/2025/08/Captura-de-Tela-2025-08-26-as-11.05.27.png",,,,,,,,,0,,0,default,default,default,default,default,,59,1,58,set,60
4785,simple,,,"Mickey e Minnie Magic",1,0,visible,"Mickey e Minnie Magic trazem todo o encanto clássico da Disney com um toque ainda mais especial. Vestidos com figurinos deslumbrantes e detalhes mágicos, eles criam uma atmosfera única e inesquecível, perfeita para eventos que pedem sofisticação, diversão e uma experiência cheia de fantasia!",,,,taxable,,1,,,0,0,,,,,0,,,,"Turma Disney","eventos mágicos, manto produções, mickey magic, minnie magic, personagens disney, personagens para festas, personagens temáticos",,"https://mantoproducoes.com.br/wp-content/uploads/2025/08/Captura-de-Tela-2025-08-26-as-11.07.12.png, https://mantoproducoes.com.br/wp-content/uploads/2025/08/Captura-de-Tela-2025-08-26-as-11.07.04.png, https://mantoproducoes.com.br/wp-content/uploads/2025/08/Captura-de-Tela-2025-08-26-as-11.07.20.png, https://mantoproducoes.com.br/wp-content/uploads/2025/08/Captura-de-Tela-2025-08-26-as-11.07.14.png, https://mantoproducoes.com.br/wp-content/uploads/2025/08/Captura-de-Tela-2025-08-26-as-11.07.09.png",,,,,,,,,0,,0,default,default,default,default,default,,59,1,82,set,60
4791,simple,,,"Turma Disney Golden/Carnaval",1,0,visible,"Mickey, Minnie e seus amigos chegam com muito brilho e alegria para o <strong data-start=""88"" data-end=""114"">Disney Golden Carnaval</strong>! Figurinos luxuosos, cheios de dourado, paetês e detalhes carnavalescos transformam o ambiente em uma verdadeira festa mágica. Uma experiência envolvente, divertida e inesquecível para celebrar com toda a família!",,,,taxable,,1,,,0,0,,,,,0,,,,"Turma Disney","disney carnaval, disney golden, eventos temáticos, manto produções, mickey e minnie, personagens disney, personagens para festas, turma disney",,"https://mantoproducoes.com.br/wp-content/uploads/2025/08/Captura-de-Tela-2025-08-26-as-11.08.42.png, https://mantoproducoes.com.br/wp-content/uploads/2025/08/Captura-de-Tela-2025-08-26-as-11.08.40.png, https://mantoproducoes.com.br/wp-content/uploads/2025/08/Captura-de-Tela-2025-08-26-as-11.08.44.png, https://mantoproducoes.com.br/wp-content/uploads/2025/08/Captura-de-Tela-2025-08-26-as-11.08.45.png",,,,,,,,,0,,0,default,default,default,default,default,,59,1,111,set,60
4797,simple,,,"Turma Disney Safari",1,0,visible,"A <strong data-start=""20"" data-end=""43"">Turma Disney Safari</strong> embarca em uma aventura inesquecível pela selva! 🐘🌿 Mickey, Minnie e seus amigos exploram um cenário cheio de magia, com figurinos temáticos e detalhes que transportam todos para um verdadeiro safari encantado. Uma experiência única, divertida e perfeita para festas e eventos que querem um toque especial de fantasia!",,,,taxable,,1,,,0,0,,,,,0,,,,"Turma Disney","disney safari, eventos temáticos, manto produções, mickey e minnie, personagens disney, personagens para festas, safari mágico, turma disney",,"https://mantoproducoes.com.br/wp-content/uploads/2025/08/PHOTO-2023-09-28-16-17-13.jpg, https://mantoproducoes.com.br/wp-content/uploads/2025/08/PHOTO-2023-09-28-16-07-39.jpg, https://mantoproducoes.com.br/wp-content/uploads/2025/08/PHOTO-2023-09-28-16-17-17.jpg, https://mantoproducoes.com.br/wp-content/uploads/2025/08/IMG_5765-scaled.jpg, https://mantoproducoes.com.br/wp-content/uploads/2025/08/IMG_5763-scaled.jpg",,,,,,,,,0,,0,default,default,default,default,default,,59,1,248,set,60
4801,simple,,,"Turma Disney Rock",1,0,visible,"A <strong data-start=""20"" data-end=""41"">Turma Disney Rock</strong> traz a magia da Disney com uma pegada cheia de atitude e estilo! 🎸🎤 Mickey, Minnie e seus amigos entram no clima do rock com figurinos incríveis, cheios de brilho, texturas e um visual marcante que encanta crianças e adultos. Uma experiência vibrante, perfeita para festas e eventos que querem unir diversão, música e fantasia!",,,,taxable,,1,,,0,0,,,,,0,,,,"Turma Disney","disney rock, eventos temáticos, manto produções, mickey e minnie, personagens disney, personagens para festas, show de personagens, turma disney",,"https://mantoproducoes.com.br/wp-content/uploads/2025/08/IMG_0434.jpg, https://mantoproducoes.com.br/wp-content/uploads/2025/08/IMG_1537.jpg, https://mantoproducoes.com.br/wp-content/uploads/2025/08/IMG_0441.jpg, https://mantoproducoes.com.br/wp-content/uploads/2025/08/IMG_0445.jpg, https://mantoproducoes.com.br/wp-content/uploads/2025/08/IMG_0440.jpg, https://mantoproducoes.com.br/wp-content/uploads/2025/08/IMG_0435.jpg",,,,,,,,,0,,0,default,default,default,default,default,,59,1,110,set,60
4808,simple,,,"Turma Disney Cowboy",1,0,visible,"<p data-start=""0"" data-end=""336"">A <strong data-start=""20"" data-end=""43"">Turma Disney Cowboy</strong> leva Mickey, Minnie e seus amigos para o clima do Velho Oeste! 🤠🌵 Com figurinos cheios de charme, chapéus estilosos e muita atitude, os personagens vivem uma aventura divertida e inesquecível. Uma opção perfeita para festas e eventos que querem unir magia, alegria e um toque de faroeste!</p>\n<p data-start=""338"" data-end=""500"" data-is-last-node="""" data-is-only-node=""""></p>",,,,taxable,,1,,,0,0,,,,,0,,,,"Turma Disney","disney cowboy, eventos temáticos, manto produções, mickey e minnie, personagens disney, personagens para festas, show de personagens, turma disney",,"https://mantoproducoes.com.br/wp-content/uploads/2025/08/Captura-de-Tela-2025-08-26-as-11.12.49.png, https://mantoproducoes.com.br/wp-content/uploads/2025/08/Captura-de-Tela-2025-08-26-as-11.12.59.png, https://mantoproducoes.com.br/wp-content/uploads/2025/08/Captura-de-Tela-2025-08-26-as-11.13.01.png, https://mantoproducoes.com.br/wp-content/uploads/2025/08/Captura-de-Tela-2025-08-26-as-11.13.14.png, https://mantoproducoes.com.br/wp-content/uploads/2025/08/Captura-de-Tela-2025-08-26-as-11.12.54.png, https://mantoproducoes.com.br/wp-content/uploads/2025/08/Captura-de-Tela-2025-08-26-as-11.13.03.png, https://mantoproducoes.com.br/wp-content/uploads/2025/08/Captura-de-Tela-2025-08-26-as-11.13.04.png",,,,,,,,,0,,0,default,default,default,default,default,,59,1,124,set,60
4816,simple,,,"Turma Disney Circo",1,0,visible,"A <strong data-start=""20"" data-end=""42"">Turma Disney Circo</strong> transforma Mickey, Minnie e seus amigos em verdadeiros artistas de espetáculo! 🎪🤹‍♀️ Com figurinos vibrantes, cheios de detalhes e muita personalidade, os personagens entram no picadeiro para levar magia, diversão e encantamento a qualquer evento. Uma escolha perfeita para criar momentos únicos e inesquecíveis!",,,,taxable,,1,,,0,0,,,,,0,,,,"Turma Disney","disney circo, eventos temáticos, manto produções, mickey e minnie, personagens disney, personagens para festas, show de personagens, turma disney",,"https://mantoproducoes.com.br/wp-content/uploads/2025/08/DisneyCircus-64-scaled.jpg, https://mantoproducoes.com.br/wp-content/uploads/2025/08/DisneyCircus-49-scaled.jpg, https://mantoproducoes.com.br/wp-content/uploads/2025/08/Captura-de-Tela-2025-08-26-as-11.16.13.png, https://mantoproducoes.com.br/wp-content/uploads/2025/08/Captura-de-Tela-2025-08-26-as-11.16.02.png, https://mantoproducoes.com.br/wp-content/uploads/2025/08/Captura-de-Tela-2025-08-26-as-11.15.53.png, https://mantoproducoes.com.br/wp-content/uploads/2025/08/DisneyCircus-59-scaled.jpg, https://mantoproducoes.com.br/wp-content/uploads/2025/08/DisneyCircus-58-scaled.jpg",,,,,,,,,0,,0,default,default,default,default,default,,59,1,162,set,60
4824,simple,,,"Mickey e Minnie Casamento",1,0,visible,"O <strong data-start=""20"" data-end=""51"">Mickey e a Minnie Casamento</strong> trazem todo o encanto do amor para o seu evento! 💍✨ Com figurinos elegantes e cheios de detalhes, esse casal icônico transforma qualquer celebração em um momento mágico, perfeito para casamentos, bodas e ocasiões especiais. Uma experiência inesquecível, cheia de emoção, sofisticação e um toque de magia Disney!",,,,taxable,,1,,,0,0,,,,,0,,,,"Turma Disney","casal mickey e minnie, manto produções, mickey casamento, mickey e minnie, minnie casamento, personagens disney, personagens para casamentos, personagens para eventos",,"https://mantoproducoes.com.br/wp-content/uploads/2025/08/Captura-de-Tela-2025-08-26-as-11.17.48.png, https://mantoproducoes.com.br/wp-content/uploads/2025/08/Captura-de-Tela-2025-08-26-as-11.17.56.png, https://mantoproducoes.com.br/wp-content/uploads/2025/08/Captura-de-Tela-2025-08-26-as-11.17.45.png",,,,,,,,,0,,0,default,default,default,default,default,,59,1,97,set,60
4828,simple,,,"Mickey e Minnie Carros",1,0,visible,"<p data-start=""0"" data-end=""359"">O <strong data-start=""20"" data-end=""48"">Mickey e a Minnie Carros</strong> chegam cheios de estilo e velocidade para animar qualquer evento! 🏎️✨ Com figurinos temáticos e inspirados no universo das corridas, o casal mais famoso da Disney traz uma experiência vibrante, divertida e cheia de adrenalina. Perfeito para festas infantis, lançamentos e eventos que pedem energia e emoção!</p>\n<p data-start=""361"" data-end=""524"" data-is-last-node="""" data-is-only-node=""""></p>",,,,taxable,,1,,,0,0,,,,,0,,,,"Esportes, Turma Disney","festa infantil., manto produções, mickey carros, mickey e minnie, minnie carros, personagens disney, personagens para eventos, personagens temáticos",,"https://mantoproducoes.com.br/wp-content/uploads/2025/08/Captura-de-Tela-2025-08-26-as-11.19.56.png, https://mantoproducoes.com.br/wp-content/uploads/2025/08/Captura-de-Tela-2025-08-26-as-11.20.00.png, https://mantoproducoes.com.br/wp-content/uploads/2025/08/Captura-de-Tela-2025-08-26-as-11.20.04.png, https://mantoproducoes.com.br/wp-content/uploads/2025/08/Captura-de-Tela-2025-08-26-as-11.20.01.png",,,,,,,,,0,,0,default,default,default,default,default,,59,1,165,set,60
4833,simple,,,"Mickey e Minnie Japão/Oriental",1,0,visible,"<p data-start=""0"" data-end=""364"">O <strong data-start=""20"" data-end=""54"">Mickey e Minnie Japão/Oriental</strong> trazem um toque mágico da cultura oriental para o universo Disney! 🎎✨ Com figurinos luxuosos, detalhes inspirados no Japão e na Ásia e todo o carisma dos personagens mais icônicos, essa versão é perfeita para festas temáticas, experiências exclusivas e eventos que pedem um visual sofisticado e encantador.</p>\n<p data-start=""366"" data-end=""531"" data-is-last-node="""" data-is-only-node=""""></p>",,,,taxable,,1,,,0,0,,,,,0,,,,"Turma Disney","disney japão, disney oriental, festa temática, manto produções, mickey e minnie, personagens disney, personagens exclusivos, personagens para eventos",,"https://mantoproducoes.com.br/wp-content/uploads/2025/08/Captura-de-Tela-2025-08-26-as-11.21.17.png, https://mantoproducoes.com.br/wp-content/uploads/2025/08/Captura-de-Tela-2025-08-26-as-11.21.19.png",,,,,,,,,0,,0,default,default,default,default,default,,59,1,155,set,60
4836,simple,,,"Mickey e Minnie Rosa",1,0,visible,"<p data-start=""0"" data-end=""327"">O <strong data-start=""20"" data-end=""44"">Mickey e Minnie Rosa</strong> chegam com todo o charme e delicadeza para encantar qualquer evento! 💕✨ Com figurinos especiais em tons de rosa, cheios de brilho e detalhes encantadores, essa versão traz um visual romântico e mágico, perfeito para festas temáticas, sessões de fotos e celebrações inesquecíveis.</p>\n<p data-start=""329"" data-end=""489"" data-is-last-node="""" data-is-only-node=""""></p>",,,,taxable,,1,,,0,0,,,,,0,,,,"Turma Disney","festa temática, manto produções, mickey e minnie, mickey rosa, minnie rosa, personagens disney, personagens exclusivos, personagens para eventos",,"https://mantoproducoes.com.br/wp-content/uploads/2025/08/Captura-de-Tela-2025-08-26-as-11.23.24.png, https://mantoproducoes.com.br/wp-content/uploads/2025/08/Captura-de-Tela-2025-08-26-as-11.23.28.png, https://mantoproducoes.com.br/wp-content/uploads/2025/08/Captura-de-Tela-2025-08-26-as-11.23.43.png, https://mantoproducoes.com.br/wp-content/uploads/2025/08/Captura-de-Tela-2025-08-26-as-11.23.37.png, https://mantoproducoes.com.br/wp-content/uploads/2025/08/Captura-de-Tela-2025-08-26-as-11.23.32.png",,,,,,,,,0,,0,default,default,default,default,default,,59,1,194,set,60
4842,simple,,,"Turma Disney Racer/Pilotos",1,0,visible,"A <strong data-start=""20"" data-end=""50"">Turma Disney Racer/Pilotos</strong> chega cheia de velocidade e diversão! 🏎️✨ Mickey, Minnie e seus amigos vestem trajes de corrida cheios de estilo e detalhes vibrantes, prontos para embarcar em uma aventura eletrizante. Ideal para festas temáticas, eventos infantis e experiências cheias de energia, onde a adrenalina e a magia se encontram!",,,,taxable,,1,,,0,0,,,,,0,,,,"Esportes, Turma Disney","disney pilotos, disney racers, festa temática, manto produções, mickey e minnie, personagens disney, personagens para eventos, turma disney",,"https://mantoproducoes.com.br/wp-content/uploads/2025/08/Captura-de-Tela-2025-08-26-as-11.25.09.png, https://mantoproducoes.com.br/wp-content/uploads/2025/08/Captura-de-Tela-2025-08-26-as-11.25.22.png, https://mantoproducoes.com.br/wp-content/uploads/2025/08/Captura-de-Tela-2025-08-26-as-11.25.17.png, https://mantoproducoes.com.br/wp-content/uploads/2025/08/Captura-de-Tela-2025-08-26-as-11.25.14.png, https://mantoproducoes.com.br/wp-content/uploads/2025/08/Captura-de-Tela-2025-08-26-as-11.25.09.png, https://mantoproducoes.com.br/wp-content/uploads/2025/08/Captura-de-Tela-2025-08-26-as-11.25.03.png",,,,,,,,,0,,0,default,default,default,default,default,,59,1,184,set,60
4848,simple,,,"Mickey e Minnie Rosa (com Bolinhas Brancas)",1,0,visible,"O <strong data-start=""20"" data-end=""67"">Mickey e a Minnie Rosa com Bolinhas Brancas</strong> trazem um toque de doçura e delicadeza ao universo Disney! 🎀🌸 Com figurinos charmosos, cheios de detalhes fofos e cores suaves, esse visual é perfeito para festas encantadas, eventos mágicos e encontros temáticos que pedem muita ternura e alegria. Uma versão romântica e apaixonante dos personagens mais amados do mundo!",,,,taxable,,1,,,0,0,,,,,0,,,,"Turma Disney","disney delicada, disney rosa, eventos infantis, manto produções, mickey e minnie, personagens disney, personagens para festas",,"https://mantoproducoes.com.br/wp-content/uploads/2025/08/Captura-de-Tela-2025-08-26-as-11.26.59.png, https://mantoproducoes.com.br/wp-content/uploads/2025/08/Captura-de-Tela-2025-08-26-as-11.26.59.png, https://mantoproducoes.com.br/wp-content/uploads/2025/08/Captura-de-Tela-2025-08-26-as-11.27.10.png, https://mantoproducoes.com.br/wp-content/uploads/2025/08/Captura-de-Tela-2025-08-26-as-11.27.08.png, https://mantoproducoes.com.br/wp-content/uploads/2025/08/Captura-de-Tela-2025-08-26-as-11.27.04.png",,,,,,,,,0,,0,default,default,default,default,default,,59,1,210,set,60
4854,simple,,,"Mickey e Minnie Primavera",1,0,visible,"O <strong data-start=""20"" data-end=""51"">Mickey e a Minnie Primavera</strong> chegam cheios de cores, flores e alegria para celebrar a estação mais mágica do ano! 🌸🌿 Com figurinos delicados e cheios de detalhes encantadores, esse visual transmite frescor, leveza e diversão. Perfeito para festas temáticas, eventos infantis e encontros especiais que pedem um toque de encanto e magia Disney! 🌞🌺",,,,taxable,,1,,,0,0,,,,,0,,,,"Turma Disney","disney primavera, eventos infantis, festa temática, manto produções, mickey e minnie, personagens disney, personagens para festas",,"https://mantoproducoes.com.br/wp-content/uploads/2025/08/Captura-de-Tela-2025-08-26-as-11.29.25.png, https://mantoproducoes.com.br/wp-content/uploads/2025/08/Captura-de-Tela-2025-08-26-as-11.29.39.png, https://mantoproducoes.com.br/wp-content/uploads/2025/08/Captura-de-Tela-2025-08-26-as-11.29.37.png, https://mantoproducoes.com.br/wp-content/uploads/2025/08/Captura-de-Tela-2025-08-26-as-11.29.33.png, https://mantoproducoes.com.br/wp-content/uploads/2025/08/Captura-de-Tela-2025-08-26-as-11.29.30.png",,,,,,,,,0,,0,default,default,default,default,default,,59,1,236,set,60
4860,simple,,,"Turma Disney Confeiteiros/Bakery",1,0,visible,"A <strong data-start=""20"" data-end=""56"">Turma Disney Confeiteiros/Bakery</strong> transforma qualquer evento em uma explosão de cores, doces e muita magia! 🍩🍫 Mickey, Minnie, Pato Donald e Pateta se juntam para criar uma confeitaria encantada, cheia de delícias, sorrisos e diversão. É o cenário perfeito para festas, ativações temáticas e experiências inesquecíveis, com toda a fofura e carisma dos personagens mais amados da Disney! 🎂✨",,,,taxable,,1,,,0,0,,,,,0,,,,"Turma Disney","disney confeitaria, eventos infantis, festa temática, manto produções, mickey e minnie, personagens disney, personagens para festas, turma disney",,"https://mantoproducoes.com.br/wp-content/uploads/2025/08/Captura-de-Tela-2025-08-26-as-11.32.09.png, https://mantoproducoes.com.br/wp-content/uploads/2025/08/Captura-de-Tela-2025-08-26-as-11.32.18.png, https://mantoproducoes.com.br/wp-content/uploads/2025/08/Captura-de-Tela-2025-08-26-as-11.32.15.png, https://mantoproducoes.com.br/wp-content/uploads/2025/08/Captura-de-Tela-2025-08-26-as-11.32.11.png, https://mantoproducoes.com.br/wp-content/uploads/2025/08/Captura-de-Tela-2025-08-26-as-11.32.09.png",,,,,,,,,0,,0,default,default,default,default,default,,59,1,243,set,60
4870,simple,,,"Docinhos e Guloseimas",1,0,visible,"<p data-start=""0"" data-end=""382""><strong data-start=""18"" data-end=""43"">Docinhos e Guloseimas</strong> são a explosão de fofura, cor e sabor que tornam qualquer festa ainda mais mágica! 🍭✨ Uma mesa recheada de delícias, cheia de charme e detalhes encantadores, capaz de criar um cenário perfeito para fotos, risadas e momentos inesquecíveis. Cada doce conta uma história e transforma o evento em uma verdadeira experiência sensorial! 🎂🍬</p>\n<p data-start=""384"" data-end=""526"" data-is-last-node="""" data-is-only-node=""""></p>",,,,taxable,,1,,,0,0,,,,,0,,,,"Docinhos, Performáticos","confeitaria mágica, decoração de festas, doces, eventos temáticos, festa encantada, guloseimas, manto produções, mesa de doces",,"https://mantoproducoes.com.br/wp-content/uploads/2025/08/Captura-de-Tela-2025-08-26-as-11.34.48.png, https://mantoproducoes.com.br/wp-content/uploads/2025/08/Captura-de-Tela-2025-08-26-as-11.34.53.png",,,,,,,,,0,,0,default,default,default,default,default,,892,1,132,set,60
4873,simple,,,"Confeitores Malukos",1,0,visible,"<p data-start=""0"" data-end=""341""><strong data-start=""18"" data-end=""42"">Confeiteiros Malukos</strong> trazem um toque de diversão e muita criatividade para qualquer evento! 🍩🎉 Com cores vibrantes, doces inusitados e um clima totalmente fora do comum, essa temática transforma a mesa em um verdadeiro espetáculo doce. Uma explosão de sabor, alegria e imaginação que encanta crianças e adultos! 🍭✨</p>\n<p data-start=""343"" data-end=""502"" data-is-last-node="""" data-is-only-node=""""></p>",,,,taxable,,1,,,0,0,,,,,0,,,,"Corporativos, Docinhos","confeitaria temática, confeiteiros malucos, doces criativos, festa encantada, guloseimas, manto produções, mesa divertida, personagens animados",,"https://mantoproducoes.com.br/wp-content/uploads/2025/08/IMG_0522-scaled.jpg, https://mantoproducoes.com.br/wp-content/uploads/2025/08/IMG_0528-scaled.jpg, https://mantoproducoes.com.br/wp-content/uploads/2025/08/2ebd8ea9-b85a-4332-9e69-83f12988c1ba.jpg, https://mantoproducoes.com.br/wp-content/uploads/2025/08/77baadf5-d137-4f98-9aa5-42b626f95169.jpg, https://mantoproducoes.com.br/wp-content/uploads/2025/08/IMG_0538-scaled.jpg, https://mantoproducoes.com.br/wp-content/uploads/2025/08/IMG_0522-scaled.jpg, https://mantoproducoes.com.br/wp-content/uploads/2025/08/IMG_0525-scaled.jpg",,,,,,,,,0,,0,default,default,default,default,default,,892,1,216,set,60
4881,simple,,,"Casal Pirulitos e Algodão Doce",1,0,visible,"O <strong data-start=""20"" data-end=""54"">Casal Pirulitos e Algodão Doce</strong> é a personificação da doçura e da magia! 🍭💗 Com looks vibrantes, cheios de cores e texturas que remetem ao universo das guloseimas, eles trazem um clima divertido e encantador para qualquer evento. Um verdadeiro show de fofura e alegria, perfeito para criar memórias inesquecíveis! ✨🎠",,,,taxable,,1,,,0,0,,,,,0,,,,"Casais, Docinhos","casal algodão doce, casal pirulitos, confeitaria divertida, doces encantados, festa mágica, manto produções, personagens fofos, personagens temáticos",,"https://mantoproducoes.com.br/wp-content/uploads/2025/08/Captura-de-Tela-2025-08-26-as-11.39.09.png, https://mantoproducoes.com.br/wp-content/uploads/2025/08/Captura-de-Tela-2025-08-26-as-11.39.03.png, https://mantoproducoes.com.br/wp-content/uploads/2025/08/Captura-de-Tela-2025-08-26-as-11.38.56.png",,,,,,,,,0,,0,default,default,default,default,default,,892,1,209,set,60
4885,simple,,,M&Ms,1,0,visible,"Os <strong data-start=""21"" data-end=""29"">M&amp;Ms</strong> são puro charme, cor e diversão! 🍫🎉 Inspirados nos famosos confeitos, esses personagens trazem um toque alegre e vibrante para qualquer evento, com personalidades únicas e figurinos cheios de vida. Uma experiência doce, divertida e inesquecível, que conquista crianças e adultos! 🌈✨",,,,taxable,,1,,,0,0,,,,,0,,,,Docinhos,"chocolates encantados, confeitos mágicos, evento temático, festa divertida., m&ms, manto produções, personagens coloridos, personagens fofos",,"https://mantoproducoes.com.br/wp-content/uploads/2025/08/9a1653a4-a254-4eb7-8211-b9371651accd.jpg, https://mantoproducoes.com.br/wp-content/uploads/2025/08/4f87a69e-a015-425c-8d57-abb732aa9fd8.jpg, https://mantoproducoes.com.br/wp-content/uploads/2025/08/e37a2a2e-94a0-441b-8b3c-41288570d2c3.jpg, https://mantoproducoes.com.br/wp-content/uploads/2025/08/2beca7af-2c52-42a3-b4cd-8154f1e5ef6c.jpg, https://mantoproducoes.com.br/wp-content/uploads/2025/08/675e3f08-1d9b-4168-8521-0f73c279d93d.jpg",,,,,,,,,0,,0,default,default,default,default,default,,892,1,143,set,60
4891,simple,,,"Casal Chocolates",1,0,visible,"O <strong data-start=""20"" data-end=""40"">Casal Chocolates</strong> é a representação perfeita da doçura e do encanto! 🍫💛 Inspirados na magia do chocolate, esses personagens trazem um clima romântico, divertido e cheio de sabor para o evento. Com figurinos elegantes, personalidades marcantes e uma atmosfera envolvente, o casal transforma qualquer momento em uma experiência deliciosa e inesquecível. ✨",,,,taxable,,1,,,0,0,,,,,0,,,,"Casais, Docinhos","casal chocolates, chocolate encantado, confeitaria mágica, evento temático, festa divertida., manto produções, personagens doces, personagens fofos",,"https://mantoproducoes.com.br/wp-content/uploads/2025/08/IMG_3423-scaled.jpg, https://mantoproducoes.com.br/wp-content/uploads/2025/08/PHOTO-2025-06-28-07-55-04-scaled.jpg, https://mantoproducoes.com.br/wp-content/uploads/2025/08/PHOTO-2025-06-28-07-54-54-scaled.jpg, https://mantoproducoes.com.br/wp-content/uploads/2025/08/IMG_3433-scaled.jpg, https://mantoproducoes.com.br/wp-content/uploads/2025/08/IMG_3428-scaled.jpg",,,,,,,,,0,,0,default,default,default,default,default,,892,1,164,set,60
4897,simple,,,"Casal Sorvetinhos",1,0,visible,"O <strong data-start=""20"" data-end=""41"">Casal Sorvetinhos</strong> traz um toque refrescante e cheio de encanto para qualquer evento! 🍦💙 Com figurinos coloridos, divertidos e cheios de detalhes, esses personagens espalham alegria e transformam o ambiente em um verdadeiro universo doce e mágico. Ideais para compor experiências lúdicas, eles são perfeitos para criar momentos inesquecíveis com muito sabor e fantasia! ✨",,,,taxable,,1,,,0,0,,,,,0,,,,"Casais, Docinhos","casal sorvetinhos, confeitaria mágica, evento temático, festa divertida., manto produções, personagens doces, personagens fofos, sorvete encantado",,"https://mantoproducoes.com.br/wp-content/uploads/2025/08/9bc478d0-0032-48d2-a349-5a1864e6901e.jpg, https://mantoproducoes.com.br/wp-content/uploads/2025/08/392e3a38-5261-4e3f-9930-7753c86dafab.jpg, https://mantoproducoes.com.br/wp-content/uploads/2025/08/cbf1edd3-a314-4e80-85a5-3ab5fef07eb6.jpg, https://mantoproducoes.com.br/wp-content/uploads/2025/08/b9ad62a5-1e1c-4ba5-b103-99efe9388158.jpg, https://mantoproducoes.com.br/wp-content/uploads/2025/08/31b1cd75-f26c-4193-a935-59ce0d942a2b.jpg",,,,,,,,,0,,0,default,default,default,default,default,,892,1,116,set,60
4904,simple,,,"Casal Bolo e Docinhos",1,0,visible,"O <strong data-start=""20"" data-end=""45"">Casal Bolo e Docinhos</strong> é pura doçura e magia! 🍰🍭 Vestidos com figurinos encantadores e cheios de detalhes, eles trazem o universo dos sabores para dentro da sua festa, criando um clima divertido, colorido e inesquecível. Perfeitos para eventos temáticos, espalham alegria e conquistam crianças e adultos com seu visual doce e encantador! ✨",,,,taxable,,1,,,0,0,,,,,0,,,,"Casais, Docinhos","casal bolo e docinhos, confeitaria encantada, doces divertidos, evento mágico, festa temática, manto produções, personagens doces, personagens fofos",,"https://mantoproducoes.com.br/wp-content/uploads/2025/08/6f52f607-7178-4b0a-8957-44854e705537.jpg, https://mantoproducoes.com.br/wp-content/uploads/2025/08/b6fc9799-837f-4772-a557-08f51225dd03.jpg, https://mantoproducoes.com.br/wp-content/uploads/2025/08/df5d5379-180c-4fe7-ab30-3fc4e24ae2ab.jpg, https://mantoproducoes.com.br/wp-content/uploads/2025/08/2dc3ea2c-5fe7-4885-97d5-c89d56d966f6.jpg",,,,,,,,,0,,0,default,default,default,default,default,,892,1,183,set,60
4909,simple,,,"Dolce&Gabbana Girl",1,0,visible,"<p data-start=""0"" data-end=""359"">A <strong data-start=""20"" data-end=""42"">Dolce&amp;Gabbana Girl</strong> traz todo o glamour e a sofisticação da alta moda italiana para a sua festa! ✨ Inspirada nos icônicos desfiles da grife, ela brilha com figurinos luxuosos, estampas vibrantes e muito estilo. Com um visual impactante e envolvente, é perfeita para criar momentos únicos, elegantes e inesquecíveis no seu evento. 🌹👠</p>\n<p data-start=""361"" data-end=""514"" data-is-last-node="""" data-is-only-node=""""></p>",,,,taxable,,1,,,0,0,,,,,0,,,,"Fashion, Performáticos, Social","alta costura, desfile de moda, dolce gabbana girl, evento sofisticado, luxo e glamour, manto produções, moda italiana, personagem fashion",,"https://mantoproducoes.com.br/wp-content/uploads/2025/08/Captura-de-Tela-2025-08-26-as-11.48.20.png, https://mantoproducoes.com.br/wp-content/uploads/2025/08/Captura-de-Tela-2025-08-26-as-11.48.23.png, https://mantoproducoes.com.br/wp-content/uploads/2025/08/Captura-de-Tela-2025-08-26-as-11.48.29.png, https://mantoproducoes.com.br/wp-content/uploads/2025/08/Captura-de-Tela-2025-08-26-as-11.48.27.png, https://mantoproducoes.com.br/wp-content/uploads/2025/08/Captura-de-Tela-2025-08-26-as-11.48.25.png",,,,,,,,,0,,0,default,default,default,default,default,,642,1,169,set,60
4916,simple,,,"Bvlgari Girl",1,0,visible,"<p data-start=""0"" data-end=""391"">A <strong data-start=""20"" data-end=""36"">Bvlgari Girl</strong> é a personificação do luxo, da sofisticação e do brilho das joias mais icônicas do mundo. 💎✨ Inspirada na alta joalheria italiana, ela traz um visual elegante, moderno e impactante, perfeito para eventos exclusivos e inesquecíveis. Com detalhes reluzentes e um charme irresistível, é a escolha ideal para criar uma atmosfera glamorosa e refinada. 🌟👑</p>\n<p data-start=""393"" data-end=""545"" data-is-last-node="""" data-is-only-node=""""></p>",,,,taxable,,1,,,0,0,,,,,0,,,,"Fashion, Performáticos, Social","alta joalheria, brilho e elegância, bvlgari girl, evento premium, glamour sofisticado, manto produções, moda de luxo, personagem fashion",,"https://mantoproducoes.com.br/wp-content/uploads/2025/08/Captura-de-Tela-2025-08-26-as-11.49.15.png, https://mantoproducoes.com.br/wp-content/uploads/2025/08/Captura-de-Tela-2025-08-26-as-11.49.17.png, https://mantoproducoes.com.br/wp-content/uploads/2025/08/Captura-de-Tela-2025-08-26-as-11.49.24.png, https://mantoproducoes.com.br/wp-content/uploads/2025/08/Captura-de-Tela-2025-08-26-as-11.49.22.png, https://mantoproducoes.com.br/wp-content/uploads/2025/08/Captura-de-Tela-2025-08-26-as-11.49.21.png, https://mantoproducoes.com.br/wp-content/uploads/2025/08/Captura-de-Tela-2025-08-26-as-11.49.19.png",,,,,,,,,0,,0,default,default,default,default,default,,642,1,139,set,60
4923,simple,,,"Gucci Girl",1,0,visible,"A <strong data-start=""20"" data-end=""34"">Gucci Girl</strong> é puro estilo, atitude e ousadia. 🌿✨ Inspirada no universo criativo e icônico da Gucci, ela mistura luxo contemporâneo com uma pegada fashion única, cheia de personalidade e autenticidade. Com um visual vibrante, detalhista e sofisticado, essa personagem é perfeita para eventos que pedem impacto, moda e uma presença marcante. 👑🌟",,,,taxable,,1,,,0,0,,,,,0,,,,"Fashion, Performáticos, Social","alta moda, estilo ousado, evento premium, glamour contemporâneo, gucci girl, luxo fashion, manto produções, personagem fashion",,"https://mantoproducoes.com.br/wp-content/uploads/2025/08/Captura-de-Tela-2025-08-26-as-11.50.36.png, https://mantoproducoes.com.br/wp-content/uploads/2025/08/Captura-de-Tela-2025-08-26-as-11.50.39.png, https://mantoproducoes.com.br/wp-content/uploads/2025/08/Captura-de-Tela-2025-08-26-as-11.50.37.png, https://mantoproducoes.com.br/wp-content/uploads/2025/08/Captura-de-Tela-2025-08-26-as-11.50.40.png, https://mantoproducoes.com.br/wp-content/uploads/2025/08/Captura-de-Tela-2025-08-26-as-11.50.43.png",,,,,,,,,0,,0,default,default,default,default,default,,642,1,107,set,60
4930,simple,,,"Laeeb (Copa 2022)",1,0,visible,"O <strong data-start=""20"" data-end=""30"">La’eeb</strong>, mascote oficial da Copa do Mundo FIFA 2022, é pura energia, alegria e carisma! ⚽🌟 Representando um espírito aventureiro e cheio de imaginação, ele encanta adultos e crianças com sua personalidade divertida e acolhedora. Com seu visual único e flutuante, La’eeb é perfeito para eventos temáticos, ativações esportivas e momentos de interação inesquecíveis.",,,,taxable,,1,,,0,0,,,,,0,,,,Esportes,"animação esportiva, esporte, evento temático, fifa, futebol, laeeb, manto produções, mascote copa do mundo, personagem infantil",,"https://mantoproducoes.com.br/wp-content/uploads/2025/08/Captura-de-Tela-2025-08-26-as-11.53.42.png, https://mantoproducoes.com.br/wp-content/uploads/2025/08/Captura-de-Tela-2025-08-26-as-11.53.54.png, https://mantoproducoes.com.br/wp-content/uploads/2025/08/Captura-de-Tela-2025-08-26-as-11.53.48.png, https://mantoproducoes.com.br/wp-content/uploads/2025/08/Captura-de-Tela-2025-08-26-as-11.53.43.png",,,,,,,,,0,,0,default,default,default,default,default,,831,1,114,set,60
4935,simple,,,Esportes,1,0,visible,"O tema <strong data-start=""25"" data-end=""37"">Esportes</strong> traz todo o dinamismo e a energia do universo esportivo para o seu evento! 🏀⚽🎾 Com figurinos vibrantes, adereços temáticos e personagens animados, essa atração transforma qualquer celebração em um verdadeiro campeonato de diversão. É perfeito para festas, ativações e eventos que buscam envolver o público com movimento, desafios e interação.",,,,taxable,,1,,,0,0,,,,,0,,,,Esportes,"animação, diversão, entretenimento, esportes, evento temático, festa infantil., festa interativa, manto produções, personagens esportivos",,"https://mantoproducoes.com.br/wp-content/uploads/2025/08/Captura-de-Tela-2025-08-26-as-11.55.53.png, https://mantoproducoes.com.br/wp-content/uploads/2025/08/Captura-de-Tela-2025-08-26-as-11.56.09.png, https://mantoproducoes.com.br/wp-content/uploads/2025/08/Captura-de-Tela-2025-08-26-as-11.55.55.png, https://mantoproducoes.com.br/wp-content/uploads/2025/08/Captura-de-Tela-2025-08-26-as-11.56.06.png, https://mantoproducoes.com.br/wp-content/uploads/2025/08/Captura-de-Tela-2025-08-26-as-11.56.07.png, https://mantoproducoes.com.br/wp-content/uploads/2025/08/Captura-de-Tela-2025-08-26-as-11.56.10.png, https://mantoproducoes.com.br/wp-content/uploads/2025/08/Captura-de-Tela-2025-08-26-as-11.56.04.png, https://mantoproducoes.com.br/wp-content/uploads/2025/08/Captura-de-Tela-2025-08-26-as-11.56.02.png, https://mantoproducoes.com.br/wp-content/uploads/2025/08/Captura-de-Tela-2025-08-26-as-11.56.01.png, https://mantoproducoes.com.br/wp-content/uploads/2025/08/Captura-de-Tela-2025-08-26-as-11.56.00.png",,,,,,,,,0,,0,default,default,default,default,default,,831,1,61,set,60
4946,simple,,,"Jogadores de Futebol",1,0,visible,"Os <strong data-start=""21"" data-end=""45"">Jogadores de Futebol</strong> trazem a energia dos estádios diretamente para o seu evento! ⚽🔥 Representando <strong data-start=""125"" data-end=""143"">todos os times</strong>, eles não só interagem com o público e tiram fotos, mas também fazem <strong data-start=""213"" data-end=""240"">embaixadinhas incríveis</strong>, criando um show à parte que encanta crianças e adultos. Uma atração perfeita para festas temáticas, ativações esportivas, eventos promocionais e experiências imersivas.",,,,taxable,,1,,,0,0,,,,,0,,,,Esportes,"animação, embaixadinhas, entretenimento, evento temático, festa infantil., futebol, jogadores, manto produções, personagens esportivos, times de futebol, torcida",,"https://mantoproducoes.com.br/wp-content/uploads/2025/08/Captura-de-Tela-2025-08-26-as-11.58.02.png, https://mantoproducoes.com.br/wp-content/uploads/2025/08/Captura-de-Tela-2025-08-26-as-11.58.18.png, https://mantoproducoes.com.br/wp-content/uploads/2025/08/Captura-de-Tela-2025-08-26-as-11.58.16.png, https://mantoproducoes.com.br/wp-content/uploads/2025/08/Captura-de-Tela-2025-08-26-as-11.58.10.png, https://mantoproducoes.com.br/wp-content/uploads/2025/08/Captura-de-Tela-2025-08-26-as-11.57.57.png",,,,,,,,,0,,0,default,default,default,default,default,,831,1,211,set,60
4952,simple,,,"Fadas Brancas",1,0,visible,"As <strong data-start=""21"" data-end=""38"">Fadas Brancas</strong> são a definição de magia e encanto! 🧚‍♀️✨ Com figurinos delicados, asas cintilantes e uma presença cheia de luz, elas transformam qualquer ambiente em um verdadeiro conto de fadas. Perfeitas para recepcionar convidados, tirar fotos e criar momentos inesquecíveis, trazendo um toque de pureza, elegância e fantasia para o seu evento.",,,,taxable,,1,,,0,0,,,,,0,,,,"Fadas, Social","animação infantil, conto de fadas, entretenimento, evento temático, fadas, fantasia, manto produções, personagens mágicos, personagens para festa, recepção encantada",,"https://mantoproducoes.com.br/wp-content/uploads/2025/08/Captura-de-Tela-2025-08-26-as-12.06.25.png, https://mantoproducoes.com.br/wp-content/uploads/2025/08/Captura-de-Tela-2025-08-26-as-12.10.18.png, https://mantoproducoes.com.br/wp-content/uploads/2025/08/Captura-de-Tela-2025-08-26-as-12.06.29.png",,,,,,,,,0,,0,default,default,default,default,default,,284,1,191,set,60
4956,simple,,,"Fadas Borboletas",1,0,visible,"As <strong data-start=""21"" data-end=""41"">Fadas Borboletas</strong> são a união perfeita entre magia e delicadeza! 🧚‍♀️🦋 Com asas coloridas, figurinos deslumbrantes e movimentos suaves, elas encantam todos ao seu redor, trazendo vida, cor e fantasia para qualquer evento. Ideais para recepções, fotos e interações, criam uma atmosfera lúdica e inesquecível para crianças e adultos.",,,,taxable,,1,,,0,0,,,,,0,,,,Fadas,"animação infantil, borboletas, encanto, entretenimento, evento temático, fadas, fantasia, manto produções, personagens mágicos, personagens para festa, recepção encantada",,"https://mantoproducoes.com.br/wp-content/uploads/2025/08/fadasborboletas-2.jpg, https://mantoproducoes.com.br/wp-content/uploads/2025/08/1683655035185-scaled.jpeg, https://mantoproducoes.com.br/wp-content/uploads/2025/08/1683655455507-scaled.jpeg, https://mantoproducoes.com.br/wp-content/uploads/2025/08/1683655801547-scaled.jpeg, https://mantoproducoes.com.br/wp-content/uploads/2025/08/1683656252713-scaled.jpeg, https://mantoproducoes.com.br/wp-content/uploads/2025/08/1683656348909-scaled.jpeg",,,,,,,,,0,,0,default,default,default,default,default,,284,1,347,set,60
4964,simple,,,"Fadas, Flores e Elfos",1,0,visible,"As <strong data-start=""21"" data-end=""46"">Fadas, Flores e Elfos</strong> trazem um espetáculo de magia e encanto para qualquer evento! 🧚‍♀️🌸✨ Com figurinos vibrantes, asas deslumbrantes e uma aura de fantasia, esses personagens criam um cenário de pura imaginação. Perfeitos para recepções, fotos e interações com o público, eles transportam crianças e adultos para um universo mágico cheio de cor, alegria e encantamento.",,,,taxable,,1,,,0,0,,,,,0,,,,Fadas,"animação infantil, elfos, encanto, entretenimento, evento temático, fadas, fantasia, flores, manto produções, personagens mágicos, personagens para festa, recepção encantada",,"https://mantoproducoes.com.br/wp-content/uploads/2025/08/75f46c93-b4a7-43e9-83e8-d9ff411e8857.jpg, https://mantoproducoes.com.br/wp-content/uploads/2025/08/6223b32b-eed7-4b53-8e28-e5604c7b3e4b.jpg, https://mantoproducoes.com.br/wp-content/uploads/2025/08/cd9e7c62-1037-43eb-8959-eeec134453f1.jpg, https://mantoproducoes.com.br/wp-content/uploads/2025/08/8fa1f7b2-8510-49b3-8e30-adaff9a26e4e.jpg, https://mantoproducoes.com.br/wp-content/uploads/2025/08/86a22bee-2ef8-4a8f-b6ea-8a6abc48f926.jpg, https://mantoproducoes.com.br/wp-content/uploads/2025/08/83b17923-0077-43ff-b2a0-277632479f8b.jpg, https://mantoproducoes.com.br/wp-content/uploads/2025/08/c5528486-e48e-44d4-98a7-9029082b73d0.jpg, https://mantoproducoes.com.br/wp-content/uploads/2025/08/230c993c-cbfc-4cc8-8761-c875c169979d.jpg, https://mantoproducoes.com.br/wp-content/uploads/2025/08/1c13c872-5397-4d31-952a-09c37a218bcd.jpg, https://mantoproducoes.com.br/wp-content/uploads/2025/08/8ae12294-1a9c-4506-9454-3d923036f788.jpg, https://mantoproducoes.com.br/wp-content/uploads/2025/08/f8f86155-3ece-41fb-85f4-bece77a846a2.jpg",,,,,,,,,0,,0,default,default,default,default,default,,284,1,300,set,60
4976,simple,,,"Sininho e Fadas",1,0,visible,"A <strong data-start=""20"" data-end=""31"">Sininho</strong> e suas <strong data-start=""39"" data-end=""59"">fadas encantadas</strong> chegam para espalhar brilho, leveza e muita magia pelo ar! 🧚‍♀️✨ Com figurinos deslumbrantes, asas reluzentes e sorrisos encantadores, elas transformam qualquer evento em um verdadeiro conto de fadas. Perfeitas para recepções, interações com o público, sessões de fotos e experiências inesquecíveis, essas personagens trazem fantasia, beleza e encantamento para crianças e adultos.",,,,taxable,,1,,,0,0,,,,,0,,,,Fadas,"conto de fadas, entretenimento infantil, evento temático, fadas, fantasia, magia, manto produções, personagens encantados, personagens para festa, recepção mágica, sininho",,"https://mantoproducoes.com.br/wp-content/uploads/2025/08/66fd83a4-49a6-4aa1-9d66-01ba11d8c7dd.jpg, https://mantoproducoes.com.br/wp-content/uploads/2025/08/d4f94aed-267e-4083-a332-6b1e516b529e.jpg, https://mantoproducoes.com.br/wp-content/uploads/2025/08/76e3d6f9-f77c-45ce-9f53-d74931cc11c8.jpg, https://mantoproducoes.com.br/wp-content/uploads/2025/08/3469df7c-4716-4b39-a1cd-f36c50724e11.jpg, https://mantoproducoes.com.br/wp-content/uploads/2025/08/a59e4ced-bdac-493a-914e-a478f389af26.jpg, https://mantoproducoes.com.br/wp-content/uploads/2025/08/a303b70c-77d9-4e2f-a336-18d87aabaf9b.jpg, https://mantoproducoes.com.br/wp-content/uploads/2025/08/39cce0dd-49c0-48cc-9f9f-0292b5a507c8.jpg, https://mantoproducoes.com.br/wp-content/uploads/2025/08/4ed264ea-c3fb-463c-b012-c63818034570.jpg",,,,,,,,,0,,0,default,default,default,default,default,,284,1,173,set,60
4986,simple,,,"Fadas e Duendes",1,0,visible,"As <strong data-start=""21"" data-end=""40"">Fadas e Duendes</strong> trazem uma atmosfera mágica e sofisticada, com figurinos luxuosos, cheios de detalhes e brilho! 🧚‍♀️✨ Apesar do nome, aqui temos apenas <strong data-start=""178"" data-end=""187"">fadas</strong> — personagens encantadoras com um visual mais <strong data-start=""234"" data-end=""255"">elegante e etéreo</strong>, perfeitas para recepções, interações e experiências inesquecíveis. Elas encantam crianças e adultos, transformando qualquer evento em um verdadeiro cenário de fantasia.",,,,taxable,,1,,,0,0,,,,,0,,,,"Fadas, Jardim Mágico","entretenimento infantil, evento temático, fadas, fantasia, figurino elegante, magia, manto produções, personagens encantados, personagens para festa, recepção mágica",,"https://mantoproducoes.com.br/wp-content/uploads/2025/08/4a797dfb-27bf-4e12-a0a9-907a78014952.jpg, https://mantoproducoes.com.br/wp-content/uploads/2025/08/27b8d6fd-5916-438f-acab-4a14a43c692d.jpg, https://mantoproducoes.com.br/wp-content/uploads/2025/08/e40048b8-695d-4fdc-9ab0-48550261bc67.jpg",,,,,,,,,0,,0,default,default,default,default,default,,664,1,251,set,60
4992,simple,,,"Circo Circolândia",1,0,visible,"O <strong data-start=""20"" data-end=""41"">Circo Circolândia</strong> é um espetáculo cheio de <strong data-start=""67"" data-end=""93"">magia, cores e alegria</strong>, com personagens vibrantes, figurinos deslumbrantes e performances que encantam todas as idades! 🎪✨ Palhaços, malabaristas, acrobatas e criaturas divertidas transformam o ambiente em um verdadeiro parque de fantasia, criando memórias inesquecíveis e experiências interativas para todo o público.",,,,taxable,,1,,,0,0,,,,,0,,,,Circo,"acrobatas, circo, diversão, entretenimento infantil, evento temático, fantasia, magia, manto produções, palhaços, personagens circenses, personagens para festa",,"https://mantoproducoes.com.br/wp-content/uploads/2025/08/Captura-de-Tela-2025-08-26-as-12.23.05.png, https://mantoproducoes.com.br/wp-content/uploads/2025/08/Captura-de-Tela-2025-08-26-as-12.23.16.png, https://mantoproducoes.com.br/wp-content/uploads/2025/08/Captura-de-Tela-2025-08-26-as-12.23.13.png, https://mantoproducoes.com.br/wp-content/uploads/2025/08/Captura-de-Tela-2025-08-26-as-12.23.12.png, https://mantoproducoes.com.br/wp-content/uploads/2025/08/Captura-de-Tela-2025-08-26-as-12.23.10.png, https://mantoproducoes.com.br/wp-content/uploads/2025/08/Captura-de-Tela-2025-08-26-as-12.23.08.png, https://mantoproducoes.com.br/wp-content/uploads/2025/08/Captura-de-Tela-2025-08-26-as-12.23.07.png, https://mantoproducoes.com.br/wp-content/uploads/2025/08/Captura-de-Tela-2025-08-26-as-12.23.03.png, https://mantoproducoes.com.br/wp-content/uploads/2025/08/Captura-de-Tela-2025-08-26-as-12.23.01.png, https://mantoproducoes.com.br/wp-content/uploads/2025/08/Captura-de-Tela-2025-08-26-as-12.22.59.png",,,,,,,,,0,,0,default,default,default,default,default,,117,1,125,set,60
5003,simple,,,"Espeto e Catapora",1,0,visible,"<strong data-start=""18"" data-end=""39"">Espeto e Catapora</strong> são dois irmãos palhaços que levam a diversão a outro nível! 🤡✨ Com suas trapalhadas, risadas contagiosas e interações cheias de energia, eles transformam qualquer evento em um verdadeiro espetáculo de alegria. A dupla combina humor, improviso e magia, criando momentos inesquecíveis para crianças e adultos.",,,,taxable,,1,,,0,0,,,,,0,,,,Circo,"comédia, diversão, entretenimento, espetáculo infantil, evento temático, humor, manto produções, palhaços, personagens circenses, personagens para festa",,"https://mantoproducoes.com.br/wp-content/uploads/2025/08/6264b333-e91d-4cc8-9f0e-8051a9185293-scaled.jpg, https://mantoproducoes.com.br/wp-content/uploads/2025/08/IMG_5058-scaled.jpg, https://mantoproducoes.com.br/wp-content/uploads/2025/08/85345984-c048-4b94-9a49-8c49044060ea-scaled.jpg, https://mantoproducoes.com.br/wp-content/uploads/2025/08/IMG_5087-scaled.jpg, https://mantoproducoes.com.br/wp-content/uploads/2025/08/fee82675-939f-4c0a-a3c7-bec410f949d9-scaled.jpg, https://mantoproducoes.com.br/wp-content/uploads/2025/08/IMG_5049-scaled.jpg, https://mantoproducoes.com.br/wp-content/uploads/2025/08/IMG_5023-scaled.jpg, https://mantoproducoes.com.br/wp-content/uploads/2025/08/IMG_5032-scaled.jpg, https://mantoproducoes.com.br/wp-content/uploads/2025/08/IMG_5052-scaled.jpg",,,,,,,,,0,,0,default,default,default,default,default,,117,1,141,set,60
5015,simple,,,"Mulher com 4 Pernas",1,0,visible,"A <strong data-start=""20"" data-end=""42"">Mulher de 4 Pernas</strong> é uma personagem excêntrica, única e completamente magnética! 👠✨ Inspirada no universo circense, ela impressiona pelo visual surreal e pela presença impactante. Com figurinos elaborados e uma performance cheia de mistério, é perfeita para criar um clima mágico, lúdico e cheio de fantasia no seu evento.",,,,taxable,,1,,,0,0,,,,,0,,,,"Circo, Halloween","atrações interativas, entretenimento, espetáculo, fantasia, ilusão, manto produções, personagem circense, personagens para festa, show temático, teatro visual",,"https://mantoproducoes.com.br/wp-content/uploads/2025/08/Captura-de-Tela-2025-08-26-as-12.29.11.png, https://mantoproducoes.com.br/wp-content/uploads/2025/08/Captura-de-Tela-2025-08-26-as-12.29.13.png, https://mantoproducoes.com.br/wp-content/uploads/2025/08/Captura-de-Tela-2025-08-26-as-12.29.15.png",,,,,,,,,0,,0,default,default,default,default,default,,117,1,104,set,60
5019,simple,,,"Mc Manto Feliz",1,0,visible,"O <strong data-start=""20"" data-end=""38"">Mc Manto Feliz</strong> chegou para espalhar alegria, magia e muitas risadas! 🍟✨ Com um visual vibrante, cheio de personalidade e energia contagiante, esse personagem é perfeito para divertir crianças e adultos. Sua presença traz uma atmosfera lúdica e interativa, transformando qualquer evento em uma experiência inesquecível.",,,,taxable,,1,,,0,0,,,,,0,,,,Circo,"alegria, diversão, entretenimento, espetáculo, eventos temáticos, experiência mágica, manto produções, personagem infantil, personagens para festa, show interativo",,"https://mantoproducoes.com.br/wp-content/uploads/2025/08/Captura-de-Tela-2025-08-26-as-12.30.23.png, https://mantoproducoes.com.br/wp-content/uploads/2025/08/Captura-de-Tela-2025-08-26-as-12.30.32.png, https://mantoproducoes.com.br/wp-content/uploads/2025/08/Captura-de-Tela-2025-08-26-as-12.30.28.png, https://mantoproducoes.com.br/wp-content/uploads/2025/08/Captura-de-Tela-2025-08-26-as-12.30.26.png, https://mantoproducoes.com.br/wp-content/uploads/2025/08/Captura-de-Tela-2025-08-26-as-12.30.25.png, https://mantoproducoes.com.br/wp-content/uploads/2025/08/Captura-de-Tela-2025-08-26-as-12.30.30.png, https://mantoproducoes.com.br/wp-content/uploads/2025/08/Captura-de-Tela-2025-08-26-as-12.30.33.png, https://mantoproducoes.com.br/wp-content/uploads/2025/08/Captura-de-Tela-2025-08-26-as-12.30.35.png",,,,,,,,,0,,0,default,default,default,default,default,,117,1,268,set,60
5028,simple,,,"Circo Arco-Íris e Bandinha",1,0,visible,"O <strong data-start=""20"" data-end=""50"">Circo Arco-Íris e Bandinha</strong> é pura explosão de cor, magia e alegria! 🎪🌈 Uma experiência encantadora que mistura palhaçaria, música ao vivo e personagens vibrantes que transformam qualquer evento em um verdadeiro espetáculo. A bandinha traz um show interativo, envolvente e cheio de surpresas, convidando o público para cantar, dançar e se divertir do início ao fim.",,,,taxable,,1,,,0,0,,,,,0,,,,Circo,"bandinha animada, circo infantil, diversão garantida, entretenimento para crianças, espetáculo colorido, eventos temáticos, experiência mágica, manto produções, personagens para festa, show interativo",,"https://mantoproducoes.com.br/wp-content/uploads/2025/08/Captura-de-Tela-2025-08-26-as-12.33.58.png, https://mantoproducoes.com.br/wp-content/uploads/2025/08/Captura-de-Tela-2025-08-26-as-12.34.20.png, https://mantoproducoes.com.br/wp-content/uploads/2025/08/Captura-de-Tela-2025-08-26-as-12.34.12.png, https://mantoproducoes.com.br/wp-content/uploads/2025/08/Captura-de-Tela-2025-08-26-as-12.34.07.png, https://mantoproducoes.com.br/wp-content/uploads/2025/08/Captura-de-Tela-2025-08-26-as-12.34.05.png, https://mantoproducoes.com.br/wp-content/uploads/2025/08/Captura-de-Tela-2025-08-26-as-12.33.58.png",,,,,,,,,0,,0,default,default,default,default,default,,117,1,174,set,60
5035,simple,,,"Mágico Close Up",1,0,visible,"O <strong data-start=""20"" data-end=""39"">Mágico Close Up</strong> traz um show intimista, surpreendente e interativo, perfeito para deixar qualquer evento inesquecível. 🪄✨ Com truques feitos bem de perto, ele encanta e impressiona com efeitos impossíveis aos olhos do público, envolvendo cada pessoa em momentos de pura magia. Ideal para festas, eventos corporativos e celebrações especiais.",,,,taxable,,1,,,0,0,,,,,0,,,,Circo,"entretenimento exclusivo, espetáculo de ilusionismo, eventos corporativos, experiência personalizada, magia interativa, mágico close up, manto produções, personagens para festa, show de mágica, truques impressionantes",,"https://mantoproducoes.com.br/wp-content/uploads/2025/08/Captura-de-Tela-2025-08-26-as-12.36.19.png, https://mantoproducoes.com.br/wp-content/uploads/2025/08/Captura-de-Tela-2025-08-26-as-12.36.27.png, https://mantoproducoes.com.br/wp-content/uploads/2025/08/Captura-de-Tela-2025-08-26-as-12.36.22.png",,,,,,,,,0,,0,default,default,default,default,default,,117,1,155,set,60
5040,simple,,,"Casal Grillô e Laçarote",1,0,visible,"O <strong data-start=""20"" data-end=""47"">Casal Grillô e Laçarote</strong> é pura diversão e encantamento! 🤡✨ Esses palhaços carismáticos trazem uma energia contagiante, com cenas cômicas, brincadeiras interativas e muita alegria para todas as idades. Com figurinos coloridos e uma performance cheia de surpresas, eles transformam qualquer evento em um espetáculo mágico e inesquecível.",,,,taxable,,1,,,0,0,,,,,0,,,,"Casais, Circo","animação para eventos, casal grillô e laçarote, diversão garantida, entretenimento infantil, espetáculo interativo, figurinos coloridos, manto produções, palhaços divertidos, personagens para festa, show de humor",,"https://mantoproducoes.com.br/wp-content/uploads/2025/08/IMG_6984-scaled.jpg, https://mantoproducoes.com.br/wp-content/uploads/2025/08/IMG_6840-scaled.jpg, https://mantoproducoes.com.br/wp-content/uploads/2025/08/IMG_6877-scaled.jpg, https://mantoproducoes.com.br/wp-content/uploads/2025/08/20fb82ac-fe5b-4e4a-be14-ef38d8d344f2.jpg, https://mantoproducoes.com.br/wp-content/uploads/2025/08/48f40d9c-8f44-4136-9a5a-16fa56ed32ad.jpg, https://mantoproducoes.com.br/wp-content/uploads/2025/08/b2773654-c586-446f-9db4-ac1705ae64a6.jpg, https://mantoproducoes.com.br/wp-content/uploads/2025/08/IMG_6961-scaled.jpg, https://mantoproducoes.com.br/wp-content/uploads/2025/08/9f35f523-bc3e-44ab-8448-d586fc8caf66.jpg",,,,,,,,,0,,0,default,default,default,default,default,,117,1,128,set,60
5049,simple,,,"Patati e Patata",1,0,visible,"A dupla <strong data-start=""26"" data-end=""45"">Patati e Patatá</strong> é sinônimo de alegria, cores e muita diversão! 🤡🎶 Com músicas animadas, brincadeiras interativas e um carisma irresistível, eles encantam crianças e adultos, transformando qualquer evento em um verdadeiro espetáculo. Uma opção perfeita para trazer energia e magia para festas e apresentações.",,,,taxable,,1,,,0,0,,,,,0,,,,Circo,"alegria garantida, animação para eventos, diversão infantil, dupla de palhaços, entretenimento para crianças, espetáculo colorido, manto produções, patati e patatá, personagens para festa, show musical",,"https://mantoproducoes.com.br/wp-content/uploads/2025/08/61301b15-6f72-4fb0-80aa-b4856b9ffbb4.jpg, https://mantoproducoes.com.br/wp-content/uploads/2025/08/02bc4f22-5ce5-4327-87bb-38f910e7b5ba.jpg, https://mantoproducoes.com.br/wp-content/uploads/2025/08/b4e21d7f-2505-43ba-983b-92e52973d311.jpg, https://mantoproducoes.com.br/wp-content/uploads/2025/08/b2670623-4640-4b8b-8084-dd4b5e140800.jpg, https://mantoproducoes.com.br/wp-content/uploads/2025/08/584aa176-f6a4-43b1-a988-3eb620538fb1.jpg",,,,,,,,,0,,0,default,default,default,default,default,,117,1,115,set,60
5055,simple,,,"Circo Candy Color",1,0,visible,"<p data-start=""0"" data-end=""373"">O <strong data-start=""20"" data-end=""41"">Circo Candy Color</strong> é um show cheio de magia, fofura e encanto! 🎪🍭 Inspirado em um universo lúdico e doce, traz palhaços, acrobatas e personagens encantadores em figurinos vibrantes e tons pastel, criando uma atmosfera mágica e inesquecível. Uma experiência divertida e visualmente deslumbrante, perfeita para eventos que pedem alegria e fantasia.</p>\n<p data-start=""375"" data-end=""583"" data-is-last-node="""" data-is-only-node=""""></p>",,,,taxable,,1,,,0,0,,,,,0,,,,Circo,"circo candy color, diversão para crianças, entretenimento mágico, espetáculo infantil, evento temático, figurinos coloridos, manto produções, personagens fofos, show lúdico, universo encantado",,"https://mantoproducoes.com.br/wp-content/uploads/2025/08/0133621d-a3e6-44db-a57a-8d8a658241c6.jpg, https://mantoproducoes.com.br/wp-content/uploads/2025/08/db1d7d41-3f65-439d-871a-22151103e3a9.jpg, https://mantoproducoes.com.br/wp-content/uploads/2025/08/54603712-b5b3-4305-97ed-a2ae19348e1e.jpg, https://mantoproducoes.com.br/wp-content/uploads/2025/08/b165c8dd-6762-4cf3-a611-764254f65f21.jpg, https://mantoproducoes.com.br/wp-content/uploads/2025/08/3f1899e8-ccef-4976-ab43-06c12570e5f8.jpg, https://mantoproducoes.com.br/wp-content/uploads/2025/08/18df6f07-5340-4a4f-b78c-f0b104a0b3de.jpg, https://mantoproducoes.com.br/wp-content/uploads/2025/08/2cdbc2e6-e9b9-4f30-8669-ffc7a9538f88.jpg, https://mantoproducoes.com.br/wp-content/uploads/2025/08/58c7b291-b714-4350-bef8-302a87a6b628.jpg, https://mantoproducoes.com.br/wp-content/uploads/2025/08/c18fbfe8-2029-4d8c-b807-74fedd58362a.jpg, https://mantoproducoes.com.br/wp-content/uploads/2025/08/6bd80216-1bfd-45c9-9048-ee4961f9e3d3.jpg, https://mantoproducoes.com.br/wp-content/uploads/2025/08/34d10400-f3a2-4c81-87da-7632df84e28f.jpg, https://mantoproducoes.com.br/wp-content/uploads/2025/08/44864868-a4f5-4db0-ba69-c2d4103d3158.jpg",,,,,,,,,0,,0,default,default,default,default,default,,117,1,268,set,60
5068,simple,,,"Candinho e Filomena",1,0,visible,"Candinho e Filomena trazem um espetáculo de magia, encanto e muita doçura! Com figurinos brilhantes e cheios de detalhes, eles criam uma atmosfera lúdica e colorida que transforma qualquer evento em um verdadeiro conto de fadas. Ideais para festas encantadas e experiências inesquecíveis.",,,,taxable,,1,,,0,0,,,,,0,,,,Circo,"candinho e filomena, diversão e fantasia, festa encantada, figurino colorido, magia e encanto, manto produções, personagens infantis, personagens lúdicos, personagens para eventos",,"https://mantoproducoes.com.br/wp-content/uploads/2025/08/279fe6ac-60b1-4151-af2e-14f468c250f1.jpg, https://mantoproducoes.com.br/wp-content/uploads/2025/08/9f1ce1cf-87a2-460c-8c23-873a618cfcbc.jpg, https://mantoproducoes.com.br/wp-content/uploads/2025/08/d3097a08-3145-4414-a7d5-0e3e233993f5.jpg, https://mantoproducoes.com.br/wp-content/uploads/2025/08/c2cd63fb-e843-49dc-ae1d-966033ea4a84.jpg, https://mantoproducoes.com.br/wp-content/uploads/2025/08/be320e39-4e06-4e28-8c8d-adacf68d0f4e.jpg, https://mantoproducoes.com.br/wp-content/uploads/2025/08/be1e2238-c6e9-4340-a175-a98274d3b63a.jpg, https://mantoproducoes.com.br/wp-content/uploads/2025/08/e8369013-1221-47b2-b4a6-952a9f3fd1d7.jpg, https://mantoproducoes.com.br/wp-content/uploads/2025/08/de67edcc-a38a-4bfc-b087-339a6e7f0ce4.jpg, https://mantoproducoes.com.br/wp-content/uploads/2025/08/ab8622c4-13f9-4c45-9772-c53882fd33b9.jpg, https://mantoproducoes.com.br/wp-content/uploads/2025/08/96893bce-d8e1-4013-b4d4-b44c8b546238.jpg",,,,,,,,,0,,0,default,default,default,default,default,,117,1,137,set,60
5079,simple,,,"Boneco Príncipe Estelar",1,0,visible,"O Boneco Príncipe Estelar combina a nobreza dos contos de fadas com a alegria e irreverência do universo circense. Com um figurino luxuoso, maquiagem artística cheia de personalidade e detalhes que brilham sob a luz, ele traz uma presença única e mágica para qualquer evento. Ideal para criar experiências interativas, divertidas e encantadoras.",,,,taxable,,1,,,0,0,,,,,0,,,,"Circo, Natal","boneco príncipe, espetáculo infantil, experiência imersiva, festa encantada, manto produções, maquiagem artística, palhaço mágico, personagens para eventos, príncipe estelar, realeza divertida",,"https://mantoproducoes.com.br/wp-content/uploads/2025/08/Captura-de-Tela-2025-08-26-as-12.45.31.png, https://mantoproducoes.com.br/wp-content/uploads/2025/08/Captura-de-Tela-2025-08-26-as-12.45.38.png, https://mantoproducoes.com.br/wp-content/uploads/2025/08/Captura-de-Tela-2025-08-26-as-12.45.36.png, https://mantoproducoes.com.br/wp-content/uploads/2025/08/Captura-de-Tela-2025-08-26-as-12.45.35.png, https://mantoproducoes.com.br/wp-content/uploads/2025/08/Captura-de-Tela-2025-08-26-as-12.45.33.png, https://mantoproducoes.com.br/wp-content/uploads/2025/08/Captura-de-Tela-2025-08-26-as-12.45.32.png, https://mantoproducoes.com.br/wp-content/uploads/2025/08/Captura-de-Tela-2025-08-26-as-12.45.28.png, https://mantoproducoes.com.br/wp-content/uploads/2025/08/Captura-de-Tela-2025-08-26-as-12.45.26.png",,,,,,,,,0,,0,default,default,default,default,default,,117,1,102,set,60
5088,simple,,,"Boneco de Madeira",1,0,visible,"O Boneco de Madeira é um personagem encantador que mistura a estética dos brinquedos clássicos com um toque lúdico e mágico. Assim como o Príncipe Estelar, ele traz uma maquiagem artística única, figurino detalhado e uma presença cativante, perfeita para criar experiências imersivas e inesquecíveis. Ideal para compor cenários encantados, interagir com o público e levar um ar de fantasia para qualquer evento.",,,,taxable,,1,,,0,0,,,,,0,,,,"Circo, Natal",,,"https://mantoproducoes.com.br/wp-content/uploads/2025/08/Captura-de-Tela-2025-08-26-as-12.47.51.png, https://mantoproducoes.com.br/wp-content/uploads/2025/08/Captura-de-Tela-2025-08-26-as-12.47.59.png, https://mantoproducoes.com.br/wp-content/uploads/2025/08/Captura-de-Tela-2025-08-26-as-12.47.58.png, https://mantoproducoes.com.br/wp-content/uploads/2025/08/Captura-de-Tela-2025-08-26-as-12.47.57.png, https://mantoproducoes.com.br/wp-content/uploads/2025/08/Captura-de-Tela-2025-08-26-as-12.47.56.png, https://mantoproducoes.com.br/wp-content/uploads/2025/08/Captura-de-Tela-2025-08-26-as-12.47.55.png, https://mantoproducoes.com.br/wp-content/uploads/2025/08/Captura-de-Tela-2025-08-26-as-12.47.54.png, https://mantoproducoes.com.br/wp-content/uploads/2025/08/Captura-de-Tela-2025-08-26-as-12.47.53.png, https://mantoproducoes.com.br/wp-content/uploads/2025/08/Captura-de-Tela-2025-08-26-as-12.47.52.png",,,,,,,,,0,,0,default,default,default,default,default,,117,1,92,set,60
5098,simple,,,"Circo Lona Vintage",1,0,visible,"O Circo Lona Vintage traz todo o charme e a magia dos antigos picadeiros, com um visual clássico e encantador. Com figurinos detalhados, maquiagem artística e personagens envolventes, ele cria uma atmosfera nostálgica e sofisticada, perfeita para eventos que buscam uma experiência única e imersiva. Um espetáculo que combina fantasia, encanto e diversão para todas as idades.",,,,taxable,,1,,,0,0,,,,,0,,,,Circo,"circo vintage, entretenimento criativo, espetáculo clássico, evento encantado, experiência imersiva, festa temática, lona mágica, manto produções, maquiagem artística, personagens circenses",,"https://mantoproducoes.com.br/wp-content/uploads/2025/08/Captura-de-Tela-2025-08-26-as-12.50.27.png, https://mantoproducoes.com.br/wp-content/uploads/2025/08/Captura-de-Tela-2025-08-26-as-12.50.34.png, https://mantoproducoes.com.br/wp-content/uploads/2025/08/Captura-de-Tela-2025-08-26-as-12.50.33.png, https://mantoproducoes.com.br/wp-content/uploads/2025/08/Captura-de-Tela-2025-08-26-as-12.50.31.png, https://mantoproducoes.com.br/wp-content/uploads/2025/08/Captura-de-Tela-2025-08-26-as-12.50.30.png, https://mantoproducoes.com.br/wp-content/uploads/2025/08/Captura-de-Tela-2025-08-26-as-12.50.40.png",,,,,,,,,0,,0,default,default,default,default,default,,117,1,172,set,60
5105,simple,,,"Circo Comilança",1,0,visible,"O Circo Comilança é um espetáculo cheio de magia, cores e personagens encantadores! Com um clima vibrante e interativo, a atração reúne palhaços, artistas e figuras divertidas que transformam qualquer evento em uma experiência inesquecível. Um verdadeiro show de alegria, perfeito para festas e celebrações.",,,,taxable,,1,,,0,0,,,,,0,,,,Circo,"circo comilança, entretenimento criativo, espetáculo circense, experiência inesquecível, festa temática, magia e diversão, manto produções, palhaços animados, personagens divertidos, show infantil",,"https://mantoproducoes.com.br/wp-content/uploads/2025/08/IMG_1104-scaled.jpg, https://mantoproducoes.com.br/wp-content/uploads/2025/08/IMG_1047-scaled.jpg, https://mantoproducoes.com.br/wp-content/uploads/2025/08/IMG_0966-scaled.jpg, https://mantoproducoes.com.br/wp-content/uploads/2025/08/IMG_1024-scaled.jpg, https://mantoproducoes.com.br/wp-content/uploads/2025/08/IMG_0906-scaled.jpg, https://mantoproducoes.com.br/wp-content/uploads/2025/08/IMG_1124-scaled.jpg, https://mantoproducoes.com.br/wp-content/uploads/2025/08/IMG_0882-scaled.jpg, https://mantoproducoes.com.br/wp-content/uploads/2025/08/IMG_0933-scaled.jpg, https://mantoproducoes.com.br/wp-content/uploads/2025/08/IMG_1002-scaled.jpg",,,,,,,,,0,,0,default,default,default,default,default,,117,1,189,set,60
5115,simple,,,Pierrots,1,0,visible,"Pierrots são personagens clássicos do universo circense, trazendo uma aura mágica, poética e envolvente. Com suas maquiagens artísticas, figurinos delicados e expressões marcantes, eles encantam crianças e adultos, criando um clima de sonho e fantasia em qualquer evento. Perfeitos para compor cenários sofisticados e experiências memoráveis.",,,,taxable,,1,,,0,0,,,,,0,,,,"15 Anos, Circo, Social","circo artístico, entretenimento criativo, espetáculo visual, experiência inesquecível, fantasia e magia, manto produções, maquiagem artística, personagens clássicos, pierrots, show encantador",,"https://mantoproducoes.com.br/wp-content/uploads/2025/08/Gatsby_Pierrots-074.jpg, https://mantoproducoes.com.br/wp-content/uploads/2025/08/b5e7d58c-d680-4405-8380-5aab1084ebdf.jpg, https://mantoproducoes.com.br/wp-content/uploads/2025/08/7ddf021d-7d81-4e1a-b78a-a5863275ebd2.jpg, https://mantoproducoes.com.br/wp-content/uploads/2025/08/Gatsby_Pierrots-064.jpg, https://mantoproducoes.com.br/wp-content/uploads/2025/08/Gatsby_Pierrots-068.jpg, https://mantoproducoes.com.br/wp-content/uploads/2025/08/Gatsby_Pierrots-070.jpg, https://mantoproducoes.com.br/wp-content/uploads/2025/08/daa23b18-d13d-4a91-8ca9-155f62e67192.jpg, https://mantoproducoes.com.br/wp-content/uploads/2025/08/Gatsby_Pierrots-074.jpg, https://mantoproducoes.com.br/wp-content/uploads/2025/08/Gatsby_Pierrots-087.jpg, https://mantoproducoes.com.br/wp-content/uploads/2025/08/Gatsby_Pierrots-099.jpg, https://mantoproducoes.com.br/wp-content/uploads/2025/08/8b1a7d0f-3c6a-440d-a12b-8bc925a04e7d.jpg, https://mantoproducoes.com.br/wp-content/uploads/2025/08/Gatsby_Pierrots-103.jpg, https://mantoproducoes.com.br/wp-content/uploads/2025/08/4075c805-58ed-4127-9450-9ba75c96c16e.jpg, https://mantoproducoes.com.br/wp-content/uploads/2025/08/461a86d7-5730-4883-ab03-93c809c0c1ae.jpg, https://mantoproducoes.com.br/wp-content/uploads/2025/08/Gatsby_Pierrots-109.jpg",,,,,,,,,0,,0,default,default,default,default,default,,117,1,262,set,60
5123,simple,,,"Casal Razão e Emoção",1,0,visible,"Um casal de personagens imponentes e encantadores, representando a dualidade entre razão e emoção. Vestidos com figurinos luxuosos, cheios de texturas, volumes e detalhes delicados, eles criam uma aura mágica e sofisticada. O contraste entre os tons suaves e os elementos exuberantes transmite uma atmosfera única, perfeita para eventos que pedem impacto visual e um toque de fantasia.",,,,taxable,,1,,,0,0,,,,,0,,,,"Casais, Circo, Corporativos, Social","casal temático, espetáculo visual, fantasia, figurinos luxuosos, magia e emoção, manto produções, personagens exclusivos, produção artística",,"https://mantoproducoes.com.br/wp-content/uploads/2025/08/IMG_7605-scaled.jpg, https://mantoproducoes.com.br/wp-content/uploads/2025/08/IMG_7529-scaled.jpg, https://mantoproducoes.com.br/wp-content/uploads/2025/08/IMG_7604-scaled.jpg, https://mantoproducoes.com.br/wp-content/uploads/2025/08/IMG_7560-scaled.jpg, https://mantoproducoes.com.br/wp-content/uploads/2025/08/IMG_7564-scaled.jpg, https://mantoproducoes.com.br/wp-content/uploads/2025/08/IMG_7535-scaled.jpg, https://mantoproducoes.com.br/wp-content/uploads/2025/08/IMG_7588-scaled.jpg, https://mantoproducoes.com.br/wp-content/uploads/2025/08/IMG_7561-scaled.jpg, https://mantoproducoes.com.br/wp-content/uploads/2025/08/IMG_7547-scaled.jpg",,,,,,,,,0,,0,default,default,default,default,default,,117,1,165,set,60
5133,simple,,,"Casal Pop-It (Arco-Íris)",1,0,visible,"Um casal superdivertido e cheio de energia, inspirado na febre dos brinquedos <strong data-start=""93"" data-end=""103"" data-is-only-node="""">Pop-It</strong>! Com figurinos vibrantes e multicoloridos, eles transmitem alegria e interação, perfeitos para animar festas infantis, eventos escolares e recepções. A proposta é lúdica e moderna, conectando tendência, cor e muita diversão.",,,,taxable,,1,,,0,0,,,,,0,,,,"Casais, Circo","casal pop-it, diversão, festa temática, infantil, manto produções, personagens coloridos, personagens interativos, tendência",,"https://mantoproducoes.com.br/wp-content/uploads/2025/08/3f294bfe-ce97-4302-8282-296a52d3e9e7.jpg, https://mantoproducoes.com.br/wp-content/uploads/2025/08/ccf46ff3-f45c-4ff4-b17c-bb0fff11102a.jpg, https://mantoproducoes.com.br/wp-content/uploads/2025/08/28cc7229-6ad8-4a4c-b681-8bebd1011d81.jpg, https://mantoproducoes.com.br/wp-content/uploads/2025/08/ed4b9c76-040b-4b6f-bd4f-4b4757c0f2c0.jpg, https://mantoproducoes.com.br/wp-content/uploads/2025/08/ceeda7b5-40df-41d7-a444-7082ed1c68b5.jpg, https://mantoproducoes.com.br/wp-content/uploads/2025/08/6689607d-5e8f-43b0-b24c-82a16d4c77cc.jpg, https://mantoproducoes.com.br/wp-content/uploads/2025/08/11ea7b2d-d6ca-4b84-b8f3-24f5b01645f9.jpg",,,,,,,,,0,,0,default,default,default,default,default,,117,1,139,set,60
5141,simple,,,"Casal Pop-It (Candy Color)",1,0,visible,"Um casal lúdico, encantador e cheio de fofura, inspirado nos famosos brinquedos <strong data-start=""95"" data-end=""105"" data-is-only-node="""">Pop-It</strong>, mas com uma estética <strong data-start=""128"" data-end=""143"">candy color</strong>. Os figurinos são compostos por tons suaves e delicados, como lilás, rosa, azul bebê, menta e amarelo pastel, criando um visual moderno, doce e instagramável. Perfeitos para festas temáticas, recepções e eventos que pedem uma atmosfera alegre e cheia de cor.",,,,taxable,,1,,,0,0,,,,,0,,,,"Casais, Circo","candy color, casal pop-it, diversão, festa temática, infantil, manto produções, personagens coloridos, personagens interativos, tendência",,"https://mantoproducoes.com.br/wp-content/uploads/2025/08/IMG_6558.jpg, https://mantoproducoes.com.br/wp-content/uploads/2025/08/IMG_6558.jpg, https://mantoproducoes.com.br/wp-content/uploads/2025/08/IMG_6597.jpg, https://mantoproducoes.com.br/wp-content/uploads/2025/08/IMG_6579.jpg, https://mantoproducoes.com.br/wp-content/uploads/2025/08/IMG_6589.jpg",,,,,,,,,0,,0,default,default,default,default,default,,117,1,127,set,60
5147,simple,,,"Casal Sr. Arco e Dona Íris",1,0,visible,"<p data-start=""0"" data-end=""484"">Um casal mágico e encantador, inspirado no fenômeno das <strong data-start=""71"" data-end=""93"" data-is-only-node="""">cores do arco-íris</strong>! O <strong data-start=""97"" data-end=""109"">Sr. Arco</strong> traz um figurino cheio de brilho, com faixas coloridas e detalhes que lembram feixes de luz, enquanto a <strong data-start=""214"" data-end=""227"">Dona Íris</strong> complementa com um visual delicado e reluzente, inspirado na beleza dos tons pastéis e no toque suave das nuvens. Juntos, eles criam uma atmosfera alegre, vibrante e cheia de vida, perfeita para recepções, aniversários, festas infantis e eventos temáticos.</p>\n<p data-start=""486"" data-end=""637"" data-is-last-node="""" data-is-only-node=""""></p>",,,,taxable,,1,,,0,0,,,,,0,,,,"Casais, Circo","casal arco-íris, encantamento, festa temática, infantil, manto produções, personagens coloridos, personagens interativos, personagens mágicos",,"https://mantoproducoes.com.br/wp-content/uploads/2025/08/IMG_7060.jpg, https://mantoproducoes.com.br/wp-content/uploads/2025/08/49435db3-8f13-4b34-a8c2-d579d3a64923.jpg, https://mantoproducoes.com.br/wp-content/uploads/2025/08/22f4ed7e-cce6-412f-b352-15e81dec911e.jpg, https://mantoproducoes.com.br/wp-content/uploads/2025/08/845ca0d9-e051-484d-90cc-3e1b582c1a05.jpg, https://mantoproducoes.com.br/wp-content/uploads/2025/08/IMG_7056.jpg, https://mantoproducoes.com.br/wp-content/uploads/2025/08/IMG_7061.jpg",,,,,,,,,0,,0,default,default,default,default,default,,117,1,119,set,60
5155,simple,,,"Casal Carinho e Fofura",1,0,visible,"Um casal encantador, perfeito para espalhar <strong data-start=""59"" data-end=""90"" data-is-only-node="""">doçura, alegria e aconchego</strong> por onde passa! O <strong data-start=""109"" data-end=""120"">Carinho</strong> tem um figurino colorido e divertido, representando abraços e afeto, enquanto a <strong data-start=""201"" data-end=""211"">Fofura</strong> traz um visual delicado e mágico, cheio de detalhes encantadores e toques suaves. Juntos, eles criam uma atmosfera calorosa, acolhedora e super interativa, ideal para aniversários, recepções, festas temáticas e eventos infantis.",,,,taxable,,1,,,0,0,,,,,0,,,,"Casais, Circo, Social","casal carinho e fofura, encantamento, evento temático, festa infantil., manto produções, personagens coloridos, personagens fofos, personagens mágicos",,"https://mantoproducoes.com.br/wp-content/uploads/2025/08/1610536c-e046-49e9-9c5c-9dea146d5043.jpg, https://mantoproducoes.com.br/wp-content/uploads/2025/08/678e3842-8080-4b03-bbb8-6a53014de56a.jpg, https://mantoproducoes.com.br/wp-content/uploads/2025/08/e3a5ffdf-4ff9-417b-a588-707fc559505c.jpg, https://mantoproducoes.com.br/wp-content/uploads/2025/08/339e1838-28cd-43e5-9b20-61e8a7026027.jpg, https://mantoproducoes.com.br/wp-content/uploads/2025/08/1d35cc3f-31c6-48b2-8654-1daf977d2a71.jpg",,,,,,,,,0,,0,default,default,default,default,default,,117,1,248,set,60
5161,simple,,,"Rainha de Bolas",1,0,visible,"A <strong data-start=""17"" data-end=""36"" data-is-only-node="""">Rainha de Bolas</strong> é uma personagem majestosa, vibrante e cheia de personalidade! Com um figurino imponente, repleto de detalhes lúdicos e elementos coloridos inspirados em bolas, ela encanta com sua presença marcante e divertida. Perfeita para trazer um toque de magia e sofisticação aos eventos, a personagem transforma qualquer ambiente em uma verdadeira celebração, interagindo com o público de forma alegre e encantadora.",,,,taxable,,1,,,0,0,,,,,0,,,,Circo,"evento mágico, festa infantil., manto produções, personagem colorida, personagem temática, personagens encantados, personagens exclusivos, rainha de bolas",,"https://mantoproducoes.com.br/wp-content/uploads/2025/08/IMG_3961.jpg, https://mantoproducoes.com.br/wp-content/uploads/2025/08/IMG_3969.jpg, https://mantoproducoes.com.br/wp-content/uploads/2025/08/IMG_3965.jpg, https://mantoproducoes.com.br/wp-content/uploads/2025/08/IMG_5881.jpg, https://mantoproducoes.com.br/wp-content/uploads/2025/08/IMG_5882.jpg, https://mantoproducoes.com.br/wp-content/uploads/2025/08/IMG_5880.jpg",,,,,,,,,0,,0,default,default,default,default,default,,117,1,58,set,60
5168,simple,,,"Malabares Cristal",1,0,visible,"<p data-start=""0"" data-end=""404"">A <strong data-start=""17"" data-end=""38"" data-is-only-node="""">Malabares Cristal</strong> é pura magia em movimento! Com um figurino <strong data-start=""82"" data-end=""100"">super colorido</strong>, cheio de brilhos e detalhes encantadores, ela hipnotiza o público com sua bola de cristal, criando um espetáculo visual único e envolvente. A personagem combina leveza, mistério e fantasia, trazendo uma atmosfera lúdica e vibrante para qualquer evento, com performances que encantam crianças e adultos.</p>\n<p data-start=""406"" data-end=""566"" data-is-last-node="""" data-is-only-node=""""></p>",,,,taxable,,1,,,0,0,,,,,0,,,,Circo,"bola de cristal, evento mágico, festa infantil., malabares cristal, manto produções, performance encantada, personagem colorida, personagens exclusivos",,"https://mantoproducoes.com.br/wp-content/uploads/2025/08/Venezianos-73-scaled.jpg, https://mantoproducoes.com.br/wp-content/uploads/2025/08/Venezianos-88-scaled.jpg, https://mantoproducoes.com.br/wp-content/uploads/2025/08/Venezianos-73-scaled.jpg, https://mantoproducoes.com.br/wp-content/uploads/2025/08/Venezianos-148-scaled.jpg, https://mantoproducoes.com.br/wp-content/uploads/2025/08/Venezianos-85-scaled.jpg, https://mantoproducoes.com.br/wp-content/uploads/2025/08/Venezianos-75-scaled.jpg, https://mantoproducoes.com.br/wp-content/uploads/2025/08/Venezianos-74-scaled.jpg, https://mantoproducoes.com.br/wp-content/uploads/2025/08/Venezianos-147-scaled.jpg",,,,,,,,,0,,0,default,default,default,default,default,,117,1,159,set,60
5176,simple,,,"Malabares Gold",1,0,visible,"A <strong data-start=""17"" data-end=""35"" data-is-only-node="""">Malabares Gold</strong> é sinônimo de <strong data-start=""50"" data-end=""78"">elegância e sofisticação</strong> no picadeiro. Com um figurino luxuoso em tons dourados e detalhes reluzentes, ela encanta o público com uma performance fluida, leve e cheia de brilho. Sua habilidade com os malabares transforma cada movimento em um espetáculo hipnotizante, perfeito para eventos que pedem um toque mágico e refinado.",,,,taxable,,1,,,0,0,,,,,0,,,,Circo,"espetáculo encantador, evento de luxo, festa temática, malabares gold, manto produções, performance elegante, personagem dourada, personagens exclusivos",,"https://mantoproducoes.com.br/wp-content/uploads/2025/08/Captura-de-Tela-2025-08-26-as-13.17.57.png, https://mantoproducoes.com.br/wp-content/uploads/2025/08/Captura-de-Tela-2025-08-26-as-13.17.59.png, https://mantoproducoes.com.br/wp-content/uploads/2025/08/Captura-de-Tela-2025-08-26-as-13.18.00.png",,,,,,,,,0,,0,default,default,default,default,default,,117,1,113,set,60
5180,simple,,,"Pipoco e Plumitas",1,0,visible,"O <strong data-start=""17"" data-end=""27"" data-is-only-node="""">Pipoco</strong> e a <strong data-start=""32"" data-end=""43"">Plumita</strong> são um casal de palhaços cheios de energia e carisma, que transformam qualquer evento em uma grande festa de risadas. Com figurinos vibrantes, maquiagem artística e um humor contagiante, eles interagem com o público de forma lúdica e encantadora, criando momentos mágicos que conquistam crianças e adultos.",,,,taxable,,1,,,0,0,,,,,0,,,,"Casais, Circo","animação infantil, casal de palhaços, espetáculo interativo, festa temática, manto produções, palhaços divertidos, personagens circenses, pipoco e plumita",,"https://mantoproducoes.com.br/wp-content/uploads/2025/08/Captura-de-Tela-2025-08-26-as-13.22.39.png, https://mantoproducoes.com.br/wp-content/uploads/2025/08/Captura-de-Tela-2025-08-26-as-13.23.05.png, https://mantoproducoes.com.br/wp-content/uploads/2025/08/Captura-de-Tela-2025-08-26-as-13.22.59.png, https://mantoproducoes.com.br/wp-content/uploads/2025/08/Captura-de-Tela-2025-08-26-as-13.22.54.png, https://mantoproducoes.com.br/wp-content/uploads/2025/08/Captura-de-Tela-2025-08-26-as-13.22.47.png, https://mantoproducoes.com.br/wp-content/uploads/2025/08/Captura-de-Tela-2025-08-26-as-13.23.10.png",,,,,,,,,0,,0,default,default,default,default,default,,117,1,120,set,60
5197,simple,,,"Zentais Espelhadas Douradas",1,0,visible,"As <strong data-start=""18"" data-end=""49"" data-is-only-node="""">Zentais Espelhadas Douradas</strong> trazem uma estética futurista, luxuosa e hipnotizante. Com figurinos inteiramente revestidos de espelhos dourados, elas criam um espetáculo visual único, refletindo luzes e cores de forma deslumbrante. Ideais para eventos sofisticados, elas encantam com presença cênica marcante e performance envolvente, proporcionando uma experiência inesquecível.",,,,taxable,,1,,,0,0,,,,,0,,,,"Espelhados, Social","espelhadas douradas, impacto visual, luxo e sofisticação, manto produções, performances exclusivas, personagens futuristas, personagens interativos, zentais espelhadas",,"https://mantoproducoes.com.br/wp-content/uploads/2025/08/Captura-de-Tela-2025-08-26-as-13.35.12.png, https://mantoproducoes.com.br/wp-content/uploads/2025/08/Captura-de-Tela-2025-08-26-as-13.35.20.png, https://mantoproducoes.com.br/wp-content/uploads/2025/08/Captura-de-Tela-2025-08-26-as-13.35.18.png",,,,,,,,,0,,0,default,default,default,default,default,,1035,1,312,set,60
5201,simple,,,"Space Reflections",1,0,visible,"<strong data-start=""15"" data-end=""36"" data-is-only-node="""">Space Reflections</strong> é uma atração futurista e deslumbrante, com personagens que parecem vindos de outra galáxia. Os figurinos espelhados e metalizados criam um espetáculo visual hipnótico, refletindo luzes e cores de forma intensa. Perfeitos para eventos noturnos e ambientes sofisticados, esses personagens unem tecnologia, arte e impacto cenográfico, transformando qualquer espaço em uma verdadeira experiência cósmica.",,,,taxable,,1,,,0,0,,,,,0,,,,"15 Anos, Espelhados, Social","espelhados espaciais, impacto visual, luxo e sofisticação, manto produções, performance interativa, personagens futuristas, space reflections, tecnologia e arte",,"https://mantoproducoes.com.br/wp-content/uploads/2025/08/Captura-de-Tela-2025-08-26-as-13.36.37.png, https://mantoproducoes.com.br/wp-content/uploads/2025/08/Captura-de-Tela-2025-08-26-as-13.36.46.png, https://mantoproducoes.com.br/wp-content/uploads/2025/08/Captura-de-Tela-2025-08-26-as-13.36.26.png, https://mantoproducoes.com.br/wp-content/uploads/2025/08/Captura-de-Tela-2025-08-26-as-13.36.51.png, https://mantoproducoes.com.br/wp-content/uploads/2025/08/Captura-de-Tela-2025-08-26-as-13.36.55.png, https://mantoproducoes.com.br/wp-content/uploads/2025/08/Captura-de-Tela-2025-08-26-as-13.36.57.png, https://mantoproducoes.com.br/wp-content/uploads/2025/08/Captura-de-Tela-2025-08-26-as-13.36.59.png, https://mantoproducoes.com.br/wp-content/uploads/2025/08/Captura-de-Tela-2025-08-26-as-13.37.01.png, https://mantoproducoes.com.br/wp-content/uploads/2025/08/Captura-de-Tela-2025-08-26-as-13.37.07.png, https://mantoproducoes.com.br/wp-content/uploads/2025/08/Captura-de-Tela-2025-08-26-as-13.37.09.png",,,,,,,,,0,,0,default,default,default,default,default,,1035,1,1273,set,60
5213,simple,,,"Família Rabíiti",1,0,visible,"A <strong data-start=""17"" data-end=""36"" data-is-only-node="""">Família Rabíiti</strong> é um grupo de personagens encantadores e cheios de personalidade, que vivem aventuras mágicas no universo de <strong data-start=""146"" data-end=""160"">Pascópolis</strong>. Cada integrante tem um jeito único e especial, criando momentos divertidos, emocionantes e inesquecíveis para o público. Com figurinos coloridos e um carisma cativante, a família transforma qualquer evento em uma experiência lúdica e interativa, perfeita para envolver crianças e adultos.",,,,taxable,,1,,,0,0,,,,,0,,,,Páscoa,"diversão em família, espetáculo mágico, experiência interativa, família rabíiti, manto produções, páscópolis, personagens infantis, personagens originais",,"https://mantoproducoes.com.br/wp-content/uploads/2025/08/Captura-de-Tela-2025-08-26-as-14.26.22.png, https://mantoproducoes.com.br/wp-content/uploads/2025/08/Captura-de-Tela-2025-08-26-as-14.26.37.png, https://mantoproducoes.com.br/wp-content/uploads/2025/08/Captura-de-Tela-2025-08-26-as-14.26.31.png, https://mantoproducoes.com.br/wp-content/uploads/2025/08/Captura-de-Tela-2025-08-26-as-14.26.27.png, https://mantoproducoes.com.br/wp-content/uploads/2025/08/Captura-de-Tela-2025-08-26-as-14.26.42.png, https://mantoproducoes.com.br/wp-content/uploads/2025/08/Captura-de-Tela-2025-08-26-as-14.26.48.png, https://mantoproducoes.com.br/wp-content/uploads/2025/08/Captura-de-Tela-2025-08-26-as-14.26.54.png",,,,,,,,,0,,0,default,default,default,default,default,,1049,1,195,set,60
5221,simple,,,Tuelitos,1,0,visible,"<p data-start=""0"" data-end=""448"">Os <strong data-start=""18"" data-end=""30"" data-is-only-node="""">Tuelitos</strong> são personagens temáticos e encantadores, criados especialmente para celebrar a <strong data-start=""111"" data-end=""121"">Páscoa</strong> de forma mágica e inesquecível. Com figurinos vibrantes, cheios de detalhes e cores, eles trazem toda a doçura e a fantasia da data, interagindo com o público de maneira lúdica e envolvente. Ideais para encantar crianças e adultos, os Tuelitos transformam qualquer evento de Páscoa em uma experiência única e cheia de magia.</p>\n<p data-start=""450"" data-end=""574"" data-is-last-node="""" data-is-only-node=""""></p>",,,,taxable,,1,,,0,0,,,,,0,,,,Páscoa,"diversão, espetáculo infantil, evento mágico, fantasia, manto produções, páscoa, personagens temáticos, tuelitos",,"https://mantoproducoes.com.br/wp-content/uploads/2025/08/Captura-de-Tela-2025-08-26-as-14.29.31.png, https://mantoproducoes.com.br/wp-content/uploads/2025/08/Captura-de-Tela-2025-08-26-as-14.29.31.png, https://mantoproducoes.com.br/wp-content/uploads/2025/08/Captura-de-Tela-2025-08-26-as-14.29.49.png, https://mantoproducoes.com.br/wp-content/uploads/2025/08/Captura-de-Tela-2025-08-26-as-14.29.46.png, https://mantoproducoes.com.br/wp-content/uploads/2025/08/Captura-de-Tela-2025-08-26-as-14.29.44.png, https://mantoproducoes.com.br/wp-content/uploads/2025/08/Captura-de-Tela-2025-08-26-as-14.29.37.png, https://mantoproducoes.com.br/wp-content/uploads/2025/08/Captura-de-Tela-2025-08-26-as-14.29.33.png",,,,,,,,,0,,0,default,default,default,default,default,,1049,1,100,set,60
5228,simple,,,"Fofinho e Goducha",1,0,visible,"Os adoráveis <strong data-start=""28"" data-end=""39"" data-is-only-node="""">Fofinho</strong> e <strong data-start=""42"" data-end=""53"">Goducha</strong> são dois coelhos de Páscoa encantadores que trazem toda a magia, alegria e doçura da data para qualquer evento. Com figurinos detalhados, cores suaves e uma energia contagiante, eles espalham sorrisos, interagem com o público e criam memórias inesquecíveis. Perfeitos para sessões de fotos, recepções e ativações temáticas, eles transformam o ambiente em um verdadeiro espetáculo lúdico.",,,,taxable,,1,,,0,0,,,,,0,,,,Páscoa,"coelhos mágicos, diversão, espetáculo infantil, evento lúdico, fofinho, goducha, manto produções, páscoa, personagens temáticos",,"https://mantoproducoes.com.br/wp-content/uploads/2025/08/Captura-de-Tela-2025-08-26-as-14.32.46.png, https://mantoproducoes.com.br/wp-content/uploads/2025/08/Captura-de-Tela-2025-08-26-as-14.32.44.png, https://mantoproducoes.com.br/wp-content/uploads/2025/08/Captura-de-Tela-2025-08-26-as-14.32.55.png, https://mantoproducoes.com.br/wp-content/uploads/2025/08/Captura-de-Tela-2025-08-26-as-14.32.50.png",,,,,,,,,0,,0,default,default,default,default,default,,1049,1,183,set,60
5234,simple,,,"Coelho Peter",1,0,visible,"Inspirado no clássico personagem, o <strong data-start=""51"" data-end=""67"" data-is-only-node="""">Coelho Peter</strong> é a combinação perfeita de charme, fofura e magia. Com figurino delicado e detalhes cuidadosamente pensados, ele encanta crianças e adultos, trazendo o espírito da Páscoa para qualquer celebração. Ideal para recepções, encontros fotográficos e ativações temáticas, o Coelho Peter transforma cada momento em uma experiência lúdica inesquecível.",,,,taxable,,1,,,0,0,,,,,0,,,,Páscoa,"coelho peter, diversão, espetáculo lúdico, evento infantil, fofura, magia, manto produções, páscoa, personagens temáticos",,"https://mantoproducoes.com.br/wp-content/uploads/2025/08/a899f3a9-9364-4f06-95e4-44f9834f431b.jpg, https://mantoproducoes.com.br/wp-content/uploads/2025/08/85c3f981-665f-4cf6-8177-939cd4b608a4.jpg, https://mantoproducoes.com.br/wp-content/uploads/2025/08/49276f63-8f59-4504-bb54-68b239d216b1.jpg, https://mantoproducoes.com.br/wp-content/uploads/2025/08/8d900a1d-d17d-489f-913c-f5113cb74b10.jpg, https://mantoproducoes.com.br/wp-content/uploads/2025/08/876fc48e-0ba4-41a4-9d77-d03c148a4e23.jpg, https://mantoproducoes.com.br/wp-content/uploads/2025/08/a8571eea-5964-4533-88eb-26fc4ba0cc89.jpg, https://mantoproducoes.com.br/wp-content/uploads/2025/08/7ac09d9c-5ea8-4610-b854-a97f645ad10e.jpg",,,,,,,,,0,,0,default,default,default,default,default,,1049,0,130,set,60
5240,simple,,,"Coelhos Fashion",1,0,visible,"Os <strong data-start=""18"" data-end=""37"" data-is-only-node="""">Coelhos Fashion</strong> são a definição de estilo e sofisticação! Humanizados, modernos e cheios de atitude, eles chegam com figurinos fashionistas e acabamento impecável, trazendo uma estética elegante e contemporânea para eventos especiais. Perfeitos para ativações de Páscoa, desfiles temáticos ou recepções exclusivas, esses personagens transformam qualquer ambiente em uma verdadeira passarela de encantamento.",,,,taxable,,1,,,0,0,,,,,0,,,,"Fashion, Páscoa","coelhos fashion, diversão, evento exclusivo, figurino moderno, manto produções, páscoa, personagens humanizados, personagens premium, sofisticação",,"https://mantoproducoes.com.br/wp-content/uploads/2025/08/Captura-de-Tela-2025-08-26-as-14.35.03.png, https://mantoproducoes.com.br/wp-content/uploads/2025/08/Captura-de-Tela-2025-08-26-as-14.35.12.png, https://mantoproducoes.com.br/wp-content/uploads/2025/08/Captura-de-Tela-2025-08-26-as-14.35.11.png, https://mantoproducoes.com.br/wp-content/uploads/2025/08/Captura-de-Tela-2025-08-26-as-14.35.07.png, https://mantoproducoes.com.br/wp-content/uploads/2025/08/Captura-de-Tela-2025-08-26-as-14.35.06.png, https://mantoproducoes.com.br/wp-content/uploads/2025/08/Captura-de-Tela-2025-08-26-as-14.35.04.png",,,,,,,,,0,,0,default,default,default,default,default,,1049,1,55,set,60
5247,simple,,,Pernalonga,1,0,visible,"O <strong data-start=""17"" data-end=""45"" data-is-only-node="""">Pernalonga Páscoa</strong> chega com muito charme e diversão para encantar todas as idades! Com um toque especial de magia, ele traz o espírito da Páscoa de forma lúdica e inesquecível. Ideal para recepções, eventos infantis e ativações personalizadas, garantindo fotos encantadoras e momentos cheios de alegria.",,,,taxable,,1,,,0,0,,,,,0,,,,"Filmes/Séries, Páscoa",,,"https://mantoproducoes.com.br/wp-content/uploads/2025/08/Captura-de-Tela-2025-08-26-as-14.36.43.png, https://mantoproducoes.com.br/wp-content/uploads/2025/08/Captura-de-Tela-2025-08-26-as-14.36.52.png, https://mantoproducoes.com.br/wp-content/uploads/2025/08/Captura-de-Tela-2025-08-26-as-14.37.06.png, https://mantoproducoes.com.br/wp-content/uploads/2025/08/Captura-de-Tela-2025-08-26-as-14.37.04.png",,,,,,,,,0,,0,default,default,default,default,default,,1049,1,116,set,60
5252,simple,,,Chocolateen,1,0,visible,"O <strong data-start=""17"" data-end=""32"" data-is-only-node="""">Chocolateen</strong> é um personagem irresistível e divertido, inspirado no mundo mágico dos chocolates! Com visual moderno, cheio de cores vibrantes e detalhes encantadores, ele traz todo o sabor e a fantasia da Páscoa para qualquer evento. Perfeito para recepções, ativações temáticas e fotos memoráveis, garantindo momentos doces e inesquecíveis.",,,,taxable,,1,,,0,0,,,,,0,,,,"Docinhos, Páscoa","chocolateen, diversão, doces, evento mágico, manto produções, páscoa, personagem infantil, personagens temáticos",,"https://mantoproducoes.com.br/wp-content/uploads/2025/08/Captura-de-Tela-2025-08-26-as-14.38.49.png, https://mantoproducoes.com.br/wp-content/uploads/2025/08/Captura-de-Tela-2025-08-26-as-14.39.08.png, https://mantoproducoes.com.br/wp-content/uploads/2025/08/Captura-de-Tela-2025-08-26-as-14.38.59.png, https://mantoproducoes.com.br/wp-content/uploads/2025/08/Captura-de-Tela-2025-08-26-as-14.38.53.png",,,,,,,,,0,,0,default,default,default,default,default,,1049,1,115,set,60
5257,simple,,,"Tambor e Miss Bunny",1,0,visible,"O <strong data-start=""17"" data-end=""27"" data-is-only-node="""">Tambor</strong> e a <strong data-start=""32"" data-end=""46"">Miss Bunny</strong> são os coelhinhos mais fofos e encantadores da Páscoa! Inspirados na magia dos clássicos, eles trazem delicadeza, charme e muita doçura para qualquer evento. Com figurinos detalhados e carismáticos, são perfeitos para recepções, fotos especiais e interações com o público, criando uma experiência inesquecível para crianças e adultos.",,,,taxable,,1,,,0,0,,,,,0,,,,Páscoa,"coelhos, diversão, doces, evento mágico, manto produções, miss bunny, páscoa, personagens temáticos, tambor",,"https://mantoproducoes.com.br/wp-content/uploads/2025/08/IMG_1034-scaled.jpg, https://mantoproducoes.com.br/wp-content/uploads/2025/08/IMG_1042-scaled.jpg, https://mantoproducoes.com.br/wp-content/uploads/2025/08/IMG_1038-scaled.jpg, https://mantoproducoes.com.br/wp-content/uploads/2025/08/IMG_1154.jpg",,,,,,,,,0,,0,default,default,default,default,default,,1049,1,132,set,60
5262,simple,,,"Coelho Branco Humanizado",1,0,visible,"O <strong data-start=""17"" data-end=""45"" data-is-only-node="""">Coelho Branco Humanizado</strong> é elegante, carismático e cheio de personalidade! Com figurino sofisticado, maquiagem artística e detalhes encantadores, ele traz um toque moderno e fashion para os eventos. Ideal para recepções, sessões de fotos e interações com o público, esse personagem cria uma atmosfera mágica e inesquecível.",,,,taxable,,1,,,0,0,,,,,0,,,,"15 Anos, Filmes/Séries, Humanizados, Páscoa","coelho branco, diversão, encanto, evento temático, magia, manto produções, páscoa, personagens humanizados",,"https://mantoproducoes.com.br/wp-content/uploads/2025/08/Captura-de-Tela-2025-08-26-as-14.41.29.png, https://mantoproducoes.com.br/wp-content/uploads/2025/08/Captura-de-Tela-2025-08-26-as-14.41.35.png, https://mantoproducoes.com.br/wp-content/uploads/2025/08/Captura-de-Tela-2025-08-26-as-14.41.38.png",,,,,,,,,0,,0,default,default,default,default,default,,1049,1,115,set,60
5266,simple,,,"Coelho Branco",1,0,visible,"<p data-start=""0"" data-end=""316"">O <strong data-start=""17"" data-end=""34"" data-is-only-node="""">Coelho Branco</strong> é um personagem clássico e encantador, perfeito para eventos de <strong data-start=""99"" data-end=""109"">Páscoa</strong> e celebrações temáticas. Com figurino impecável, orelhas charmosas e uma presença cativante, ele traz magia, leveza e interação divertida para o público de todas as idades, criando memórias inesquecíveis.</p>\n<p data-start=""318"" data-end=""415"" data-is-last-node="""" data-is-only-node=""""></p>",,,,taxable,,1,,,0,0,,,,,0,,,,"Filmes/Séries, Páscoa","coelho branco, diversão, encanto, magia, manto produções, páscoa, personagem temático",,"https://mantoproducoes.com.br/wp-content/uploads/2025/08/Captura-de-Tela-2025-08-26-as-14.43.25.png, https://mantoproducoes.com.br/wp-content/uploads/2025/08/Captura-de-Tela-2025-08-26-as-14.43.27.png, https://mantoproducoes.com.br/wp-content/uploads/2025/08/Captura-de-Tela-2025-08-26-as-14.43.28.png, https://mantoproducoes.com.br/wp-content/uploads/2025/08/Captura-de-Tela-2025-08-26-as-14.43.30.png",,,,,,,,,0,,0,default,default,default,default,default,,1049,1,129,set,60
5271,simple,,,"Lacinho e Petit Poá",1,0,visible,"O <strong data-start=""17"" data-end=""46"" data-is-only-node="""">Casal Lacinho e Petit Poá</strong> é puro charme e delicadeza para eventos de <strong data-start=""90"" data-end=""100"">Páscoa</strong>. Com figurinos sofisticados, cheios de detalhes em poá e laços elegantes, eles trazem uma atmosfera mágica e acolhedora, tornando qualquer celebração ainda mais especial e encantadora.",,,,taxable,,1,,,0,0,,,,,0,,,,"Casais, Páscoa","casal lacinho e petit poá, coelhos temáticos, encanto, magia, manto produções, páscoa, personagens fofos",,"https://mantoproducoes.com.br/wp-content/uploads/2025/08/IMG_8725-scaled.jpg, https://mantoproducoes.com.br/wp-content/uploads/2025/08/IMG_8733-scaled.jpg, https://mantoproducoes.com.br/wp-content/uploads/2025/08/IMG_8702-scaled.jpg, https://mantoproducoes.com.br/wp-content/uploads/2025/08/IMG_8725-scaled.jpg, https://mantoproducoes.com.br/wp-content/uploads/2025/08/IMG_8698-scaled.jpg, https://mantoproducoes.com.br/wp-content/uploads/2025/08/IMG_8686-scaled.jpg",,,,,,,,,0,,0,default,default,default,default,default,,1049,1,99,set,60
5300,simple,,,"Kolombo e Paskala",1,0,visible,"O <strong data-start=""17"" data-end=""44"" data-is-only-node="""">Casal Kolombo e Paskala</strong> chega trazendo a magia da <strong data-start=""71"" data-end=""81"">Páscoa</strong> com figurinos elegantes e cheios de personalidade. Inspirados na doçura e na fantasia dessa data, eles encantam crianças e adultos com um visual único, alegre e moderno, perfeito para compor cenários inesquecíveis.",,,,taxable,,1,,,0,0,,,,,0,,,,"Casais, Páscoa","casal kolombo e paskala, coelhos humanizados, encanto, fantasia, manto produções, páscoa, personagens temáticos",,"https://mantoproducoes.com.br/wp-content/uploads/2025/08/paskala-2.jpg, https://mantoproducoes.com.br/wp-content/uploads/2025/08/IMG_3122-scaled.jpg, https://mantoproducoes.com.br/wp-content/uploads/2025/08/IMG_3043-scaled.jpg, https://mantoproducoes.com.br/wp-content/uploads/2025/08/IMG_3074-scaled.jpg, https://mantoproducoes.com.br/wp-content/uploads/2025/08/IMG_3068-scaled.jpg, https://mantoproducoes.com.br/wp-content/uploads/2025/08/IMG_3084-scaled.jpg, https://mantoproducoes.com.br/wp-content/uploads/2025/08/IMG_3119-scaled.jpg, https://mantoproducoes.com.br/wp-content/uploads/2025/08/IMG_3109-scaled.jpg, https://mantoproducoes.com.br/wp-content/uploads/2025/08/IMG_3011-scaled.jpg, https://mantoproducoes.com.br/wp-content/uploads/2025/08/IMG_3019-scaled.jpg, https://mantoproducoes.com.br/wp-content/uploads/2025/08/IMG_3013-scaled.jpg",,,,,,,,,0,,0,default,default,default,default,default,,1049,1,104,set,60
5301,simple,,,"Turma do Peter Rabbit",1,0,visible,"A <strong data-start=""17"" data-end=""42"" data-is-only-node="""">Turma do Peter Rabbit</strong> traz todo o encanto e a fofura dos coelhos mais famosos da Páscoa. Com figurinos detalhados e inspirados no universo do personagem clássico, essa turma leva magia, ternura e diversão para todos os tipos de eventos, criando momentos inesquecíveis.",,,,taxable,,1,,,0,0,,,,,0,,,,Páscoa,"coelhos humanizados, encanto, fantasia, manto produções, páscoa, personagens temáticos, turma peter rabbit",,"https://mantoproducoes.com.br/wp-content/uploads/2025/08/IMG_3132-scaled.jpg, https://mantoproducoes.com.br/wp-content/uploads/2025/08/IMG_3168-scaled.jpg, https://mantoproducoes.com.br/wp-content/uploads/2025/08/IMG_3130-scaled.jpg, https://mantoproducoes.com.br/wp-content/uploads/2025/08/IMG_3123-scaled.jpg, https://mantoproducoes.com.br/wp-content/uploads/2025/08/IMG_3180-scaled.jpg, https://mantoproducoes.com.br/wp-content/uploads/2025/08/IMG_3148-scaled.jpg",,,,,,,,,0,,0,default,default,default,default,default,,1049,1,140,set,60
5303,simple,,,"Bruxa Pink e Bruxa Purple",1,0,visible,"A <strong data-start=""17"" data-end=""31"" data-is-only-node="""">Bruxa Pink</strong> e a <strong data-start=""36"" data-end=""52"">Bruxa Purple</strong> são duas bruxinhas encantadas, cheias de carisma, cor e magia! Com figurinos vibrantes e muita personalidade, elas encantam crianças e adultos, trazendo feitiços divertidos, risadas e um toque especial de fantasia para qualquer evento.",,,,taxable,,1,,,0,0,,,,,0,,,,Halloween,"bruxa pink, bruxa purple, bruxas coloridas, encanto, fantasia, halloween, manto produções, personagens mágicos",,"https://mantoproducoes.com.br/wp-content/uploads/2025/08/IMG_6407-scaled.jpg, https://mantoproducoes.com.br/wp-content/uploads/2025/08/IMG_6395-scaled.jpg, https://mantoproducoes.com.br/wp-content/uploads/2025/08/IMG_6405-scaled.jpg, https://mantoproducoes.com.br/wp-content/uploads/2025/08/IMG_6396-scaled.jpg, https://mantoproducoes.com.br/wp-content/uploads/2025/08/IMG_6397-scaled.jpg, https://mantoproducoes.com.br/wp-content/uploads/2025/08/IMG_6228-scaled.jpg, https://mantoproducoes.com.br/wp-content/uploads/2025/08/IMG_6415-scaled.jpg, https://mantoproducoes.com.br/wp-content/uploads/2025/08/IMG_6391-scaled.jpg",,,,,,,,,0,,0,default,default,default,default,default,,471,1,93,set,60
5312,simple,,,Mort,1,0,visible,"<p class=""p1""><span class=""s1""><b>Mort</b></span> é um boneco divertido, misterioso e cheio de personalidade! Com um visual expressivo e único, ele chama a atenção por onde passa e encanta com seu jeitinho peculiar. Ideal para eventos temáticos, o personagem combina fantasia e humor, criando momentos inesquecíveis para o público.</p>",,,,taxable,,1,,,0,0,,,,,0,,,,Halloween,"boneco animado, fantasia, halloween, manto produções, mort, personagem divertido, personagens mágicos",,"https://mantoproducoes.com.br/wp-content/uploads/2025/08/Captura-de-Tela-2025-08-27-as-09.24.17.png, https://mantoproducoes.com.br/wp-content/uploads/2025/08/Captura-de-Tela-2025-08-27-as-09.24.35.png, https://mantoproducoes.com.br/wp-content/uploads/2025/08/Captura-de-Tela-2025-08-27-as-09.24.30.png, https://mantoproducoes.com.br/wp-content/uploads/2025/08/Captura-de-Tela-2025-08-27-as-09.24.22.png, https://mantoproducoes.com.br/wp-content/uploads/2025/08/Captura-de-Tela-2025-08-27-as-09.24.18.png",,,,,,,,,0,,0,default,default,default,default,default,,471,1,73,set,60
5318,simple,,,"Stranger Things",1,0,visible,"<p class=""p1"">O universo de <span class=""s1""><b>Stranger Things</b></span> ganha vida com personagens icônicos, figurinos marcantes e uma atmosfera cheia de mistério e nostalgia. Entre aventuras no Mundo Invertido, criaturas sombrias e um toque retrô dos anos 80, essa experiência é perfeita para quem ama fantasia, ficção científica e momentos eletrizantes que prendem o público do início ao fim.</p>",,,,taxable,,1,,,0,0,,,,,0,,,,"Filmes/Séries, Halloween","anos 80, aventura, diversão, ficção científica, manto produções, mistério, mundo invertido, personagens icônicos, série, stranger things",,"https://mantoproducoes.com.br/wp-content/uploads/2025/08/Captura-de-Tela-2025-08-27-as-09.26.59.png, https://mantoproducoes.com.br/wp-content/uploads/2025/08/Captura-de-Tela-2025-08-27-as-09.27.10.png, https://mantoproducoes.com.br/wp-content/uploads/2025/08/Captura-de-Tela-2025-08-27-as-09.27.09.png, https://mantoproducoes.com.br/wp-content/uploads/2025/08/Captura-de-Tela-2025-08-27-as-09.27.12.png, https://mantoproducoes.com.br/wp-content/uploads/2025/08/Captura-de-Tela-2025-08-27-as-09.27.04.png, https://mantoproducoes.com.br/wp-content/uploads/2025/08/Captura-de-Tela-2025-08-27-as-09.27.03.png, https://mantoproducoes.com.br/wp-content/uploads/2025/08/Captura-de-Tela-2025-08-27-as-09.27.01.png, https://mantoproducoes.com.br/wp-content/uploads/2025/08/Captura-de-Tela-2025-08-27-as-09.26.59.png, https://mantoproducoes.com.br/wp-content/uploads/2025/08/Captura-de-Tela-2025-08-27-as-09.26.57.png, https://mantoproducoes.com.br/wp-content/uploads/2025/08/Captura-de-Tela-2025-08-27-as-09.26.55.png",,,,,,,,,0,,0,default,default,default,default,default,,471,1,135,set,60
5328,simple,,,"Bruxa Green",1,0,visible,"<p class=""p1"">A <span class=""s1""><b>Bruxa Green</b></span> traz uma energia única e cheia de mistério, com figurino exuberante, maquiagem artística e um visual vibrante que mistura magia e sofisticação. Perfeita para encantar o público com seu charme místico e atmosfera envolvente, ela transforma qualquer evento em um espetáculo cheio de fantasia.</p>",,,,taxable,,1,,,0,0,,,,,0,,,,Halloween,"bruxa green, diversão, encanto, espetáculo, fantasia, figurino artístico, halloween, magia, manto produções, personagens mágicos",,"https://mantoproducoes.com.br/wp-content/uploads/2025/08/Captura-de-Tela-2025-08-27-as-09.28.56.png, https://mantoproducoes.com.br/wp-content/uploads/2025/08/Captura-de-Tela-2025-08-27-as-09.29.00.png, https://mantoproducoes.com.br/wp-content/uploads/2025/08/Captura-de-Tela-2025-08-27-as-09.28.59.png, https://mantoproducoes.com.br/wp-content/uploads/2025/08/Captura-de-Tela-2025-08-27-as-09.28.57.png, https://mantoproducoes.com.br/wp-content/uploads/2025/08/Captura-de-Tela-2025-08-27-as-09.29.10.png",,,,,,,,,0,,0,default,default,default,default,default,,471,1,126,set,60
5336,simple,,,"Hocus Pocus/Abracadabra",1,0,visible,"<p class=""p1"">As bruxas de <span class=""s1""><b>Abracadabra Hocus Pocus</b></span> são carismáticas, excêntricas e cheias de personalidade! Com figurinos icônicos, maquiagens marcantes e um toque de magia sombria, elas trazem um espetáculo divertido, místico e cheio de encantos. Perfeitas para criar uma atmosfera envolvente e inesquecível em qualquer evento.</p>",,,,taxable,,1,,,0,0,,,,,0,,,,"Filmes/Séries, Halloween","abracadabra, bruxas, encanto, espetáculo, fantasia, halloween, hocus pocus, magia, manto produções, personagens icônicos",,"https://mantoproducoes.com.br/wp-content/uploads/2025/08/Captura-de-Tela-2025-08-27-as-09.30.29.png, https://mantoproducoes.com.br/wp-content/uploads/2025/08/Captura-de-Tela-2025-08-27-as-09.31.03.png, https://mantoproducoes.com.br/wp-content/uploads/2025/08/Captura-de-Tela-2025-08-27-as-09.30.36.png, https://mantoproducoes.com.br/wp-content/uploads/2025/08/Captura-de-Tela-2025-08-27-as-09.31.05.png, https://mantoproducoes.com.br/wp-content/uploads/2025/08/Captura-de-Tela-2025-08-27-as-09.30.57.png, https://mantoproducoes.com.br/wp-content/uploads/2025/08/Captura-de-Tela-2025-08-27-as-09.30.50.png, https://mantoproducoes.com.br/wp-content/uploads/2025/08/Captura-de-Tela-2025-08-27-as-09.30.44.png, https://mantoproducoes.com.br/wp-content/uploads/2025/08/Captura-de-Tela-2025-08-27-as-09.30.40.png, https://mantoproducoes.com.br/wp-content/uploads/2025/08/Captura-de-Tela-2025-08-27-as-09.30.32.png",,,,,,,,,0,,0,default,default,default,default,default,,471,1,105,set,60
5346,simple,,,"Múmia (Boneco)",1,0,visible,"<p class=""p1"">A <span class=""s1""><b>Múmia (versão boneco)</b></span> é misteriosa, divertida e cheia de personalidade! Com faixas enroladas, detalhes cênicos e expressão carismática, esse personagem traz o clima perfeito de mistério e magia. Ideal para compor cenários temáticos e criar interações únicas que encantam o público de todas as idades.</p>",,,,taxable,,1,,,0,0,,,,,0,,,,Halloween,,,"https://mantoproducoes.com.br/wp-content/uploads/2025/08/Captura-de-Tela-2025-08-27-as-09.34.06.png, https://mantoproducoes.com.br/wp-content/uploads/2025/08/Captura-de-Tela-2025-08-27-as-09.34.11.png, https://mantoproducoes.com.br/wp-content/uploads/2025/08/Captura-de-Tela-2025-08-27-as-09.34.10.png, https://mantoproducoes.com.br/wp-content/uploads/2025/08/Captura-de-Tela-2025-08-27-as-09.34.08.png, https://mantoproducoes.com.br/wp-content/uploads/2025/08/Captura-de-Tela-2025-08-27-as-09.34.06.png, https://mantoproducoes.com.br/wp-content/uploads/2025/08/Captura-de-Tela-2025-08-27-as-09.34.14.png",,,,,,,,,0,,0,default,default,default,default,default,,471,1,77,set,60
5352,simple,,,"Jack Skellington E Sally",1,0,visible,"<p class=""p1"">Inspirados no clássico <i>O Estranho Mundo de Jack</i>, <span class=""s1""><b>Jack Skellington e Sally</b></span> são personagens icônicos que unem o sombrio e o romântico em uma atmosfera única. Com figurinos ricos em detalhes, expressões marcantes e um toque mágico de Halloween, o casal é perfeito para criar cenários imersivos e encantar todas as idades.</p>",,,,taxable,,1,,,0,0,,,,,0,,,,Halloween,"espetáculo, fantasia, halloween, jack skellington, magia, manto produções, o estranho mundo de jack, personagens temáticos, romance sombrio, sally, stop motion",,"https://mantoproducoes.com.br/wp-content/uploads/2025/08/Captura-de-Tela-2025-08-27-as-09.36.31.png, https://mantoproducoes.com.br/wp-content/uploads/2025/08/Captura-de-Tela-2025-08-27-as-09.36.42.png, https://mantoproducoes.com.br/wp-content/uploads/2025/08/Captura-de-Tela-2025-08-27-as-09.36.25.png, https://mantoproducoes.com.br/wp-content/uploads/2025/08/Captura-de-Tela-2025-08-27-as-09.36.35.png, https://mantoproducoes.com.br/wp-content/uploads/2025/08/Captura-de-Tela-2025-08-27-as-09.36.40.png",,,,,,,,,0,,0,default,default,default,default,default,,471,1,69,set,60
5358,simple,,,"He-Man e Esqueleto",1,0,visible,"<p class=""p1"">Heróis e vilões colidem com <span class=""s1""><b>He-Man e Esqueleto</b></span>, ícones de <i>Mestres do Universo</i>. Com figurinos detalhados, cores vibrantes e uma atmosfera épica, esses personagens trazem aventura, ação e nostalgia para qualquer evento, encantando crianças e adultos que cresceram com essa saga lendária.</p>",,,,taxable,,1,,,0,0,,,,,0,,,,"Filmes/Séries, Halloween","anos 80, espetáculo, esqueleto, fantasia, he-man, heróis, manto produções, mestres do universo, nostalgia, personagens temáticos, vilões",,"https://mantoproducoes.com.br/wp-content/uploads/2025/08/Captura-de-Tela-2025-08-27-as-09.38.28.png, https://mantoproducoes.com.br/wp-content/uploads/2025/08/Captura-de-Tela-2025-08-27-as-09.38.47.png, https://mantoproducoes.com.br/wp-content/uploads/2025/08/Captura-de-Tela-2025-08-27-as-09.38.30.png, https://mantoproducoes.com.br/wp-content/uploads/2025/08/Captura-de-Tela-2025-08-27-as-09.38.32.png, https://mantoproducoes.com.br/wp-content/uploads/2025/08/Captura-de-Tela-2025-08-27-as-09.38.34.png, https://mantoproducoes.com.br/wp-content/uploads/2025/08/Captura-de-Tela-2025-08-27-as-09.38.39.png, https://mantoproducoes.com.br/wp-content/uploads/2025/08/Captura-de-Tela-2025-08-27-as-09.38.44.png",,,,,,,,,0,,0,default,default,default,default,default,,471,1,144,set,60
5366,simple,,,Vuduzinho,1,0,visible,"<p class=""p1"">O <span class=""s1""><b>Vuduzinho</b></span> é um boneco cheio de personalidade, com um visual divertido e misterioso. Seu figurino colorido e os detalhes únicos remetem ao universo do voodoo de forma lúdica e encantadora, perfeito para compor cenários temáticos, festas e experiências imersivas.</p>",,,,taxable,,1,,,0,0,,,,,0,,,,Halloween,"boneco temático, cenário lúdico, espetáculo, fantasia, halloween, manto produções, personagens exclusivos, voodoo divertido, vuduzinho",,"https://mantoproducoes.com.br/wp-content/uploads/2025/08/Captura-de-Tela-2025-08-27-as-09.40.28.png, https://mantoproducoes.com.br/wp-content/uploads/2025/08/Captura-de-Tela-2025-08-27-as-09.40.34.png, https://mantoproducoes.com.br/wp-content/uploads/2025/08/Captura-de-Tela-2025-08-27-as-09.40.33.png, https://mantoproducoes.com.br/wp-content/uploads/2025/08/Captura-de-Tela-2025-08-27-as-09.40.31.png, https://mantoproducoes.com.br/wp-content/uploads/2025/08/Captura-de-Tela-2025-08-27-as-09.40.30.png",,,,,,,,,0,,0,default,default,default,default,default,,471,1,92,set,60
5372,simple,,,Mãozinha,1,0,visible,"<p class=""p1"">A <span class=""s1""><b>Mãozinha</b></span> é um boneco inspirado no clássico personagem icônico, trazendo um toque divertido e misterioso para qualquer evento. Com um visual detalhado e expressivo, ela encanta crianças e adultos, criando uma atmosfera única que mistura fantasia e humor.</p>",,,,taxable,,1,,,0,0,,,,,0,,,,Halloween,"boneco temático, cenário lúdico, diversão, espetáculo, fantasia, halloween, manto produções, mãozinha, personagem icônico",,"https://mantoproducoes.com.br/wp-content/uploads/2025/08/Captura-de-Tela-2025-08-27-as-09.42.02.png, https://mantoproducoes.com.br/wp-content/uploads/2025/08/Captura-de-Tela-2025-08-27-as-09.42.07.png, https://mantoproducoes.com.br/wp-content/uploads/2025/08/Captura-de-Tela-2025-08-27-as-09.42.21.png, https://mantoproducoes.com.br/wp-content/uploads/2025/08/Captura-de-Tela-2025-08-27-as-09.42.17.png, https://mantoproducoes.com.br/wp-content/uploads/2025/08/Captura-de-Tela-2025-08-27-as-09.42.12.png",,,,,,,,,0,,0,default,default,default,default,default,,471,1,68,set,60
5378,simple,,,Diabolin,1,0,visible,"<p class=""p1"">O <span class=""s1""><b>Diabolin</b></span> é um boneco cheio de personalidade, inspirado no universo lúdico e divertido do Halloween. Pequeno, vermelho, com chifrinhos, rabinho e um tridente, ele mistura travessura e carisma em um só personagem. Perfeito para criar uma atmosfera mágica, envolvente e cheia de encanto.</p>",,,,taxable,,1,,,0,0,,,,,0,,,,Halloween,"boneco temático, cenário lúdico, diabolin, espetáculo, fantasia, halloween, manto produções, personagem divertido, travessuras",,"https://mantoproducoes.com.br/wp-content/uploads/2025/08/Captura-de-Tela-2025-08-27-as-09.43.27.png, https://mantoproducoes.com.br/wp-content/uploads/2025/08/Captura-de-Tela-2025-08-27-as-09.43.29.png, https://mantoproducoes.com.br/wp-content/uploads/2025/08/Captura-de-Tela-2025-08-27-as-09.43.38.png, https://mantoproducoes.com.br/wp-content/uploads/2025/08/Captura-de-Tela-2025-08-27-as-09.43.30.png",,,,,,,,,0,,0,default,default,default,default,default,,471,1,74,set,60
5383,simple,,,Strike,1,0,visible,"<p class=""p1"">O <span class=""s1""><b>Strike</b></span> é um personagem impactante e cheio de atitude, perfeito para compor cenários de Halloween ou eventos temáticos. Com um visual marcante, ele usa um moletom vermelho com capuz, luvas brancas e carrega um <span class=""s1""><b>taco de baseball cravejado de pregos</b></span>. Seu rosto expressivo com olhos amarelos brilhantes e um sorriso intimidador traz uma estética única e ousada. Um personagem que mistura <span class=""s1""><b>mistério, rebeldia e diversão</b></span>, ideal para apresentações que pedem um toque de adrenalina e suspense.</p>",,,,taxable,,1,,,0,0,,,,,0,,,,Halloween,"assustador, atração interativa, boneco, evento, expressão ameaçadora, halloween, impacto visual, manto produções, maquiagem artística, moletom vermelho, olhos amarelos, performance, personagem, pregos, show temático, sombrio, Strike, taco de baseball",,"https://mantoproducoes.com.br/wp-content/uploads/2025/08/Captura-de-Tela-2025-08-27-as-09.45.07.png, https://mantoproducoes.com.br/wp-content/uploads/2025/08/Captura-de-Tela-2025-08-27-as-09.45.15.png, https://mantoproducoes.com.br/wp-content/uploads/2025/08/Captura-de-Tela-2025-08-27-as-09.45.13.png, https://mantoproducoes.com.br/wp-content/uploads/2025/08/Captura-de-Tela-2025-08-27-as-09.45.12.png",,,,,,,,,0,,0,default,default,default,default,default,,471,1,113,set,60
5388,simple,,,Monstrursa,1,0,visible,"<p class=""p1"">Monstrursa é uma personagem única e divertida, com um visual encantador e cheio de personalidade. Ela mistura elementos fofos e assustadores, trazendo um toque mágico e lúdico para eventos, festas temáticas e experiências infantis. Seu figurino detalhado, maquiagem criativa e expressão cativante fazem dela uma atração perfeita para encantar crianças e adultos.</p>",,,,taxable,,1,,,0,0,,,,,0,,,,Halloween,"assustador, atração interativa, boneco, divertido, evento, fantasia, fofura, halloween, impacto visual, infantil, manto produções, maquiagem artística, Monstrursa, performance, personagem, show temático",,"https://mantoproducoes.com.br/wp-content/uploads/2025/08/Captura-de-Tela-2025-08-27-as-09.47.31.png, https://mantoproducoes.com.br/wp-content/uploads/2025/08/Captura-de-Tela-2025-08-27-as-09.47.40.png, https://mantoproducoes.com.br/wp-content/uploads/2025/08/Captura-de-Tela-2025-08-27-as-09.47.37.png, https://mantoproducoes.com.br/wp-content/uploads/2025/08/Captura-de-Tela-2025-08-27-as-09.47.33.png",,,,,,,,,0,,0,default,default,default,default,default,,471,1,107,set,60
5393,simple,,,"Família Addams",1,0,visible,"<p class=""p1"">A Família Addams traz todo o seu charme sombrio e cômico para criar uma experiência única e inesquecível. Com personagens icônicos, figurinos detalhados e personalidades marcantes, eles unem humor e mistério de forma envolvente. Perfeitos para eventos temáticos, festas de Halloween e experiências imersivas, os integrantes da família encantam e surpreendem com sua estética gótica e cheia de estilo.</p>",,,,taxable,,1,,,0,0,,,,,0,,,,"Filmes/Séries, Halloween","atração interativa, divertido, evento, Família Addams, fantasia, Gomez, gótico, halloween, icônico, impacto visual, manto produções, Mortícia, performance, personagens, Pugsley, show temático, sombrio, Wandinha",,"https://mantoproducoes.com.br/wp-content/uploads/2025/08/Captura-de-Tela-2025-08-27-as-09.49.18.png, https://mantoproducoes.com.br/wp-content/uploads/2025/08/Captura-de-Tela-2025-08-27-as-09.49.20.png, https://mantoproducoes.com.br/wp-content/uploads/2025/08/Captura-de-Tela-2025-08-27-as-09.49.26.png, https://mantoproducoes.com.br/wp-content/uploads/2025/08/Captura-de-Tela-2025-08-27-as-09.49.24.png, https://mantoproducoes.com.br/wp-content/uploads/2025/08/Captura-de-Tela-2025-08-27-as-09.49.22.png, https://mantoproducoes.com.br/wp-content/uploads/2025/08/Captura-de-Tela-2025-08-27-as-09.49.28.png",,,,,,,,,0,,0,default,default,default,default,default,,471,1,150,set,60
5400,simple,,,"Palhaço Branco da Serra Elétrica",1,0,visible,"<p class=""p1"">O Palhaço Branco da Serra Elétrica é um personagem impactante, sombrio e cheio de mistério. Com maquiagem artística, figurino detalhado e um visual perturbador, ele mistura terror e suspense, criando uma presença marcante em qualquer evento. Perfeito para festas de Halloween, atrações temáticas e experiências imersivas, ele garante adrenalina e muita emoção.</p>",,,,taxable,,1,,,0,0,,,,,0,,,,Halloween,"assustador, atração interativa, evento temático, halloween, impacto visual, manto produções, maquiagem artística, palhaço branco, personagem, serra elétrica, sombrio, suspense, terror",,"https://mantoproducoes.com.br/wp-content/uploads/2025/08/Captura-de-Tela-2025-08-27-as-09.51.00.png, https://mantoproducoes.com.br/wp-content/uploads/2025/08/Captura-de-Tela-2025-08-27-as-09.51.14.png, https://mantoproducoes.com.br/wp-content/uploads/2025/08/Captura-de-Tela-2025-08-27-as-09.51.08.png, https://mantoproducoes.com.br/wp-content/uploads/2025/08/Captura-de-Tela-2025-08-27-as-09.51.04.png, https://mantoproducoes.com.br/wp-content/uploads/2025/08/Captura-de-Tela-2025-08-27-as-09.51.02.png, https://mantoproducoes.com.br/wp-content/uploads/2025/08/Captura-de-Tela-2025-08-27-as-09.50.55.png",,,,,,,,,0,,0,default,default,default,default,default,,471,1,147,set,60
5407,simple,,,Malévola,1,0,visible,"<p class=""p1"">Malévola é uma personagem poderosa, imponente e misteriosa, que combina elegância e intensidade em cada detalhe. Com seu figurino icônico, chifres marcantes e uma presença de tirar o fôlego, ela carrega uma aura de magia sombria e sofisticação. Ideal para festas temáticas, eventos especiais e experiências imersivas, Malévola encanta e impressiona todos ao redor.</p>",,,,taxable,,1,,,0,0,,,,,0,,,,"Filmes/Séries, Halloween","chifres, elegante, evento temático, fantasia, icônica, impactante, magia, malévola, manto produções, personagem, poderosa, sombria, vilã",,"https://mantoproducoes.com.br/wp-content/uploads/2025/08/Captura-de-Tela-2025-08-27-as-09.52.39.png, https://mantoproducoes.com.br/wp-content/uploads/2025/08/Captura-de-Tela-2025-08-27-as-09.52.37.png, https://mantoproducoes.com.br/wp-content/uploads/2025/08/Captura-de-Tela-2025-08-27-as-09.52.48.png, https://mantoproducoes.com.br/wp-content/uploads/2025/08/Captura-de-Tela-2025-08-27-as-09.52.47.png",,,,,,,,,0,,0,default,default,default,default,default,,471,1,102,set,60
5413,simple,,,"Cruella de Vil (Desenho)",1,0,visible,"<p class=""p1"">Cruella de Vil, na sua versão clássica do desenho, é ousada, extravagante e cheia de personalidade. Com seu visual marcante, cabelo meio a meio e estilo excêntrico, ela é a vilã icônica que combina elegância e um toque de loucura. Ideal para festas temáticas e eventos cheios de atitude, Cruella encanta com sua presença inconfundível.</p>",,,,taxable,,1,,,0,0,,,,,0,,,,Halloween,"clássica, cruella, desenho, estilosa, evento temático, extravagante, icônica, manto produções, marcante, ousada, personagem, personalidade, vilã",,"https://mantoproducoes.com.br/wp-content/uploads/2025/08/Captura-de-Tela-2025-08-27-as-09.54.13.png, https://mantoproducoes.com.br/wp-content/uploads/2025/08/Captura-de-Tela-2025-08-27-as-09.54.21.png, https://mantoproducoes.com.br/wp-content/uploads/2025/08/Captura-de-Tela-2025-08-27-as-09.54.15.png",,,,,,,,,0,,0,default,default,default,default,default,,471,1,91,set,60
5417,simple,,,"Cruella de Vil (Live-Action)",1,0,visible,"<p class=""p1"">Cruella de Vil, na versão live action, surge ainda mais ousada, fashionista e cheia de atitude. Com figurinos icônicos, maquiagem marcante e uma personalidade forte, essa versão traz uma Cruella moderna, rebelde e absolutamente deslumbrante. Perfeita para compor eventos sofisticados, temáticos e cheios de estilo.</p>",,,,taxable,,1,,,0,0,,,,,0,,,,"Filmes/Séries, Halloween","cruella, estilosa, evento temático, fashion, figurinos, icônica, live action, manto produções, moderna, ousada, personagem, personalidade forte, vilã",,"https://mantoproducoes.com.br/wp-content/uploads/2025/08/Captura-de-Tela-2025-08-27-as-09.55.21.png, https://mantoproducoes.com.br/wp-content/uploads/2025/08/Captura-de-Tela-2025-08-27-as-09.55.24.png, https://mantoproducoes.com.br/wp-content/uploads/2025/08/Captura-de-Tela-2025-08-27-as-09.55.37.png",,,,,,,,,0,,0,default,default,default,default,default,,471,1,137,set,60
5421,simple,,,"Mordomo Cadáver",1,0,visible,"<p class=""p1"">O Mordomo Cadáver é um personagem sombrio e elegante, perfeito para criar uma atmosfera misteriosa e envolvente. Com figurino refinado, maquiagem cadavérica e um toque de humor macabro, ele traz um clima teatral único, ideal para festas temáticas, Halloween e eventos que pedem um ar de mistério e fantasia.</p>",,,,taxable,,1,,,0,0,,,,,0,,,,Halloween,"atmosfera misteriosa, evento especial, festa temática, figurino elegante, halloween, humor macabro, manto produções, maquiagem cadavérica, mordomo cadáver, personagem icônico, personagem sombrio",,"https://mantoproducoes.com.br/wp-content/uploads/2025/08/Captura-de-Tela-2025-08-27-as-09.56.53.png, https://mantoproducoes.com.br/wp-content/uploads/2025/08/Captura-de-Tela-2025-08-27-as-09.57.02.png, https://mantoproducoes.com.br/wp-content/uploads/2025/08/Captura-de-Tela-2025-08-27-as-09.56.59.png, https://mantoproducoes.com.br/wp-content/uploads/2025/08/Captura-de-Tela-2025-08-27-as-09.56.56.png, https://mantoproducoes.com.br/wp-content/uploads/2025/08/Captura-de-Tela-2025-08-27-as-09.56.54.png",,,,,,,,,0,,0,default,default,default,default,default,,471,1,107,set,60
5427,simple,,,Diabão,1,0,visible,"<p class=""p1"">O Diabão é um personagem impactante e cheio de presença, com maquiagem artística intensa e visual marcante. Seu design mistura fantasia e ousadia, trazendo um ar místico e poderoso, perfeito para festas temáticas, Halloween, eventos performáticos e produções que pedem um toque de impacto e mistério.</p>",,,,taxable,,1,,,0,0,,,,,0,,,,Halloween,"diabão, evento temático, fantasia sombria, halloween, make artística, manto produções, maquiagem intensa, personagem impactante, show performático, visual marcante",,"https://mantoproducoes.com.br/wp-content/uploads/2025/08/Captura-de-Tela-2025-08-27-as-09.58.32.png, https://mantoproducoes.com.br/wp-content/uploads/2025/08/Captura-de-Tela-2025-08-27-as-09.58.42.png, https://mantoproducoes.com.br/wp-content/uploads/2025/08/Captura-de-Tela-2025-08-27-as-09.58.36.png, https://mantoproducoes.com.br/wp-content/uploads/2025/08/Captura-de-Tela-2025-08-27-as-09.58.35.png",,,,,,,,,0,,0,default,default,default,default,default,,471,1,76,set,60
5432,simple,,,Ghostbusters,1,0,visible,"<p class=""p1"">Os Ghostbusters são ícones do cinema e da cultura pop, trazendo uma energia divertida e nostálgica. Com seus trajes icônicos, equipamentos caça-fantasmas e muito carisma, eles garantem uma experiência cheia de humor, aventura e magia. Perfeitos para eventos temáticos, festas e produções que pedem personagens clássicos e reconhecíveis.</p>",,,,taxable,,1,,,0,0,,,,,0,,,,"Filmes/Séries, Halloween","caça-fantasmas, cultura pop, evento temático, fantasia divertida, filme icônico, ghostbusters, halloween, manto produções, nostalgia, personagens clássicos",,"https://mantoproducoes.com.br/wp-content/uploads/2025/08/ghostbusters-43-scaled-e1773413864542.jpg, https://mantoproducoes.com.br/wp-content/uploads/2025/08/ghostbusters-38-scaled.jpg, https://mantoproducoes.com.br/wp-content/uploads/2025/08/ghostbusters-23-scaled.jpg, https://mantoproducoes.com.br/wp-content/uploads/2025/08/ghostbusters-20-scaled.jpg, https://mantoproducoes.com.br/wp-content/uploads/2025/08/ghostbusters-01-scaled.jpg, https://mantoproducoes.com.br/wp-content/uploads/2025/08/ghostbusters-43-scaled-e1773413864542.jpg, https://mantoproducoes.com.br/wp-content/uploads/2025/08/ghostbusters-25-scaled.jpg, https://mantoproducoes.com.br/wp-content/uploads/2025/08/ghostbusters-14-scaled.jpg, https://mantoproducoes.com.br/wp-content/uploads/2025/08/ghostbusters-34-scaled.jpg, https://mantoproducoes.com.br/wp-content/uploads/2025/08/ghostbusters-40-scaled.jpg, https://mantoproducoes.com.br/wp-content/uploads/2025/08/Captura-de-Tela-2025-08-27-as-09.59.53.png",,,,,,,,,0,,0,default,default,default,default,default,,470,1,192,set,60
5437,simple,,,"Jack Skellington (Pernas de Pau)",1,0,visible,"<p class=""p1"">Jack Skellington em versão pernas de pau traz ainda mais imponência ao icônico Rei das Abóboras! Com visual sombrio e elegante, inspirado no clássico <i>O Estranho Mundo de Jack</i>, ele ganha altura e presença, criando uma experiência visual impressionante e perfeita para Halloween, festas temáticas e eventos imersivos. Um personagem que une fantasia, magia e impacto visual.</p>",,,,taxable,,1,,,0,0,,,,,0,,,,"Filmes/Séries, Halloween","evento temático, fantasia sombria, halloween, jack skellington, manto produções, o estranho mundo de jack, pernas de pau, personagem imponente, visual marcante",,"https://mantoproducoes.com.br/wp-content/uploads/2025/08/Captura-de-Tela-2025-08-27-as-10.01.52.png, https://mantoproducoes.com.br/wp-content/uploads/2025/08/Captura-de-Tela-2025-08-27-as-10.02.01.png, https://mantoproducoes.com.br/wp-content/uploads/2025/08/Captura-de-Tela-2025-08-27-as-10.01.56.png, https://mantoproducoes.com.br/wp-content/uploads/2025/08/Captura-de-Tela-2025-08-27-as-10.01.47.png, https://mantoproducoes.com.br/wp-content/uploads/2025/08/Captura-de-Tela-2025-08-27-as-10.01.44.png",,,,,,,,,0,,0,default,default,default,default,default,,471,1,74,set,60
5443,simple,,,"Wandinha Addams",1,0,visible,"<p class=""p1"">Wandinha Addams traz toda a sua personalidade sombria e misteriosa diretamente da icônica <i>Família Addams</i>. Com seu visual marcante, humor ácido e um toque enigmático, ela encanta fãs de todas as idades e é perfeita para compor cenários temáticos, festas, Halloween e eventos imersivos que pedem um clima de fantasia sombria e estilo gótico.</p>",,,,taxable,,1,,,0,0,,,,,0,,,,"Filmes/Séries, Halloween","atmosfera misteriosa, evento temático, Família Addams, fantasia sombria, halloween, manto produções, personagem gótica, visual icônico, wandinha addams",,"https://mantoproducoes.com.br/wp-content/uploads/2025/08/Captura-de-Tela-2025-08-27-as-10.03.11.png, https://mantoproducoes.com.br/wp-content/uploads/2025/08/Captura-de-Tela-2025-08-27-as-10.03.12.png, https://mantoproducoes.com.br/wp-content/uploads/2025/08/Captura-de-Tela-2025-08-27-as-10.03.24.png, https://mantoproducoes.com.br/wp-content/uploads/2025/08/Captura-de-Tela-2025-08-27-as-10.03.22.png, https://mantoproducoes.com.br/wp-content/uploads/2025/08/Captura-de-Tela-2025-08-27-as-10.03.20.png, https://mantoproducoes.com.br/wp-content/uploads/2025/08/Captura-de-Tela-2025-08-27-as-10.03.18.png, https://mantoproducoes.com.br/wp-content/uploads/2025/08/Captura-de-Tela-2025-08-27-as-10.03.16.png, https://mantoproducoes.com.br/wp-content/uploads/2025/08/Captura-de-Tela-2025-08-27-as-10.03.14.png",,,,,,,,,0,,0,default,default,default,default,default,,471,1,116,set,60
5452,simple,,,"Palhaço Colorido Orográfico",1,0,visible,"<p class=""p1"">O Palhaço Colorido Orográfico é uma explosão de cores, energia e diversão! Com maquiagem artística vibrante e figurino chamativo, ele traz um visual moderno e impactante que encanta crianças e adultos. Ideal para compor cenários alegres e interativos, perfeito para festas, eventos temáticos, recepções e momentos que pedem animação contagiante.</p>",,,,taxable,,1,,,0,0,,,,,0,,,,Halloween,"animação interativa, evento temático, fantasia lúdica, figurino vibrante, manto produções, maquiagem artística, palhaço colorido, palhaço orográfico, personagem divertido, personagens manto",,"https://mantoproducoes.com.br/wp-content/uploads/2025/08/Captura-de-Tela-2025-08-27-as-10.05.32.png, https://mantoproducoes.com.br/wp-content/uploads/2025/08/Captura-de-Tela-2025-08-27-as-10.05.43.png, https://mantoproducoes.com.br/wp-content/uploads/2025/08/Captura-de-Tela-2025-08-27-as-10.05.41.png, https://mantoproducoes.com.br/wp-content/uploads/2025/08/Captura-de-Tela-2025-08-27-as-10.05.38.png, https://mantoproducoes.com.br/wp-content/uploads/2025/08/Captura-de-Tela-2025-08-27-as-10.05.36.png, https://mantoproducoes.com.br/wp-content/uploads/2025/08/Captura-de-Tela-2025-08-27-as-10.05.34.png",,,,,,,,,0,,0,default,default,default,default,default,,471,1,89,set,60
5459,simple,,,"Lord Skull (Humanizado)",1,0,visible,"<p class=""p1"">Lord Skull Humanizado traz uma releitura poderosa do clássico personagem sombrio, agora com traços mais realistas e expressivos. Seu visual combina maquiagem artística detalhada, figurino marcante e uma presença intensa, que mistura mistério e imponência. Perfeito para produções temáticas, eventos imersivos e performances que exigem impacto visual com um toque mais humano e contemporâneo.</p>",,,,taxable,,1,,,0,0,,,,,0,,,,Halloween,"fantasia realista, halloween, impacto visual, lord skull, manto produções, maquiagem artística, personagem marcante, personagem sombrio, produção imersiva, versão humanizada",,"https://mantoproducoes.com.br/wp-content/uploads/2025/08/Captura-de-Tela-2025-08-27-as-10.07.22.png, https://mantoproducoes.com.br/wp-content/uploads/2025/08/Captura-de-Tela-2025-08-27-as-10.07.25.png, https://mantoproducoes.com.br/wp-content/uploads/2025/08/Captura-de-Tela-2025-08-27-as-10.07.21.png, https://mantoproducoes.com.br/wp-content/uploads/2025/08/Captura-de-Tela-2025-08-27-as-10.07.15.png, https://mantoproducoes.com.br/wp-content/uploads/2025/08/Captura-de-Tela-2025-08-27-as-10.07.34.png",,,,,,,,,0,,0,default,default,default,default,default,,471,1,100,set,60
5466,simple,,,"Bicho Papão",1,0,visible,"<p class=""p1"">O Bicho Papão é um personagem clássico do imaginário infantil, trazendo um toque divertido e levemente assustador. Com um visual desengonçado e carismático, ele adora doces e é perfeito para interagir com o público, criando momentos mágicos e cheios de risadas. Ideal para eventos temáticos, festas infantis e apresentações que misturam humor, fantasia e mistério.</p>",,,,taxable,,1,,,0,0,,,,,0,,,,Halloween,"apresentações mágicas, bicho papão, doces, eventos especiais, fantasia infantil, halloween, interação com o público, manto produções, personagem divertido, personagem temático",,"https://mantoproducoes.com.br/wp-content/uploads/2025/08/Captura-de-Tela-2025-08-27-as-10.08.41.png, https://mantoproducoes.com.br/wp-content/uploads/2025/08/Captura-de-Tela-2025-08-27-as-10.08.42.png, https://mantoproducoes.com.br/wp-content/uploads/2025/08/Captura-de-Tela-2025-08-27-as-10.08.49.png, https://mantoproducoes.com.br/wp-content/uploads/2025/08/Captura-de-Tela-2025-08-27-as-10.08.46.png, https://mantoproducoes.com.br/wp-content/uploads/2025/08/Captura-de-Tela-2025-08-27-as-10.08.44.png",,,,,,,,,0,,0,default,default,default,default,default,,471,1,109,set,60
5472,simple,,,"Sweet Pumpkin",1,0,visible,"<p class=""p1"">Sweet Pumpkin é uma personagem encantadora, inspirada no clima mágico do Halloween. Com um visual doce, divertido e cheio de cores vibrantes, ela mistura fantasia e fofura em uma única experiência. Seu estilo é perfeito para criar momentos alegres, interativos e inesquecíveis em eventos temáticos, festas e apresentações especiais.</p>",,,,taxable,,1,,,0,0,,,,,0,,,,Halloween,"apresentações lúdicas, diversão para crianças, doces e travessuras, eventos temáticos, fantasia mágica, halloween divertido, personagem infantil, personagens manto, show interativo, sweet pumpkin",,"https://mantoproducoes.com.br/wp-content/uploads/2025/08/Captura-de-Tela-2025-08-27-as-10.10.05.png, https://mantoproducoes.com.br/wp-content/uploads/2025/08/Captura-de-Tela-2025-08-27-as-10.10.11.png, https://mantoproducoes.com.br/wp-content/uploads/2025/08/Captura-de-Tela-2025-08-27-as-10.10.10.png, https://mantoproducoes.com.br/wp-content/uploads/2025/08/Captura-de-Tela-2025-08-27-as-10.10.08.png, https://mantoproducoes.com.br/wp-content/uploads/2025/08/Captura-de-Tela-2025-08-27-as-10.10.07.png, https://mantoproducoes.com.br/wp-content/uploads/2025/08/Captura-de-Tela-2025-08-27-as-10.10.03.png",,,,,,,,,0,,0,default,default,default,default,default,,471,1,116,set,60
5479,simple,,,"Abóbora Maldita",1,0,visible,"<p class=""p1"">Abóbora Maldita é uma personagem sombria e misteriosa, perfeita para criar uma atmosfera de Halloween cheia de suspense e diversão. Com um visual impactante, ela mistura o lado assustador das lendas de abóboras encantadas com um toque lúdico e interativo, ideal para apresentações temáticas, shows e eventos que pedem emoção e fantasia.</p>",,,,taxable,,1,,,0,0,,,,,0,,,,Halloween,"abóbora maldita, diversão mágica, doces ou travessuras, espetáculo infantil, eventos temáticos, fantasia sombria, halloween, personagem assustador, personagens manto, show de halloween",,"https://mantoproducoes.com.br/wp-content/uploads/2025/08/Captura-de-Tela-2025-08-27-as-10.11.36.png, https://mantoproducoes.com.br/wp-content/uploads/2025/08/Captura-de-Tela-2025-08-27-as-10.11.47.png, https://mantoproducoes.com.br/wp-content/uploads/2025/08/Captura-de-Tela-2025-08-27-as-10.11.43.png, https://mantoproducoes.com.br/wp-content/uploads/2025/08/Captura-de-Tela-2025-08-27-as-10.11.41.png, https://mantoproducoes.com.br/wp-content/uploads/2025/08/Captura-de-Tela-2025-08-27-as-10.11.39.png, https://mantoproducoes.com.br/wp-content/uploads/2025/08/Captura-de-Tela-2025-08-27-as-10.11.37.png",,,,,,,,,0,,0,default,default,default,default,default,,471,1,129,set,60
5486,simple,,,"Dark Pumpkin",1,0,visible,"<p class=""p1"">Dark Pumpkin é um personagem de Halloween com um visual sombrio, misterioso e cheio de impacto. Ideal para eventos temáticos, ele traz uma aura arrepiante e envolvente, misturando fantasia e um toque de suspense. Com design marcante, é perfeito para compor cenários assustadoramente mágicos, apresentações e interações que encantam crianças e adultos.</p>",,,,taxable,,1,,,0,0,,,,,0,,,,Halloween,"dark pumpkin, diversão mágica, doces ou travessuras, espetáculo infantil, eventos temáticos, fantasia sombria, halloween, personagem assustador, personagem sombrio, personagens manto, show de halloween",,"https://mantoproducoes.com.br/wp-content/uploads/2025/08/Captura-de-Tela-2025-08-27-as-10.12.58.png, https://mantoproducoes.com.br/wp-content/uploads/2025/08/Captura-de-Tela-2025-08-27-as-10.12.59.png, https://mantoproducoes.com.br/wp-content/uploads/2025/08/Captura-de-Tela-2025-08-27-as-10.13.08.png, https://mantoproducoes.com.br/wp-content/uploads/2025/08/Captura-de-Tela-2025-08-27-as-10.13.06.png, https://mantoproducoes.com.br/wp-content/uploads/2025/08/Captura-de-Tela-2025-08-27-as-10.13.02.png, https://mantoproducoes.com.br/wp-content/uploads/2025/08/Captura-de-Tela-2025-08-27-as-10.13.01.png",,,,,,,,,0,,0,default,default,default,default,default,,471,1,47,set,60
5493,simple,,,"Zumbi (Humanizado)",1,0,visible,"<p class=""p1"">Zumbis Humanizados são personagens icônicos e divertidamente assustadores, perfeitos para eventos temáticos de Halloween. Com figurinos detalhados e expressões marcantes, esses personagens trazem uma estética única que mistura terror e fantasia. Ideais para interações, fotos e performances, eles criam uma atmosfera envolvente, misteriosa e inesquecível para o público.</p>",,,,taxable,,1,,,0,0,,,,,0,,,,Halloween,"diversão mágica, doces ou travessuras, espetáculo infantil, eventos temáticos, fantasia sombria, halloween, personagens assustadores, personagens manto, terror divertido, zumbis humanizados",,"https://mantoproducoes.com.br/wp-content/uploads/2025/08/Captura-de-Tela-2025-08-27-as-10.14.19.png, https://mantoproducoes.com.br/wp-content/uploads/2025/08/Captura-de-Tela-2025-08-27-as-10.14.27.png, https://mantoproducoes.com.br/wp-content/uploads/2025/08/Captura-de-Tela-2025-08-27-as-10.14.34.png, https://mantoproducoes.com.br/wp-content/uploads/2025/08/Captura-de-Tela-2025-08-27-as-10.14.30.png",,,,,,,,,0,,0,default,default,default,default,default,,471,1,94,set,60
5498,simple,,,"Boneca Voodoo",1,0,visible,"<p class=""p1"">A Boneca Voodoo é um personagem cheio de mistério e magia sombria, perfeita para criar uma atmosfera única em festas, eventos temáticos e apresentações. Com figurino detalhado, maquiagem artística e uma estética envolvente, ela mistura o suspense do voodoo com um toque lúdico, trazendo uma experiência visual inesquecível para o público.</p>",,,,taxable,,1,,,0,0,,,,,0,,,,Halloween,"boneca voodoo, diversão assustadora, espetáculo infantil, evento temático, fantasia, halloween, magia sombria, maquiagem artística, mistério, personagens manto",,"https://mantoproducoes.com.br/wp-content/uploads/2025/08/Captura-de-Tela-2025-08-27-as-10.15.33.png, https://mantoproducoes.com.br/wp-content/uploads/2025/08/Captura-de-Tela-2025-08-27-as-10.15.52.png, https://mantoproducoes.com.br/wp-content/uploads/2025/08/Captura-de-Tela-2025-08-27-as-10.15.51.png, https://mantoproducoes.com.br/wp-content/uploads/2025/08/Captura-de-Tela-2025-08-27-as-10.15.43.png, https://mantoproducoes.com.br/wp-content/uploads/2025/08/Captura-de-Tela-2025-08-27-as-10.15.41.png, https://mantoproducoes.com.br/wp-content/uploads/2025/08/Captura-de-Tela-2025-08-27-as-10.15.39.png, https://mantoproducoes.com.br/wp-content/uploads/2025/08/Captura-de-Tela-2025-08-27-as-10.15.38.png",,,,,,,,,0,,0,default,default,default,default,default,,471,1,67,set,60
5506,simple,,,"Noiva de Chave de Fenda",1,0,visible,"<p class=""p1"">A Noiva de Chave de Fenda é um personagem excêntrico, sombrio e cheio de personalidade, perfeito para eventos temáticos, festas e produções que pedem um toque de originalidade. Com maquiagem artística marcante, figurino impactante e um visual fora do comum, ela une o inusitado ao misterioso, criando uma presença única e inesquecível para o público.</p>",,,,taxable,,1,,,0,0,,,,,0,,,,Halloween,"caracterização impactante, espetáculo, evento temático, fantasia criativa, halloween, maquiagem artística, noiva de chave de fenda, personagem sombrio, produção manto, terror divertido",,"https://mantoproducoes.com.br/wp-content/uploads/2025/08/Captura-de-Tela-2025-08-27-as-10.17.21.png, https://mantoproducoes.com.br/wp-content/uploads/2025/08/Captura-de-Tela-2025-08-27-as-10.17.26.png, https://mantoproducoes.com.br/wp-content/uploads/2025/08/Captura-de-Tela-2025-08-27-as-10.17.19.png",,,,,,,,,0,,0,default,default,default,default,default,,471,1,72,set,60
5511,simple,,,"Fantasma da Ópera",1,0,visible,"<p class=""p1"">O Fantasma da Ópera é um personagem icônico, envolto em mistério, drama e emoção. Com sua máscara inconfundível, figurino elegante e presença impactante, ele traz todo o clima clássico e teatral do famoso musical. Perfeito para eventos sofisticados, produções temáticas e experiências imersivas, o Fantasma encanta e intriga, criando uma atmosfera única e inesquecível.</p>",,,,taxable,,1,,,0,0,,,,,0,,,,Halloween,"caracterização marcante, espetáculo, evento temático, fantasia elegante, fantasma da ópera, máscara icônica, musical, personagem clássico, produção manto, teatro",,"https://mantoproducoes.com.br/wp-content/uploads/2025/08/Captura-de-Tela-2025-08-27-as-10.18.25.png, https://mantoproducoes.com.br/wp-content/uploads/2025/08/Captura-de-Tela-2025-08-27-as-10.18.30.png, https://mantoproducoes.com.br/wp-content/uploads/2025/08/Captura-de-Tela-2025-08-27-as-10.18.28.png, https://mantoproducoes.com.br/wp-content/uploads/2025/08/Captura-de-Tela-2025-08-27-as-10.18.26.png, https://mantoproducoes.com.br/wp-content/uploads/2025/08/Captura-de-Tela-2025-08-27-as-10.18.34.png",,,,,,,,,0,,0,default,default,default,default,default,,471,1,57,set,60
5517,simple,,,"Round 6",1,0,visible,"<p class=""p1"">Round 6, inspirado na famosa série sul-coreana “Squid Game”, traz personagens icônicos com figurinos marcantes e um visual impactante. Com suas roupas vermelhas, máscaras misteriosas e estética sombria, esse tema é perfeito para festas temáticas, eventos imersivos e experiências diferenciadas. A atmosfera de suspense e competição cria um ambiente único que impressiona todos os convidados.</p>",,,,taxable,,1,,,0,0,,,,,0,,,,"Filmes/Séries, Halloween","entretenimento, evento temático, experiência imersiva, fantasia vermelha, máscara icônica, personagens temáticos, produção manto, round 6, série coreana, squid game",,"https://mantoproducoes.com.br/wp-content/uploads/2025/08/Captura-de-Tela-2025-08-27-as-10.19.35.png, https://mantoproducoes.com.br/wp-content/uploads/2025/08/Captura-de-Tela-2025-08-27-as-10.19.37.png, https://mantoproducoes.com.br/wp-content/uploads/2025/08/Captura-de-Tela-2025-08-27-as-10.19.40.png",,,,,,,,,0,,0,default,default,default,default,default,,470,1,47,set,60
5521,simple,,,Beetlejuice,1,0,visible,"<p class=""p1"">Beetlejuice, inspirado no clássico cult dirigido por Tim Burton, traz um visual excêntrico, divertido e misterioso, perfeito para festas temáticas e eventos criativos. Com seu icônico terno listrado, cabelo bagunçado e maquiagem marcante, o personagem carrega uma estética sombria, mas ao mesmo tempo divertida e envolvente, criando uma experiência inesquecível para o público.</p>",,,,taxable,,1,,,0,0,,,,,0,,,,Halloween,"beetlejuice, cosplay, entretenimento, evento criativo, fantasia halloween, festa temática, maquiagem artística, personagem excêntrico, produção manto, tim burton",,"https://mantoproducoes.com.br/wp-content/uploads/2025/08/Captura-de-Tela-2025-08-27-as-10.20.39.png, https://mantoproducoes.com.br/wp-content/uploads/2025/08/Captura-de-Tela-2025-08-27-as-10.20.34.png, https://mantoproducoes.com.br/wp-content/uploads/2025/08/Captura-de-Tela-2025-08-27-as-10.20.44.png, https://mantoproducoes.com.br/wp-content/uploads/2025/08/Captura-de-Tela-2025-08-27-as-10.20.42.png",,,,,,,,,0,,0,default,default,default,default,default,,471,1,60,set,60
5526,simple,,,"Freddy Krueger",1,0,visible,"<p class=""p1"">Freddy Krueger, o icônico vilão da franquia <i>A Hora do Pesadelo</i>, é perfeito para criar uma atmosfera sombria e intensa. Com suas garras afiadas, o chapéu característico, a blusa listrada vermelha e verde e o rosto marcado por queimaduras, ele é um personagem clássico para eventos de Halloween e festas temáticas de terror. Sua presença causa impacto e garante um clima de suspense e diversão assustadora.</p>",,,,taxable,,1,,,0,0,,,,,0,,,,"Filmes/Séries, Halloween","a hora do pesadelo, evento imersivo, fantasia assustadora, festa temática, freddy krueger, halloween, maquiagem de terror, personagem de terror, produção manto, vilão icônico",,"https://mantoproducoes.com.br/wp-content/uploads/2025/08/Captura-de-Tela-2025-08-27-as-10.21.45.png, https://mantoproducoes.com.br/wp-content/uploads/2025/08/Captura-de-Tela-2025-08-27-as-10.21.47.png, https://mantoproducoes.com.br/wp-content/uploads/2025/08/Captura-de-Tela-2025-08-27-as-10.21.56.png, https://mantoproducoes.com.br/wp-content/uploads/2025/08/Captura-de-Tela-2025-08-27-as-10.21.53.png, https://mantoproducoes.com.br/wp-content/uploads/2025/08/Captura-de-Tela-2025-08-27-as-10.21.52.png, https://mantoproducoes.com.br/wp-content/uploads/2025/08/Captura-de-Tela-2025-08-27-as-10.21.50.png",,,,,,,,,0,,0,default,default,default,default,default,,471,1,65,set,60
5533,simple,,,Monstrurso,1,0,visible,"<p class=""p1"">Monstrurso é um personagem divertido, carismático e cheio de energia, ideal para festas infantis e temáticas. Com seu visual colorido e expressão animada, ele mistura o lado “monstro” com um toque de fofura, conquistando crianças e adultos. Ele garante momentos de interação, fotos inesquecíveis e muita diversão, sendo perfeito para eventos que pedem um clima alegre e descontraído.</p>",,,,taxable,,1,,,0,0,,,,,0,,,,Halloween,"atração para crianças, entretenimento, evento imersivo, fantasia divertida, festa temática, monstrurso, personagem de festa, personagem infantil, personagem lúdico, produção manto",,"https://mantoproducoes.com.br/wp-content/uploads/2025/08/Captura-de-Tela-2025-08-27-as-10.22.55.png, https://mantoproducoes.com.br/wp-content/uploads/2025/08/Captura-de-Tela-2025-08-27-as-10.22.56.png, https://mantoproducoes.com.br/wp-content/uploads/2025/08/Captura-de-Tela-2025-08-27-as-10.23.07.png, https://mantoproducoes.com.br/wp-content/uploads/2025/08/Captura-de-Tela-2025-08-27-as-10.22.58.png",,,,,,,,,0,,0,default,default,default,default,default,,471,1,90,set,60
5538,simple,,,"Lord Skull (Boneco)",1,0,visible,"<p class=""p1"">O <span class=""s1""><b>Lord Skull (Boneco)</b></span> é um personagem imponente e cheio de presença, perfeito para criar impacto em festas e eventos temáticos. Com um visual sombrio, maquiagem detalhada e figurino estilizado, ele combina elementos de caveira com um toque de fantasia, chamando a atenção de todos por onde passa. Ideal para interações, fotos e composições de cenário, ele traz uma atmosfera marcante e misteriosa.</p>",,,,taxable,,1,,,0,0,,,,,0,,,,Halloween,"atração interativa, boneco, entretenimento, evento temático, fantasia artística, festa de halloween, lord skull, personagem de impacto, personagem sombrio, produção manto",,"https://mantoproducoes.com.br/wp-content/uploads/2025/08/Captura-de-Tela-2025-08-27-as-10.24.00.png, https://mantoproducoes.com.br/wp-content/uploads/2025/08/Captura-de-Tela-2025-08-27-as-10.24.09.png, https://mantoproducoes.com.br/wp-content/uploads/2025/08/Captura-de-Tela-2025-08-27-as-10.24.03.png, https://mantoproducoes.com.br/wp-content/uploads/2025/08/Captura-de-Tela-2025-08-27-as-10.24.02.png",,,,,,,,,0,,0,default,default,default,default,default,,471,1,56,set,60
5543,simple,,,Demongorgon,1,0,visible,"<p class=""p1"">O <span class=""s1""><b>Demogorgon</b></span> é um dos monstros mais icônicos de <i>Stranger Things</i>, trazendo uma atmosfera sombria e misteriosa para qualquer evento temático. Com aparência assustadora, pele detalhada e um visual que mistura terror e fantasia, o personagem chama atenção por sua imponência e intensidade. É perfeito para interações, fotos e composições impactantes, criando uma experiência única e imersiva para o público.</p>",,,,taxable,,1,,,0,0,,,,,0,,,,Halloween,"atração de impacto, demogorgon, evento temático, fantasia sombria, halloween, monstro, personagem icônico, produção manto, stranger things, terror",,"https://mantoproducoes.com.br/wp-content/uploads/2025/08/Captura-de-Tela-2025-08-27-as-10.25.22.png, https://mantoproducoes.com.br/wp-content/uploads/2025/08/Captura-de-Tela-2025-08-27-as-10.25.18.png, https://mantoproducoes.com.br/wp-content/uploads/2025/08/Captura-de-Tela-2025-08-27-as-10.25.24.png, https://mantoproducoes.com.br/wp-content/uploads/2025/08/Captura-de-Tela-2025-08-27-as-10.25.20.png, https://mantoproducoes.com.br/wp-content/uploads/2025/08/Captura-de-Tela-2025-08-27-as-10.25.19.png",,,,,,,,,0,,0,default,default,default,default,default,,471,1,123,set,60
5549,simple,,,"Caveira Drink",1,0,visible,"<p class=""p1"">A <span class=""s1""><b>Caveira Drink</b></span> é uma personagem estilizada e cheia de atitude, perfeita para eventos temáticos, festas e ativações diferenciadas. Com um visual moderno, maquiagem artística de caveira e uma pegada vibrante e descontraída, ela interage com o público de forma divertida enquanto complementa o ambiente com sua presença marcante. Ideal para festas com clima de mistério, baladas e experiências imersivas.</p>",,,,taxable,,1,,,0,0,,,,,0,,,,Halloween,"atração interativa, caveira drink, cenário imersivo, evento animado, experiência exclusiva, festa temática, halloween, maquiagem artística, personagem impactante, produção manto",,"https://mantoproducoes.com.br/wp-content/uploads/2025/08/Captura-de-Tela-2025-08-27-as-10.26.24.png, https://mantoproducoes.com.br/wp-content/uploads/2025/08/Captura-de-Tela-2025-08-27-as-10.26.26.png, https://mantoproducoes.com.br/wp-content/uploads/2025/08/Captura-de-Tela-2025-08-27-as-10.26.23.png, https://mantoproducoes.com.br/wp-content/uploads/2025/08/Captura-de-Tela-2025-08-27-as-10.26.21.png, https://mantoproducoes.com.br/wp-content/uploads/2025/08/Captura-de-Tela-2025-08-27-as-10.26.29.png",,,,,,,,,0,,0,default,default,default,default,default,,471,1,136,set,60
5555,simple,,,"Toy Story",1,0,visible,"<p class=""p1"">O espetáculo <span class=""s1""><b>Toy Story</b></span> traz os personagens mais amados do universo Pixar para uma experiência cheia de magia e diversão! Woody, Buzz Lightyear, Jessie e toda a turma ganham vida com figurinos detalhados, interação com o público e uma energia contagiante que encanta crianças e adultos. Perfeito para eventos, festas e ativações temáticas, proporcionando momentos inesquecíveis e cheios de emoção.</p>",,,,taxable,,1,,,0,0,,,,,0,,,,Filmes/Séries,"atração para eventos, buzz lightyear, diversão garantida, espetáculo temático, festa infantil., jessie, manto produções, personagens interativos, personagens pixar, toy story, woody",,"https://mantoproducoes.com.br/wp-content/uploads/2025/08/ToyStory-55-e1773410951185.jpg, https://mantoproducoes.com.br/wp-content/uploads/2025/08/ToyStory-44.jpg, https://mantoproducoes.com.br/wp-content/uploads/2025/08/ToyStory-59.jpg, https://mantoproducoes.com.br/wp-content/uploads/2025/08/ToyStory-51.jpg, https://mantoproducoes.com.br/wp-content/uploads/2025/08/ToyStory-48.jpg, https://mantoproducoes.com.br/wp-content/uploads/2025/08/ToyStory-47.jpg",,,,,,,,,0,,0,default,default,default,default,default,,470,1,804,set,60
5563,simple,,,"Soldadinhos Verde (Toy Story)",1,0,visible,"<p class=""p1"">Os <span class=""s1""><b>Soldadinhos Verdes de Toy Story</b></span> são um verdadeiro sucesso! Inspirados nos icônicos brinquedos do filme, eles trazem muita diversão e interatividade para o evento. Com movimentos coordenados, performances engraçadas e uma presença marcante, esses personagens transformam qualquer ambiente em uma experiência inesquecível, encantando crianças e adultos.</p>",,,,taxable,,1,,,0,0,,,,,0,,,,"Filmes/Séries, Toy Story","animação interativa, atração infantil, diversão garantida, espetáculo temático, festa infantil., manto produções, personagens para eventos, personagens pixar, soldadinhos verdes, toy story",,"https://mantoproducoes.com.br/wp-content/uploads/2025/08/Captura-de-Tela-2025-08-27-as-10.30.32-e1773410889326.png, https://mantoproducoes.com.br/wp-content/uploads/2025/08/Captura-de-Tela-2025-08-27-as-10.30.47.png, https://mantoproducoes.com.br/wp-content/uploads/2025/08/Captura-de-Tela-2025-08-27-as-10.30.40.png, https://mantoproducoes.com.br/wp-content/uploads/2025/08/Captura-de-Tela-2025-08-27-as-10.30.34.png, https://mantoproducoes.com.br/wp-content/uploads/2025/08/Captura-de-Tela-2025-08-27-as-10.30.28.png",,,,,,,,,0,,0,default,default,default,default,default,,1240,1,219,set,60
5569,simple,,,"Sinhá Pombinha e Nhô Tião",1,0,visible,"<p class=""p1""><span class=""s1""><b>Sinhá Pombinha e Nhô Tião</b></span> formam um casal caipira superdivertido, cheio de carisma e simpatia! Com figurinos coloridos e performances animadas, eles trazem o clima das festas tradicionais para o seu evento, com muita dança, interação e bom humor. Uma atração perfeita para levar alegria e descontração para todas as idades!</p>",,,,taxable,,1,,,0,0,,,,,0,,,,"Casais, Festa Junina","atração interativa, casal caipira, diversão garantida, festa junina, festa temática, manto produções, nhô tião, personagens animados, personagens para eventos, sinhá pombinha",,"https://mantoproducoes.com.br/wp-content/uploads/2025/08/IMG_9060-scaled.jpg, https://mantoproducoes.com.br/wp-content/uploads/2025/08/IMG_9054-scaled.jpg, https://mantoproducoes.com.br/wp-content/uploads/2025/08/IMG_9070-scaled.jpg, https://mantoproducoes.com.br/wp-content/uploads/2025/08/IMG_9091-scaled.jpg, https://mantoproducoes.com.br/wp-content/uploads/2025/08/IMG_9095-scaled.jpg",,,,,,,,,0,,0,default,default,default,default,default,,1243,1,185,set,60
5594,simple,,,"Lampião e Maria Bonita",1,0,visible,"<p class=""p1""><span class=""s1""><b>Lampião e Maria Bonita</b></span> representam um dos casais mais icônicos da cultura brasileira! Com figurinos autênticos e ricos em detalhes, eles trazem a força, a coragem e a história do cangaço para o seu evento. Uma atração cheia de presença, que une tradição, brasilidade e muita personalidade, ideal para compor experiências temáticas inesquecíveis.</p>",,,,taxable,,1,,,0,0,,,,,0,,,,"Festa Junina","atrações temáticas, brasilidade, cangaço, cultura nordestina, figurinos autênticos, lampião, manto produções, maria bonita, personagens históricos, personagens para eventos",,"https://mantoproducoes.com.br/wp-content/uploads/2025/08/Juninos-44-scaled.jpg, https://mantoproducoes.com.br/wp-content/uploads/2025/08/Juninos-46-scaled.jpg, https://mantoproducoes.com.br/wp-content/uploads/2025/08/IMG_8997-scaled.jpg, https://mantoproducoes.com.br/wp-content/uploads/2025/08/Juninos-48-scaled.jpg, https://mantoproducoes.com.br/wp-content/uploads/2025/08/IMG_8992-scaled.jpg, https://mantoproducoes.com.br/wp-content/uploads/2025/08/Juninos-47-scaled.jpg, https://mantoproducoes.com.br/wp-content/uploads/2025/08/IMG_9030-scaled.jpg, https://mantoproducoes.com.br/wp-content/uploads/2025/08/Juninos-29-scaled.jpg",,,,,,,,,0,,0,default,default,default,default,default,,1243,1,127,set,60
5595,simple,,,"Casal Brincantes Azul",1,0,visible,"<p class=""p1"">O <span class=""s1""><b>Casal Brincantes Azul</b></span> encanta com sua presença vibrante e figurinos deslumbrantes, cheios de cores e movimento! Inspirados na cultura popular, eles trazem alegria, leveza e diversão para qualquer evento, com uma performance envolvente e cheia de vida. Uma atração perfeita para criar momentos mágicos e inesquecíveis.</p>",,,,taxable,,1,,,0,0,,,,,0,,,,"Casais, Festa Junina","alegria, atrações temáticas, brincantes, casal brincantes azul, cultura popular, diversão, figurinos coloridos, manto produções, performance artística, personagens para eventos",,"https://mantoproducoes.com.br/wp-content/uploads/2025/08/IMG_8927-scaled.jpg, https://mantoproducoes.com.br/wp-content/uploads/2025/08/IMG_8921-scaled.jpg, https://mantoproducoes.com.br/wp-content/uploads/2025/08/IMG_8941-scaled.jpg, https://mantoproducoes.com.br/wp-content/uploads/2025/08/IMG_8945-scaled.jpg, https://mantoproducoes.com.br/wp-content/uploads/2025/08/IMG_8953-scaled.jpg, https://mantoproducoes.com.br/wp-content/uploads/2025/08/IMG_8957-scaled.jpg",,,,,,,,,0,,0,default,default,default,default,default,,1243,1,124,set,60
5596,simple,,,"Casal Brincantes Amarelo",1,0,visible,"<p class=""p1"">O <span class=""s1""><b>Casal Brincantes Amarelo</b></span> traz um espetáculo de cor, energia e alegria! Com figurinos vibrantes e repletos de detalhes, eles celebram a cultura popular com muito movimento e interação. A performance é contagiante e transforma qualquer evento em um momento único, cheio de vida e encanto.</p>",,,,taxable,,1,,,0,0,,,,,0,,,,"Casais, Festa Junina","alegria, atrações temáticas, brincantes, casal brincantes amarelo, cultura popular, diversão, figurinos coloridos, manto produções, performance artística, personagens para eventos",,"https://mantoproducoes.com.br/wp-content/uploads/2025/08/IMG_8892-scaled.jpg, https://mantoproducoes.com.br/wp-content/uploads/2025/08/IMG_8903-scaled.jpg, https://mantoproducoes.com.br/wp-content/uploads/2025/08/IMG_8898-scaled.jpg, https://mantoproducoes.com.br/wp-content/uploads/2025/08/IMG_8906-scaled.jpg, https://mantoproducoes.com.br/wp-content/uploads/2025/08/IMG_8910-scaled.jpg, https://mantoproducoes.com.br/wp-content/uploads/2025/08/IMG_8877-scaled.jpg",,,,,,,,,0,,0,default,default,default,default,default,,1243,1,121,set,60
5597,simple,,,"Senhor Kuko",1,0,visible,"<p class=""p1"">O <span class=""s1""><b>Senhor Kuko</b></span> é um personagem cheio de carisma e simpatia! Com seu visual divertido e personalidade cativante, ele encanta crianças e adultos com muita animação e interatividade. Sempre pronto para espalhar alegria, o Senhor Kuko transforma qualquer evento em uma experiência mágica e inesquecível.</p>",,,,taxable,,1,,,0,0,,,,,0,,,,"15 Anos, Corporativos, Performáticos","atrações para eventos, diversão, entretenimento infantil, manto produçõe, personagem animado, personagens temáticos, senhor kuko, show interativo",,"https://mantoproducoes.com.br/wp-content/uploads/2025/08/Captura-de-Tela-2025-08-27-as-10.52.49.png, https://mantoproducoes.com.br/wp-content/uploads/2025/08/Captura-de-Tela-2025-08-27-as-10.52.55.png, https://mantoproducoes.com.br/wp-content/uploads/2025/08/Captura-de-Tela-2025-08-27-as-10.52.54.png, https://mantoproducoes.com.br/wp-content/uploads/2025/08/Captura-de-Tela-2025-08-27-as-10.52.51.png",,,,,,,,,0,,0,default,default,default,default,default,,154,1,128,set,60
5602,simple,,,"Zentais Paetê Cores Sólidas",1,0,visible,"<p class=""p1"">Os <span class=""s1""><b>Zentais Paetê Cores Sólidas</b></span> trazem um visual moderno, vibrante e impactante! Com figurinos totalmente cobertos por paetês reluzentes, disponíveis em diferentes cores sólidas, esses personagens são perfeitos para dar um toque de brilho, glamour e sofisticação ao seu evento. Ideais para recepções, ativações de marca, festas temáticas e apresentações especiais.</p>",,,,taxable,,1,,,0,0,,,,,0,,,,"Balada, Social, Zentais","atrações interativas, fantasia com paetê, manto produções, performances brilhantes, personagens para eventos, recepção de luxo, zentais coloridos, zentais paetê",,"https://mantoproducoes.com.br/wp-content/uploads/2025/08/Captura-de-Tela-2025-08-27-as-10.54.19.png, https://mantoproducoes.com.br/wp-content/uploads/2025/08/Captura-de-Tela-2025-08-27-as-10.54.23.png, https://mantoproducoes.com.br/wp-content/uploads/2025/08/Captura-de-Tela-2025-08-27-as-10.54.30.png",,,,,,,,,0,,0,default,default,default,default,default,,1262,1,344,set,60
5606,simple,,,"Fadas Fauna, Flora e Primavera",1,0,visible,"<p class=""p1"">As <span class=""s1""><b>Fadas Fauna, Flora e Primavera</b></span> trazem a magia encantada do universo das fadas para o seu evento! Com figurinos delicados, cheios de cores vibrantes, flores, brilhos e asas deslumbrantes, essas personagens são perfeitas para encantar crianças e adultos, criando uma atmosfera mágica, leve e cheia de fantasia. Ideais para festas, recepções, ativações e cenários lúdicos.</p>",,,,taxable,,1,,,0,0,,,,,0,,,,"Fadas, Filmes/Séries","atrações lúdicas, fada primavera, fadas fauna, fadas flora, fadas para eventos, manto produções, personagens com asas, personagens encantados, recepção mágica",,"https://mantoproducoes.com.br/wp-content/uploads/2025/08/Captura-de-Tela-2025-08-27-as-10.56.23.png, https://mantoproducoes.com.br/wp-content/uploads/2025/08/Captura-de-Tela-2025-08-27-as-10.56.25.png, https://mantoproducoes.com.br/wp-content/uploads/2025/08/Captura-de-Tela-2025-08-27-as-10.56.31.png",,,,,,,,,0,,0,default,default,default,default,default,,284,1,139,set,60
5610,simple,,,"Angel Drink",1,0,visible,"<p class=""p1"">Os <span class=""s1""><b>Angel Drink</b></span> são dois personagens sofisticados e elegantes que trazem um toque de glamour e exclusividade para o seu evento. Com figurinos deslumbrantes, cheios de brilho e detalhes luxuosos, eles interagem com os convidados de forma encantadora, criando uma atmosfera única e memorável. Perfeitos para recepções, ativações de marca, coquetéis e festas temáticas.</p>",,,,taxable,,1,,,0,0,,,,,0,,,,"Balada, Corporativos, Social","angel drink, atrações para eventos, eventos corporativos, manto produções, personagens elegantes, personagens luxuosos, personagens para festas, recepção premium",,"https://mantoproducoes.com.br/wp-content/uploads/2025/08/Captura-de-Tela-2025-08-27-as-10.57.49.png, https://mantoproducoes.com.br/wp-content/uploads/2025/08/Captura-de-Tela-2025-08-27-as-10.57.58.png, https://mantoproducoes.com.br/wp-content/uploads/2025/08/Captura-de-Tela-2025-08-27-as-10.58.02.png",,,,,,,,,0,,0,default,default,default,default,default,,291,1,191,set,60
5614,simple,,,Frankensteinzinho,1,0,visible,"<p class=""p1"">O <span class=""s1""><b>Frankensteinzinho</b></span> é o filho mais fofo do famoso monstro Frankenstein, criado especialmente para o universo <span class=""s1""><b>Halloween Kids</b></span>. Com um visual divertido, expressões carismáticas e um jeitinho atrapalhado, ele encanta as crianças enquanto espalha muita animação. Ideal para eventos infantis, sessões de fotos temáticas e festas de Halloween cheias de fantasia e magia.</p>",,,,taxable,,1,,,0,0,,,,,0,,,,Halloween,"atrações para festas, boneco fofo, fantasia infantil, frankensteinzinho, halloween kids, manto produções, personagens de halloween, personagens infantis",,"https://mantoproducoes.com.br/wp-content/uploads/2025/08/Captura-de-Tela-2025-08-27-as-10.59.35-e1756303229473.png, https://mantoproducoes.com.br/wp-content/uploads/2025/08/Captura-de-Tela-2025-08-27-as-10.59.37.png, https://mantoproducoes.com.br/wp-content/uploads/2025/08/Captura-de-Tela-2025-08-27-as-10.59.40.png, https://mantoproducoes.com.br/wp-content/uploads/2025/08/Captura-de-Tela-2025-08-27-as-10.59.38.png",,,,,,,,,0,,0,default,default,default,default,default,,471,1,60,set,60
5619,simple,,,"Neon Service",1,0,visible,"<p class=""p1"">O <span class=""s1""><b>Neon Service</b></span> é a atração perfeita para transformar qualquer festa em uma experiência inesquecível! 🥂 Com personagens estilizados e figurinos vibrantes em tons neon, eles servem drinks de forma interativa e cheia de atitude, criando um clima moderno e sofisticado. Ideais para <span class=""s1""><b>baladas, eventos corporativos, festas sociais e experiências personalizadas</b></span>, os personagens trazem um toque de exclusividade e animação para cada ocasião.</p>",,,,taxable,,1,,,0,0,,,,,0,,,,"15 Anos, Balada, Corporativos, Social","atrações interativas, balada, drinks personalizados, eventos corporativos, festas sociais, manto produções, neon service, personagens para festas, serviço de drinks",,"https://mantoproducoes.com.br/wp-content/uploads/2025/08/Captura-de-Tela-2025-08-27-as-11.01.48.png, https://mantoproducoes.com.br/wp-content/uploads/2025/08/Captura-de-Tela-2025-08-27-as-11.01.30.png, https://mantoproducoes.com.br/wp-content/uploads/2025/08/Captura-de-Tela-2025-08-27-as-11.01.43.png, https://mantoproducoes.com.br/wp-content/uploads/2025/08/Captura-de-Tela-2025-08-27-as-11.01.39.png, https://mantoproducoes.com.br/wp-content/uploads/2025/08/Captura-de-Tela-2025-08-27-as-11.01.34.png",,,,,,,,,0,,0,default,default,default,default,default,,747,1,150,set,60
5625,simple,,,Quitandeiros,1,0,visible,"<p class=""p1"">O <span class=""s1""><b>Casal Quitandeiros</b></span> traz o charme e a simpatia das antigas feiras para o seu evento! 🥕🍎 Com figurinos temáticos inspirados em quitandas tradicionais, eles interagem com o público de forma divertida e acolhedora, distribuindo sorrisos e criando um clima leve e alegre. Ideais para <span class=""s1""><b>festas, eventos corporativos, feiras gastronômicas e experiências temáticas</b></span>, eles são perfeitos para encantar adultos e crianças com um toque de nostalgia e carinho.</p>",,,,taxable,,1,,,0,0,,,,,0,,,,"Casais, Corporativos, Social","animação de eventos, atrações personalizadas, casal quitandeiros, eventos corporativos, feira, festas interativas, manto produções, personagens temáticos, quitanda",,"https://mantoproducoes.com.br/wp-content/uploads/2025/08/Captura-de-Tela-2025-08-27-as-11.05.38.png, https://mantoproducoes.com.br/wp-content/uploads/2025/08/Captura-de-Tela-2025-08-27-as-11.05.46.png, https://mantoproducoes.com.br/wp-content/uploads/2025/08/Captura-de-Tela-2025-08-27-as-11.05.44.png, https://mantoproducoes.com.br/wp-content/uploads/2025/08/Captura-de-Tela-2025-08-27-as-11.05.43.png, https://mantoproducoes.com.br/wp-content/uploads/2025/08/Captura-de-Tela-2025-08-27-as-11.05.41.png, https://mantoproducoes.com.br/wp-content/uploads/2025/08/Captura-de-Tela-2025-08-27-as-11.05.40.png",,,,,,,,,0,,0,default,default,default,default,default,,291,1,99,set,60
5632,simple,,,"Star Wars",1,0,visible,"<p class=""p1"">Os personagens de <span class=""s1""><b>Star Wars</b></span> trazem toda a magia da galáxia para o seu evento! 🌌✨ Com figurinos icônicos e realistas, os personagens transportam o público para dentro do universo criado por George Lucas, garantindo uma experiência imersiva e cheia de emoção. Perfeitos para <span class=""s1""><b>festas temáticas, eventos corporativos, estreias, shoppings e interações personalizadas</b></span>, eles encantam fãs de todas as idades e criam memórias inesquecíveis.</p>",,,,taxable,,1,,,0,0,,,,,0,,,,Filmes/Séries,"animação de eventos, atrações para eventos, cosplay, cultura pop, darth vader, festas geek, jedis, manto produções, personagens temáticos, star wars, stormtroopers",,"https://mantoproducoes.com.br/wp-content/uploads/2025/08/Captura-de-Tela-2025-08-27-as-11.07.24.png, https://mantoproducoes.com.br/wp-content/uploads/2025/08/Captura-de-Tela-2025-08-27-as-11.07.38.png, https://mantoproducoes.com.br/wp-content/uploads/2025/08/Captura-de-Tela-2025-08-27-as-11.07.34.png, https://mantoproducoes.com.br/wp-content/uploads/2025/08/Captura-de-Tela-2025-08-27-as-11.07.29.png, https://mantoproducoes.com.br/wp-content/uploads/2025/08/Captura-de-Tela-2025-08-27-as-11.07.54.png, https://mantoproducoes.com.br/wp-content/uploads/2025/08/Captura-de-Tela-2025-08-27-as-11.07.42.png",,,,,,,,,0,,0,default,default,default,default,default,,470,1,321,set,60
5640,simple,,,"Monster High",1,0,visible,"<p class=""p1"">As <span class=""s1""><b>Monster High</b></span> chegaram para agitar o seu evento com muito estilo, atitude e personalidade! 💜✨ Com figurinos super detalhados e caracterizações fiéis, as monstrinhas mais famosas encantam crianças e adultos, trazendo uma experiência cheia de moda, diversão e irreverência. Perfeitas para <span class=""s1""><b>festas temáticas, shoppings, aniversários e ativações interativas</b></span>, elas garantem fotos incríveis e momentos inesquecíveis para todos os convidados.</p>",,,,taxable,,1,,,0,0,,,,,0,,,,"Filmes/Séries, Halloween","bonecas, clawdeen wolf, draculaura, eventos infantis, festas temáticas, frankie stein, lagoona blue, manto produções, monster high, personagens kids, personagens para eventos",,"https://mantoproducoes.com.br/wp-content/uploads/2025/08/Captura-de-Tela-2025-08-27-as-11.09.59.png, https://mantoproducoes.com.br/wp-content/uploads/2025/08/Captura-de-Tela-2025-08-27-as-11.10.01.png, https://mantoproducoes.com.br/wp-content/uploads/2025/08/Captura-de-Tela-2025-08-27-as-11.10.04.png",,,,,,,,,0,,0,default,default,default,default,default,,470,1,116,set,60
5644,simple,,,"DC Super Hero Girls",1,0,visible,"<p class=""p1"">As <span class=""s1""><b>DC Super Hero Girls</b></span> trazem uma explosão de aventura, coragem e diversão para o seu evento! 💥✨ Com figurinos fiéis e cheios de detalhes, as heroínas mais queridas do universo DC — como <span class=""s1""><b>Mulher-Maravilha, Supergirl, Batgirl, Arlequina, Hera Venenosa e muitas outras</b></span> — chegam para interagir com o público, fazer fotos incríveis e criar momentos inesquecíveis. Uma atração perfeita para <span class=""s1""><b>festas temáticas, shoppings, aniversários e ativações especiais</b></span>, encantando crianças e adultos com uma experiência heróica e superdivertida.</p>",,,,taxable,,1,,,0,0,,,,,0,,,,Heróis,"arlequina, batgirl, dc super hero girls, eventos infantis, festas temáticas, hera venenosa, manto produções, mulher maravilha, personagens kids, personagens para eventos, super hero girls, supergirl",,"https://mantoproducoes.com.br/wp-content/uploads/2025/08/Captura-de-Tela-2025-08-27-as-11.11.39.png, https://mantoproducoes.com.br/wp-content/uploads/2025/08/Captura-de-Tela-2025-08-27-as-11.11.41.png, https://mantoproducoes.com.br/wp-content/uploads/2025/08/Captura-de-Tela-2025-08-27-as-11.11.55.png, https://mantoproducoes.com.br/wp-content/uploads/2025/08/Captura-de-Tela-2025-08-27-as-11.11.50.png, https://mantoproducoes.com.br/wp-content/uploads/2025/08/Captura-de-Tela-2025-08-27-as-11.11.51.png, https://mantoproducoes.com.br/wp-content/uploads/2025/08/Captura-de-Tela-2025-08-27-as-11.11.59.png",,,,,,,,,0,,0,default,default,default,default,default,,181,1,102,set,60
5651,simple,,,Labubus,1,0,visible,"<p class=""p1"">O <span class=""s1""><b>Labubus</b></span> é um personagem carismático, divertido e cheio de energia, perfeito para trazer um toque de encanto e interação ao seu evento! 🌟 Com um visual único, colorido e marcante, ele envolve o público com sua personalidade alegre e brincalhona, criando momentos inesquecíveis para crianças e adultos. Ideal para <span class=""s1""><b>festas temáticas, ativações, shoppings e recepções animadas</b></span>, o Labubus é pura diversão e carisma!</p>",,,,taxable,,1,,,0,0,,,,,0,,,,Infantil,"eventos corporativos, festa infantil., interação com o público, labubus, manto produções, personagem animado, personagem para eventos, personagens divertidos",,"https://mantoproducoes.com.br/wp-content/uploads/2025/08/Captura-de-Tela-2025-08-27-as-11.13.32.png, https://mantoproducoes.com.br/wp-content/uploads/2025/08/Captura-de-Tela-2025-08-27-as-11.13.40.png, https://mantoproducoes.com.br/wp-content/uploads/2025/08/Captura-de-Tela-2025-08-27-as-11.13.39.png, https://mantoproducoes.com.br/wp-content/uploads/2025/08/Captura-de-Tela-2025-08-27-as-11.13.38.png, https://mantoproducoes.com.br/wp-content/uploads/2025/08/Captura-de-Tela-2025-08-27-as-11.13.37.png, https://mantoproducoes.com.br/wp-content/uploads/2025/08/Captura-de-Tela-2025-08-27-as-11.13.35.png, https://mantoproducoes.com.br/wp-content/uploads/2025/08/Captura-de-Tela-2025-08-27-as-11.13.34.png, https://mantoproducoes.com.br/wp-content/uploads/2025/08/Captura-de-Tela-2025-08-27-as-11.13.33.png, https://mantoproducoes.com.br/wp-content/uploads/2025/08/Captura-de-Tela-2025-08-27-as-11.13.30.png, https://mantoproducoes.com.br/wp-content/uploads/2025/08/Captura-de-Tela-2025-08-27-as-11.13.41.png",,,,,,,,,0,,0,default,default,default,default,default,,,1,207,set,60
5662,simple,,,"Barbie Pop Star",1,0,visible,"<p class=""p1"">A <span class=""s1""><b>Barbie Pop Star</b></span> chega com muito glamour, brilho e estilo para transformar qualquer evento em um verdadeiro espetáculo! ✨ Com figurino deslumbrante, maquiagem impecável e um carisma encantador, ela encanta crianças e adultos com sua presença marcante. Perfeita para <span class=""s1""><b>festas temáticas, meet &amp; greets, ativações em shoppings e apresentações especiais</b></span>, a Barbie Super Star é sinônimo de elegância, magia e diversão. 🌟</p>",,,,taxable,,1,,,0,0,,,,,0,,,,Barbie,"barbie glamourosa, barbie super star, eventos corporativos, festa infantil., interação com o público, manto produções, personagem barbie, personagens femininos, personagens para eventos, show infantil",,"https://mantoproducoes.com.br/wp-content/uploads/2025/08/Captura-de-Tela-2025-08-27-as-11.17.05.png, https://mantoproducoes.com.br/wp-content/uploads/2025/08/Captura-de-Tela-2025-08-27-as-11.17.03.png, https://mantoproducoes.com.br/wp-content/uploads/2025/08/Captura-de-Tela-2025-08-27-as-11.17.00.png, https://mantoproducoes.com.br/wp-content/uploads/2025/08/Captura-de-Tela-2025-08-27-as-11.16.57.png, https://mantoproducoes.com.br/wp-content/uploads/2025/08/Captura-de-Tela-2025-08-27-as-11.16.55.png",,,,,,,,,0,,0,default,default,default,default,default,,206,1,148,set,60
5668,simple,,,Antiquário/Boutique,1,0,visible,"<p class=""p1"">Figurinos exuberantes e luxuosos, com design inspirado em uma boutique de época e toque de sofisticação. Perfeito para eventos sociais, corporativos, recepções e ativações premium, garantindo charme, impacto visual e elegância. ✨</p>",,,,taxable,,1,,,0,0,,,,,0,,,,"15 Anos, Balada, Corporativos, Social","antiquário, ativações, boutique, corporativos, elegante, eventos, luxo, recepção, sociais, sofisticado",,"https://mantoproducoes.com.br/wp-content/uploads/2025/08/Captura-de-Tela-2025-08-27-as-11.19.47.png, https://mantoproducoes.com.br/wp-content/uploads/2025/08/Captura-de-Tela-2025-08-27-as-11.19.54.png, https://mantoproducoes.com.br/wp-content/uploads/2025/08/Captura-de-Tela-2025-08-27-as-11.19.52.png, https://mantoproducoes.com.br/wp-content/uploads/2025/08/Captura-de-Tela-2025-08-27-as-11.19.50.png, https://mantoproducoes.com.br/wp-content/uploads/2025/08/Captura-de-Tela-2025-08-27-as-11.19.49.png",,,,,,,,,0,,0,default,default,default,default,default,,1263,1,131,set,60
5674,simple,,,"Anjos Angelicais",1,0,visible,"<p class=""p1"">Personagens angelicais com figurinos etéreos e delicados, trazendo leveza, paz e um toque de magia para qualquer evento. Ideais para recepções, ativações, festas temáticas, corporativos e sociais, com presença elegante e visual impactante. 👼✨</p>",,,,taxable,,1,,,0,0,,,,,0,,,,"Corporativos, Social","angelicais, anjos, corporativos, elegante, etéreo, eventos, impacto, luxo, recepção, sociais, sofisticado",,"https://mantoproducoes.com.br/wp-content/uploads/2025/08/Captura-de-Tela-2025-08-27-as-11.22.27.png, https://mantoproducoes.com.br/wp-content/uploads/2025/08/Captura-de-Tela-2025-08-27-as-11.22.45.png, https://mantoproducoes.com.br/wp-content/uploads/2025/08/Captura-de-Tela-2025-08-27-as-11.22.37.png, https://mantoproducoes.com.br/wp-content/uploads/2025/08/Captura-de-Tela-2025-08-27-as-11.22.32.png, https://mantoproducoes.com.br/wp-content/uploads/2025/08/Captura-de-Tela-2025-08-27-as-11.22.23.png",,,,,,,,,0,,0,default,default,default,default,default,,1263,1,151,set,60
5680,simple,,,"Turma do Barney",1,0,visible,"<p class=""p1"">A Turma do Barney traz toda a magia, cores e diversão do clássico infantil! Personagens carismáticos e interativos que encantam crianças e famílias, perfeitos para eventos, aniversários, apresentações e ações temáticas. 🌈🦖✨</p>",,,,taxable,,1,,,0,0,,,,,0,,,,"Filmes/Séries, Infantil","aniversários, barney, colorido, crianças, diversão, eventos, família, interativo, personagens infantis, turma do barney",,"https://mantoproducoes.com.br/wp-content/uploads/2025/08/Captura-de-Tela-2025-08-27-as-11.24.29.png, https://mantoproducoes.com.br/wp-content/uploads/2025/08/Captura-de-Tela-2025-08-27-as-11.24.34.png, https://mantoproducoes.com.br/wp-content/uploads/2025/08/Captura-de-Tela-2025-08-27-as-11.24.41.png, https://mantoproducoes.com.br/wp-content/uploads/2025/08/Captura-de-Tela-2025-08-27-as-11.24.35.png",,,,,,,,,0,,0,default,default,default,default,default,,1329,1,73,set,60
5685,simple,,,"Zentais Power",1,0,visible,"<p class=""p1"">Os Zentais Power são performers vibrantes, cheios de energia, ideais para transformar qualquer evento em uma experiência inesquecível! Eles animam a pista, interagem com os convidados, servem drinks, docinhos e criam um clima contagiante. Perfeitos para festas corporativas, baladas, sociais e eventos que pedem um toque moderno e interativo. ⚡🥂✨</p>",,,,taxable,,1,,,0,0,,,,,0,,,,"15 Anos, Balada, Corporativos, Social, Zentais","animação de pista, balada, corporativo, docinhos, drinks, eventos, interativo, performers, personagens para festa, social, zentais power",,"https://mantoproducoes.com.br/wp-content/uploads/2025/08/Captura-de-Tela-2025-08-27-as-11.26.22.png, https://mantoproducoes.com.br/wp-content/uploads/2025/08/Captura-de-Tela-2025-08-27-as-11.25.54.png, https://mantoproducoes.com.br/wp-content/uploads/2025/08/Captura-de-Tela-2025-08-27-as-11.26.16.png, https://mantoproducoes.com.br/wp-content/uploads/2025/08/Captura-de-Tela-2025-08-27-as-11.26.11.png, https://mantoproducoes.com.br/wp-content/uploads/2025/08/Captura-de-Tela-2025-08-27-as-11.26.07.png, https://mantoproducoes.com.br/wp-content/uploads/2025/08/Captura-de-Tela-2025-08-27-as-11.26.01.png",,,,,,,,,0,,0,default,default,default,default,default,,1262,1,370,set,60
5692,simple,,,"Borboletas Masculinas",1,0,visible,"<p class=""p1"">As Borboletas Masculinas trazem um toque de leveza, cor e movimento para qualquer evento! Disponíveis em <span class=""s1""><b>três cores vibrantes</b></span> — azul, rosa e laranja — esses personagens encantam com figurinos detalhados, asas delicadas e uma performance envolvente. Perfeitos para festas corporativas, sociais, recepções e eventos que pedem um visual lúdico e marcante. 🦋✨</p>",,,,taxable,,1,,,0,0,,,,,0,,,,Fadas,"borboletas azuis, borboletas laranjas, borboletas masculinas, borboletas para eventos, borboletas rosas, borboletas vivas, eventos corporativos, festas sociais, figurinos coloridos, performance artística, personagens temáticos, recepção de convidados",,"https://mantoproducoes.com.br/wp-content/uploads/2025/08/Captura-de-Tela-2025-08-27-as-11.28.05.png, https://mantoproducoes.com.br/wp-content/uploads/2025/08/Captura-de-Tela-2025-08-27-as-11.28.07.png, https://mantoproducoes.com.br/wp-content/uploads/2025/08/Captura-de-Tela-2025-08-27-as-11.28.11.png, https://mantoproducoes.com.br/wp-content/uploads/2025/08/Captura-de-Tela-2025-08-27-as-11.28.09.png, https://mantoproducoes.com.br/wp-content/uploads/2025/08/Captura-de-Tela-2025-08-27-as-11.28.08.png",,,,,,,,,0,,0,default,default,default,default,default,,284,1,165,set,60
5698,simple,,,"Gumball e Darwin",1,0,visible,"<p class=""p1"">Darwin e Gumball trazem toda a diversão e o humor do famoso desenho <i>O Incrível Mundo de Gumball</i> para o seu evento! Com figurinos coloridos e cheios de vida, esses personagens são ideais para animar festas infantis, encontros temáticos e eventos que pedem interação, fotos e muita energia. Uma atração que encanta crianças e adultos! 🎉✨</p>",,,,taxable,,1,,,0,0,,,,,0,,,,Filmes/Séries,"animação de festa, darwin, diversão para crianças, eventos temáticos, festa infantil., gumball, incrivel mundo de gumball, personagens coloridos, personagens infantis, personagens para fotos",,"https://mantoproducoes.com.br/wp-content/uploads/2025/08/Captura-de-Tela-2025-08-27-as-11.31.07.png, https://mantoproducoes.com.br/wp-content/uploads/2025/08/Captura-de-Tela-2025-08-27-as-11.31.13.png, https://mantoproducoes.com.br/wp-content/uploads/2025/08/Captura-de-Tela-2025-08-27-as-11.31.17.png, https://mantoproducoes.com.br/wp-content/uploads/2025/08/Captura-de-Tela-2025-08-27-as-11.31.16.png, https://mantoproducoes.com.br/wp-content/uploads/2025/08/Captura-de-Tela-2025-08-27-as-11.31.14.png",,,,,,,,,0,,0,default,default,default,default,default,,470,1,42,set,60
5704,simple,,,"Leo (Netflix)",1,0,visible,"<p class=""p1"">Leo, o simpático lagarto do filme <i>Leo</i> da Netflix, chega para encantar todas as idades! 🦎✨ Com seu jeito divertido, carismático e cheio de aventuras, ele é perfeito para animar festas, encontros infantis e eventos temáticos. Uma atração que traz leveza, humor e muita fofura para o seu evento!</p>",,,,taxable,,1,,,0,0,,,,,0,,,,Filmes/Séries,"animação infantil, diversão para crianças, eventos temáticos, festa infantil., filme leo, leo, netflix, personagem infantil, personagem netflix, personagens para fotos",,"https://mantoproducoes.com.br/wp-content/uploads/2025/08/Captura-de-Tela-2025-08-27-as-11.33.28.png, https://mantoproducoes.com.br/wp-content/uploads/2025/08/Captura-de-Tela-2025-08-27-as-11.33.25.png, https://mantoproducoes.com.br/wp-content/uploads/2025/08/Captura-de-Tela-2025-08-27-as-11.33.34.png, https://mantoproducoes.com.br/wp-content/uploads/2025/08/Captura-de-Tela-2025-08-27-as-11.33.32.png, https://mantoproducoes.com.br/wp-content/uploads/2025/08/Captura-de-Tela-2025-08-27-as-11.33.29.png",,,,,,,,,0,,0,default,default,default,default,default,,470,1,72,set,60
5710,simple,,,"Astronautas e ET",1,0,visible,"<p class=""p1"">Uma atração que leva o público a uma verdadeira viagem pelo espaço! 👩‍🚀🛸 Os Astronautas e o ET formam um trio divertido e interativo, perfeitos para eventos infantis, festas temáticas, corporativos e sociais. Com figurinos detalhados e um toque futurista, eles animam, interagem e criam um clima único de aventura espacial!</p>",,,,taxable,,1,,,0,0,,,,,0,,,,"Sem categoria","animação eventos, astronautas, atração futurista, espaço, et, eventos corporativos, eventos sociais, festa infantil., festa temática, personagens interativos, personagens para fotos",,"https://mantoproducoes.com.br/wp-content/uploads/2025/08/Captura-de-Tela-2025-08-27-as-11.37.54.png, https://mantoproducoes.com.br/wp-content/uploads/2025/08/Captura-de-Tela-2025-08-27-as-11.37.59.png, https://mantoproducoes.com.br/wp-content/uploads/2025/08/Captura-de-Tela-2025-08-27-as-11.38.13.png, https://mantoproducoes.com.br/wp-content/uploads/2025/08/Captura-de-Tela-2025-08-27-as-11.38.03.png, https://mantoproducoes.com.br/wp-content/uploads/2025/08/Captura-de-Tela-2025-08-27-as-11.38.00.png",,,,,,,,,0,,0,default,default,default,default,default,,,1,189,set,60
5716,simple,,,Backyardigans,1,0,visible,"<p class=""p1"">Os Backyardigans chegaram para transformar qualquer evento em uma grande aventura! 🐧🦊🦛🌈 Com suas fantasias coloridas e cheias de detalhes, eles encantam crianças e adultos, interagem com o público e criam momentos inesquecíveis. Perfeitos para festas infantis, apresentações temáticas, recepções e encontros com personagens.</p>",,,,taxable,,1,,,0,0,,,,,0,,,,"Filmes/Séries, Infantil","animação infantil, austin, backyardigans, eventos temáticos, festa com personagens, festa infantil., pablo, personagens infantis, personagens para fotos, show infantil, tasha, tyrone, uniqua",,"https://mantoproducoes.com.br/wp-content/uploads/2025/08/Captura-de-Tela-2025-08-27-as-11.39.35.png, https://mantoproducoes.com.br/wp-content/uploads/2025/08/Captura-de-Tela-2025-08-27-as-11.39.37.png, https://mantoproducoes.com.br/wp-content/uploads/2025/08/Captura-de-Tela-2025-08-27-as-11.39.39.png",,,,,,,,,0,,0,default,default,default,default,default,,470,1,66,set,60
5720,simple,,,"Moulin Rouge",1,0,visible,"<p class=""p1"">O espetáculo inspirado no <span class=""s1""><b>Moulin Rouge</b></span> traz todo o glamour e a sofisticação do cabaré parisiense para o seu evento! 💃✨ Com figurinos luxuosos, plumas, brilhos, coreografias envolventes e personagens que exalam charme, essa atração é perfeita para festas temáticas, eventos corporativos, casamentos e experiências exclusivas. Um show cheio de elegância, energia e impacto visual inesquecível.</p>",,,,taxable,,1,,,0,0,,,,,0,,,,"Balada, Corporativos, Social","apresentações exclusivas, brilho, burlesco, cabaré parisiense, dança, espetáculo musical, evento corporativo, festa temática, glamour, luxo, moulin rouge, personagens para eventos, plumas, show temático",,"https://mantoproducoes.com.br/wp-content/uploads/2025/08/Captura-de-Tela-2025-08-27-as-11.40.48.png, https://mantoproducoes.com.br/wp-content/uploads/2025/08/Captura-de-Tela-2025-08-27-as-11.40.55.png, https://mantoproducoes.com.br/wp-content/uploads/2025/08/Captura-de-Tela-2025-08-27-as-11.41.04.png, https://mantoproducoes.com.br/wp-content/uploads/2025/08/Captura-de-Tela-2025-08-27-as-11.40.57.png",,,,,,,,,0,,0,default,default,default,default,default,,1263,1,100,set,60
5725,simple,,,Bolofofos,1,0,visible,"<p class=""p1"">A <span class=""s1""><b>Turma dos Bolofofos</b></span> chegou para animar a festa com muita música, fofura e diversão! 🐻🎶 Inspirados nos personagens mais queridos das crianças, esses mascotes coloridos cantam, dançam e interagem com o público, garantindo momentos inesquecíveis. Uma atração perfeita para festas infantis, eventos em shoppings, escolas e apresentações especiais.</p>",,,,taxable,,1,,,0,0,,,,,0,,,,Infantil,"animação de festa, apresentação kids, bolofofos, diversão, festa infantil., interatividade, mascotes, música, personagens infantis, personagens para eventos, personagens para shopping, show infantil",,"https://mantoproducoes.com.br/wp-content/uploads/2025/08/Captura-de-Tela-2025-08-27-as-11.42.12.png, https://mantoproducoes.com.br/wp-content/uploads/2025/08/Captura-de-Tela-2025-08-27-as-11.42.25.png, https://mantoproducoes.com.br/wp-content/uploads/2025/08/Captura-de-Tela-2025-08-27-as-11.42.21.png, https://mantoproducoes.com.br/wp-content/uploads/2025/08/Captura-de-Tela-2025-08-27-as-11.42.20.png, https://mantoproducoes.com.br/wp-content/uploads/2025/08/Captura-de-Tela-2025-08-27-as-11.42.18.png",,,,,,,,,0,,0,default,default,default,default,default,,1329,1,186,set,60
5731,simple,,,"A Fantástica Fábrica de Chocolates",1,0,visible,"<p class=""p1"">Entre em um mundo de pura imaginação com a <span class=""s1""><b>Fantástica Fábrica de Chocolates</b></span>! 🍫✨ Uma atração mágica e cheia de surpresas, onde personagens icônicos, cenários coloridos e doces encantam crianças e adultos. Essa experiência interativa é perfeita para festas, eventos corporativos, shoppings e celebrações especiais, trazendo todo o encanto e a magia da famosa fábrica para mais perto do público.</p>",,,,taxable,,1,,,0,0,,,,,0,,,,Filmes/Séries,"animação de festa, apresentação kids, chocolates, diversão, doces, espetáculo infantil, experiência imersiva, fantastica fabrica de chocolates, festa temática, mascotes, personagens infantis, personagens para eventos, personagens para shopping, willy wonka",,"https://mantoproducoes.com.br/wp-content/uploads/2025/08/Captura-de-Tela-2025-08-27-as-11.44.24.png, https://mantoproducoes.com.br/wp-content/uploads/2025/08/Captura-de-Tela-2025-08-27-as-11.44.30.png, https://mantoproducoes.com.br/wp-content/uploads/2025/08/Captura-de-Tela-2025-08-27-as-11.44.35.png, https://mantoproducoes.com.br/wp-content/uploads/2025/08/Captura-de-Tela-2025-08-27-as-11.44.37.png, https://mantoproducoes.com.br/wp-content/uploads/2025/08/Captura-de-Tela-2025-08-27-as-11.44.39.png",,,,,,,,,0,,0,default,default,default,default,default,,470,1,217,set,60
5738,simple,,,"Alice no País das Maravilhas (Desenho)",1,0,visible,"<p class=""p1"">Uma versão clássica e encantadora de <span class=""s1""><b>Alice no País das Maravilhas</b></span>, inspirada diretamente no desenho animado original da Disney. 🌈✨ Alice, o Chapeleiro Maluco, o Coelho Branco e a Rainha de Copas ganham vida com figurinos coloridos e fiéis à animação, trazendo toda a magia e a nostalgia do filme para o seu evento. Uma atração perfeita para quem deseja mergulhar na fantasia com um toque mais lúdico e infantil.</p>",,,,taxable,,1,,,0,0,,,,,0,,,,"Filmes/Séries, Infantil","alice disney, alice no pais das maravilhas desenho, animação kids, chapeleiro maluco desenho, coelho branco desenho, espetáculo temático, festa infantil., personagens disney, personagens para shopping, rainha de copas desenho, teatro infantil",,"https://mantoproducoes.com.br/wp-content/uploads/2025/08/Captura-de-Tela-2025-08-27-as-11.46.21-e1773667344255.png, https://mantoproducoes.com.br/wp-content/uploads/2025/08/Captura-de-Tela-2025-08-27-as-11.46.28.png, https://mantoproducoes.com.br/wp-content/uploads/2025/08/Captura-de-Tela-2025-08-27-as-11.46.34.png",,,,,,,,,0,,0,default,default,default,default,default,,470,1,469,set,60
5742,simple,,,"Alice no País das Maravilhas (Live Action)",1,0,visible,"<p class=""p1"">Uma versão majestosa e deslumbrante de <span class=""s1""><b>Alice no País das Maravilhas</b></span>, inspirada no filme <span class=""s1""><b>live action</b></span> da Disney dirigido por Tim Burton. 🌟🎩✨ Figurinos ricos em detalhes e maquiagem artística transportam o público para um universo visualmente impactante e cheio de fantasia. Alice, o Chapeleiro Maluco, a Rainha Vermelha, a Rainha Branca e o Coelho Branco ganham vida com um toque sofisticado e cenários dignos de cinema, ideais para eventos que pedem mais glamour e imersão.</p>",,,,taxable,,1,,,0,0,,,,,0,,,,"15 Anos, Filmes/Séries","alice no pais das maravilhas live action, alice tim burton, chapeleiro maluco live action, coelho branco live action, espetáculo temático, evento corporativo, festa temática, personagens luxo, rainha branca, rainha vermelha, show imersivo",,"https://mantoproducoes.com.br/wp-content/uploads/2025/08/Captura-de-Tela-2025-08-27-as-11.48.13.png, https://mantoproducoes.com.br/wp-content/uploads/2025/08/Captura-de-Tela-2025-08-27-as-11.48.43.png, https://mantoproducoes.com.br/wp-content/uploads/2025/08/Captura-de-Tela-2025-08-27-as-11.48.40.png, https://mantoproducoes.com.br/wp-content/uploads/2025/08/Captura-de-Tela-2025-08-27-as-11.48.31.png, https://mantoproducoes.com.br/wp-content/uploads/2025/08/Captura-de-Tela-2025-08-27-as-11.48.27.png, https://mantoproducoes.com.br/wp-content/uploads/2025/08/Captura-de-Tela-2025-08-27-as-11.48.20.png, https://mantoproducoes.com.br/wp-content/uploads/2025/08/Captura-de-Tela-2025-08-27-as-11.48.18.png",,,,,,,,,0,,0,default,default,default,default,default,,470,1,837,set,60
5750,simple,,,"Detetives Malukos",1,0,visible,"<p class=""p1"">Um time de <span class=""s1""><b>detetives super divertidos e atrapalhados</b></span> 🕵️‍♂️🔍✨, que transformam qualquer evento em uma aventura cheia de mistério, comédia e interação com o público! Com figurinos coloridos, adereços cômicos e personalidades únicas, os Detetives Malukos são ideais para animar festas, eventos corporativos, shoppings e receptivos. Eles investigam pistas, resolvem “mistérios” e envolvem adultos e crianças com muito humor e criatividade.</p>",,,,taxable,,1,,,0,0,,,,,0,,,,Corporativos,"animação para eventos, atração para shopping, detetives divertidos, detetives malucos, entretenimento corporativo, espetáculo infantil, festa temática, personagens engraçados, personagens interativos, show humorístico",,"https://mantoproducoes.com.br/wp-content/uploads/2025/08/Captura-de-Tela-2025-08-27-as-11.51.07.png, https://mantoproducoes.com.br/wp-content/uploads/2025/08/Captura-de-Tela-2025-08-27-as-11.51.09.png",,,,,,,,,0,,0,default,default,default,default,default,,291,1,110,set,60
5753,simple,,,"O Grande Gatsby",1,0,visible,"<p class=""p1"">Inspirado no glamour e na sofisticação dos anos 1920, o espetáculo <span class=""s1""><b>O Grande Gatsby</b></span> traz personagens elegantes, figurinos luxuosos e uma atmosfera de festa inesquecível. 🥂✨ Ideal para eventos sociais, corporativos e temáticos, essa atração mergulha os convidados em um universo de requinte, música e performances encantadoras, criando uma verdadeira experiência de época.</p>",,,,taxable,,1,,,0,0,,,,,0,,,,"15 Anos, Corporativos, Filmes/Séries, Social","anos 20, atração para festas, entretenimento corporativo, espetáculo vintage, evento sofisticado, festa temática, glamour retrô, grande gatsby, personagens luxuosos, show elegante",,"https://mantoproducoes.com.br/wp-content/uploads/2025/08/Gatsby_Pierrots-019.jpg, https://mantoproducoes.com.br/wp-content/uploads/2025/08/Gatsby_Pierrots-043.jpg, https://mantoproducoes.com.br/wp-content/uploads/2025/08/Gatsby_Pierrots-053.jpg, https://mantoproducoes.com.br/wp-content/uploads/2025/08/Gatsby_Pierrots-034.jpg, https://mantoproducoes.com.br/wp-content/uploads/2025/08/Gatsby_Pierrots-021.jpg, https://mantoproducoes.com.br/wp-content/uploads/2025/08/Gatsby_Pierrots-057.jpg, https://mantoproducoes.com.br/wp-content/uploads/2025/08/Gatsby_Pierrots-009.jpg, https://mantoproducoes.com.br/wp-content/uploads/2025/08/Gatsby_Pierrots-007.jpg, https://mantoproducoes.com.br/wp-content/uploads/2025/08/Gatsby_Pierrots-004.jpg",,,,,,,,,0,,0,default,default,default,default,default,,1263,1,267,set,60
5763,simple,,,"Patrulha Canina",1,0,visible,"<p class=""p1"">A <span class=""s1""><b>Patrulha Canina</b></span> chega para salvar o dia com muita aventura e diversão! 🐾✨ Com personagens supercarismáticos e figurinos impecáveis, essa atração é perfeita para eventos infantis, festas temáticas e encontros com fãs. Prepare-se para momentos de pura magia, interação e encantamento com a equipe de filhotes mais querida do mundo.</p>",,,,taxable,,1,,,0,0,,,,,0,,,,Infantil,"animação de festa, atração infantil, encontro com personagens, entretenimento kids, evento para crianças, patrulha canina, paw patrol, personagens infantis, show divertido, show temático",,"https://mantoproducoes.com.br/wp-content/uploads/2025/08/Captura-de-Tela-2025-08-27-as-11.54.44.png, https://mantoproducoes.com.br/wp-content/uploads/2025/08/Captura-de-Tela-2025-08-27-as-11.54.48.png, https://mantoproducoes.com.br/wp-content/uploads/2025/08/Captura-de-Tela-2025-08-27-as-11.54.51.png",,,,,,,,,0,,0,default,default,default,default,default,,1329,1,838,set,60
5767,simple,,,Naruto,1,0,visible,"<p class=""p1"">Prepare-se para uma experiência épica com o universo de <span class=""s1""><b>Naruto</b></span>! 🌀🔥 Nossos personagens trazem a energia, os trajes e as técnicas dos ninjas mais famosos do anime. Uma atração cheia de ação, carisma e interatividade, perfeita para festas temáticas, eventos geeks, cosplay e encontros com fãs.</p>",,,,taxable,,1,,,0,0,,,,,0,,,,"Filmes/Séries, Infantil","anime, cosplay, entretenimento, evento geek, festa temática, naruto, ninjas, personagens de anime, personagens geek, shippuden",,"https://mantoproducoes.com.br/wp-content/uploads/2025/08/Captura-de-Tela-2025-08-27-as-11.59.00.png, https://mantoproducoes.com.br/wp-content/uploads/2025/08/Captura-de-Tela-2025-08-27-as-11.59.15.png, https://mantoproducoes.com.br/wp-content/uploads/2025/08/Captura-de-Tela-2025-08-27-as-11.59.10.png, https://mantoproducoes.com.br/wp-content/uploads/2025/08/Captura-de-Tela-2025-08-27-as-11.59.05.png, https://mantoproducoes.com.br/wp-content/uploads/2025/08/Captura-de-Tela-2025-08-27-as-11.58.55.png",,,,,,,,,0,,0,default,default,default,default,default,,470,1,140,set,60
5773,simple,,,"Super Mário Bros",1,0,visible,"<p class=""p1"">Entre no universo de aventuras com <span class=""s1""><b>Super Mario Bros</b></span>! 🍄✨ Nossos personagens trazem a magia e a diversão do clássico dos videogames para o seu evento. Mario, Luigi, Peach e seus amigos vão encantar adultos e crianças, com muita interação, fotos incríveis e uma atmosfera cheia de nostalgia. Uma atração perfeita para festas, eventos temáticos e experiências geek.</p>",,,,taxable,,1,,,0,0,,,,,0,,,,"Filmes/Séries, Jogos","cosplay, entretenimento, evento geek, festa temática, luigi, mario bros, nintendo, personagens geek, princesa peach, super mario, videogame",,"https://mantoproducoes.com.br/wp-content/uploads/2025/08/Captura-de-Tela-2025-08-27-as-12.01.00.png, https://mantoproducoes.com.br/wp-content/uploads/2025/08/Captura-de-Tela-2025-08-27-as-12.01.07.png, https://mantoproducoes.com.br/wp-content/uploads/2025/08/Captura-de-Tela-2025-08-27-as-12.01.06.png, https://mantoproducoes.com.br/wp-content/uploads/2025/08/Captura-de-Tela-2025-08-27-as-12.01.04.png, https://mantoproducoes.com.br/wp-content/uploads/2025/08/Captura-de-Tela-2025-08-27-as-12.01.00.png",,,,,,,,,0,,0,default,default,default,default,default,,1416,1,393,set,60
5779,simple,,,Emojis,1,0,visible,"<p class=""p1"">😎😂😍 Os <span class=""s1""><b>Emojis</b></span> mais famosos ganharam vida para animar o seu evento! Cheios de expressões divertidas, cores vibrantes e interatividade, eles encantam crianças e adultos, criando momentos únicos e fotos incríveis. Uma atração moderna, alegre e perfeita para festas, shoppings, eventos sociais e corporativos! 📸🎉</p>",,,,taxable,,1,,,0,0,,,,,0,,,,Infantil,"atração para festas, diversão, emojis, entretenimento, evento corporativo, evento social, festa temática, fotos divertidas, personagens animados, personagens coloridos, personagens emojis, personagens interativos, personagens para eventos, shopping",,"https://mantoproducoes.com.br/wp-content/uploads/2025/08/Captura-de-Tela-2025-08-27-as-12.02.50.png, https://mantoproducoes.com.br/wp-content/uploads/2025/08/Captura-de-Tela-2025-08-27-as-12.02.52.png, https://mantoproducoes.com.br/wp-content/uploads/2025/08/Captura-de-Tela-2025-08-27-as-12.02.54.png",,,,,,,,,0,,0,default,default,default,default,default,,1329,1,64,set,60
5783,simple,,,Medieval,1,0,visible,"<p class=""p1"">⚔️🏰 Mergulhe na atmosfera mágica da <span class=""s1""><b>Era Medieval</b></span> com personagens encantadores, figurinos detalhados e uma performance cheia de elegância e mistério. Perfeitos para criar experiências imersivas em festas, eventos corporativos, shoppings e celebrações temáticas, os personagens transportam todos para um mundo de reis, rainhas, cavaleiros e fantasia! ✨👑</p>",,,,taxable,,1,,,0,0,,,,,0,,,,"15 Anos, Corporativos, Social","cavaleiros, entretenimento, época medieval, evento corporativo, evento social, fantasia, festa temática, figurinos medievais, medieval, personagens interativos, personagens medievais, personagens para eventos, rainhas, reis, shopping",,"https://mantoproducoes.com.br/wp-content/uploads/2025/08/Captura-de-Tela-2025-08-27-as-12.04.23.png, https://mantoproducoes.com.br/wp-content/uploads/2025/08/Captura-de-Tela-2025-08-27-as-12.04.41.png, https://mantoproducoes.com.br/wp-content/uploads/2025/08/Captura-de-Tela-2025-08-27-as-12.04.37.png, https://mantoproducoes.com.br/wp-content/uploads/2025/08/Captura-de-Tela-2025-08-27-as-12.04.33.png, https://mantoproducoes.com.br/wp-content/uploads/2025/08/Captura-de-Tela-2025-08-27-as-12.04.28.png, https://mantoproducoes.com.br/wp-content/uploads/2025/08/Captura-de-Tela-2025-08-27-as-12.04.27.png",,,,,,,,,0,,0,default,default,default,default,default,,291,1,157,set,60
5791,simple,,,Encanto,1,0,visible,"<p class=""p1"">🌺✨ Inspirado no sucesso da Disney, o <span class=""s1""><b>Encanto</b></span> traz personagens carismáticos e cheios de vida, com figurinos coloridos e vibrantes que encantam crianças e adultos. Perfeito para festas, eventos temáticos e shoppings, eles cantam, dançam e interagem com o público, trazendo toda a magia da Família Madrigal para qualquer celebração! 🎶🏠🌿</p>",,,,taxable,,1,,,0,0,,,,,0,,,,"Filmes/Séries, Infantil","animação infantil, disney encanto, encanto, encanto brasil, evento corporativo, família madrigal, festa temática, isabela, luisa, mirabel, personagens disney, personagens interativos, personagens para eventos, personagens para festas, shopping, show infantil",,"https://mantoproducoes.com.br/wp-content/uploads/2025/08/Captura-de-Tela-2025-08-27-as-12.11.30.png, https://mantoproducoes.com.br/wp-content/uploads/2025/08/Captura-de-Tela-2025-08-27-as-12.11.35.png, https://mantoproducoes.com.br/wp-content/uploads/2025/08/Captura-de-Tela-2025-08-27-as-12.11.48.png, https://mantoproducoes.com.br/wp-content/uploads/2025/08/Captura-de-Tela-2025-08-27-as-12.11.37.png, https://mantoproducoes.com.br/wp-content/uploads/2025/08/Captura-de-Tela-2025-08-27-as-12.11.43.png",,,,,,,,,0,,0,default,default,default,default,default,,470,1,157,set,60
5797,simple,,,"Baile de Máscaras",1,0,visible,"<p class=""p1"">🎭✨ O <span class=""s1""><b>Baile de Máscaras</b></span> traz todo o charme, a sofisticação e o mistério de uma noite inesquecível. Com personagens elegantemente vestidos, figurinos luxuosos, máscaras exuberantes e coreografias envolventes, essa atração é perfeita para festas, eventos corporativos, debutantes e casamentos. A presença dos personagens transforma qualquer ambiente em um verdadeiro espetáculo de glamour e magia. 🕯️🌹🎶</p>",,,,taxable,,1,,,0,0,,,,,0,,,,"15 Anos, Corporativos, Gala, Social","animação interativa, baile de máscaras, casamento, evento corporativo, festa de debutante, festa de gala, festa temática, figurinos luxuosos, manto produções, personagens de luxo, personagens elegantes, personagens mascarados, personagens para eventos, show ao vivo",,"https://mantoproducoes.com.br/wp-content/uploads/2025/08/PHOTO-2025-08-14-20-01-12-scaled.jpg, https://mantoproducoes.com.br/wp-content/uploads/2025/08/PHOTO-2025-08-14-19-50-13-scaled.jpg, https://mantoproducoes.com.br/wp-content/uploads/2025/08/PHOTO-2025-08-14-19-57-19-scaled.jpg, https://mantoproducoes.com.br/wp-content/uploads/2025/08/PHOTO-2025-08-14-20-01-10-scaled.jpg, https://mantoproducoes.com.br/wp-content/uploads/2025/08/PHOTO-2025-08-14-19-49-12-scaled.jpg, https://mantoproducoes.com.br/wp-content/uploads/2025/08/PHOTO-2025-08-14-19-49-12-2-scaled.jpg",,,,,,,,,0,,0,default,default,default,default,default,,747,1,506,set,60
5804,simple,,,"Frida Kahlo",1,0,visible,"<p class=""p1"">🎨🌺 A <span class=""s1""><b>Frida Kahlo</b></span> é uma das figuras mais icônicas da arte mundial e agora ganha vida em nossos eventos! Com figurinos inspirados em suas obras, maquiagem marcante e acessórios característicos, essa personagem traz um toque de cultura, história e personalidade para qualquer celebração. Ideal para eventos corporativos, festas temáticas, exposições, coquetéis e ativações culturais, a presença da Frida encanta, inspira e transforma o ambiente com sua autenticidade e força. 🌿✨</p>",,,,taxable,,1,,,0,0,,,,,0,,,,"Corporativos, Personalidades","animação interativa, arte mexicana, artistas icônicos, ativação cultural, caracterização realista, evento cultural, festa temática, frida kahlo, manto produções, personagem histórica, personagem temática, personagens para eventos",,"https://mantoproducoes.com.br/wp-content/uploads/2025/08/Captura-de-Tela-2025-08-27-as-12.16.44.png, https://mantoproducoes.com.br/wp-content/uploads/2025/08/Captura-de-Tela-2025-08-27-as-12.16.46.png, https://mantoproducoes.com.br/wp-content/uploads/2025/08/Captura-de-Tela-2025-08-27-as-12.16.47.png",,,,,,,,,0,,0,default,default,default,default,default,,1443,1,125,set,60
5808,simple,,,"Zentais Infláveis",1,0,visible,"<p class=""p1"">✨ Os <span class=""s1""><b>Zentais Infláveis</b></span> são personagens chamativos e divertidos, perfeitos para criar uma atmosfera interativa e inesquecível! Com figurinos infláveis que impressionam pelo design moderno e vibrante, eles são ideais para animar pistas de dança, servir drinks, distribuir doces e interagir com os convidados de forma descontraída. Uma atração versátil que combina perfeitamente com festas corporativas, baladas, eventos sociais e ativações promocionais. 🎉</p>",,,,taxable,,1,,,0,0,,,,,0,,,,"Balada, Corporativos, Social, Zentais","animação de pista, atrações criativas, balada, drinks e doces, entretenimento premium, festa corporativa, festa social, manto produções, personagens interativos, personagens para eventos, zentais infláveis",,"https://mantoproducoes.com.br/wp-content/uploads/2025/08/Captura-de-Tela-2025-08-27-as-12.18.08.png, https://mantoproducoes.com.br/wp-content/uploads/2025/08/Captura-de-Tela-2025-08-27-as-12.18.13.png, https://mantoproducoes.com.br/wp-content/uploads/2025/08/Captura-de-Tela-2025-08-27-as-12.18.18.png",,,,,,,,,0,,0,default,default,default,default,default,,1262,1,158,set,60
5812,simple,,,Pokémon,1,0,visible,"<p class=""p1"">⚡ Os <span class=""s1""><b>Pokémon</b></span> chegam para transformar qualquer evento em uma verdadeira aventura! 🐾 Com personagens icônicos e super divertidos, como Pikachu, Charmander, Squirtle e muitos outros, eles encantam crianças e adultos, trazendo muita interação, fotos inesquecíveis e momentos de pura magia. Uma atração perfeita para festas infantis, eventos temáticos, ativações de marca e encontros especiais para fãs.</p>",,,,taxable,,1,,,0,0,,,,,0,,,,"Filmes/Séries, Infantil, Jogos","animação interativa, charmander, diversão para crianças, entretenimento, eventos temáticos, festa infantil., manto produções, personagens infantis, personagens para eventos, pikachu, pokemon, squirtle",,"https://mantoproducoes.com.br/wp-content/uploads/2025/08/Pokemon-055-scaled.jpg, https://mantoproducoes.com.br/wp-content/uploads/2025/08/Pokemon-040-scaled.jpg, https://mantoproducoes.com.br/wp-content/uploads/2025/08/Pokemon-030-scaled.jpg, https://mantoproducoes.com.br/wp-content/uploads/2025/08/Pokemon-010-scaled.jpg, https://mantoproducoes.com.br/wp-content/uploads/2025/08/Pokemon-003-scaled.jpg, https://mantoproducoes.com.br/wp-content/uploads/2025/08/Captura-de-Tela-2025-08-27-as-12.19.37.png, https://mantoproducoes.com.br/wp-content/uploads/2025/08/Captura-de-Tela-2025-08-27-as-12.19.35.png, https://mantoproducoes.com.br/wp-content/uploads/2025/08/Captura-de-Tela-2025-08-27-as-12.19.24.png",,,,,,,,,0,,0,default,default,default,default,default,,1416,1,340,set,60
5821,simple,,,Miraculous/LadyBug,1,0,visible,"<p class=""p1"">🐞✨ A magia de <span class=""s1""><b>Miraculous Ladybug</b></span> e <span class=""s1""><b>Cat Noir</b></span> chegou para deixar seu evento ainda mais especial! Com seus trajes icônicos e cheios de estilo, esses heróis adorados pelas crianças trazem interação, diversão e muitas fotos incríveis. Uma atração perfeita para festas infantis, eventos temáticos e ativações que precisam de um toque de aventura e encanto!</p>",,,,taxable,,1,,,0,0,,,,,0,,,,Filmes/Séries,"animação interativa, cat noir, diversão para crianças, entretenimento, eventos temáticos, festa infantil., ladybug, manto produções, miraculous, personagens infantis, personagens para eventos",,"https://mantoproducoes.com.br/wp-content/uploads/2025/08/7b853d1d-d306-4fcb-93d4-560d8a19cf0b.jpg, https://mantoproducoes.com.br/wp-content/uploads/2025/08/Captura-de-Tela-2025-08-27-as-12.24.52.png, https://mantoproducoes.com.br/wp-content/uploads/2025/08/eab07c44-283d-4dd6-8be1-37edad837add.jpg",,,,,,,,,0,,0,default,default,default,default,default,,470,1,49,set,60
5824,simple,,,"Mundo Bita",1,0,visible,"<p class=""p1"">🎵🌈 O <span class=""s1""><b>Mundo Bita</b></span> traz toda a sua magia, cores e alegria para encantar crianças e famílias! Com personagens carismáticos, músicas divertidas e muita interação, essa atração é perfeita para festas infantis, eventos temáticos e apresentações especiais. Diversão, cantoria e muitas fotos inesquecíveis estão garantidas!</p>",,,,taxable,,1,,,0,0,,,,,0,,,,Infantil,"atrações para crianças, entretenimento, eventos temáticos, festa infantil., manto produções, mundo bita, música e diversão, personagens infantis, personagens para eventos, show infantil",,"https://mantoproducoes.com.br/wp-content/uploads/2025/08/Captura-de-Tela-2025-08-27-as-12.26.26.png, https://mantoproducoes.com.br/wp-content/uploads/2025/08/Captura-de-Tela-2025-08-27-as-12.26.26.png, https://mantoproducoes.com.br/wp-content/uploads/2025/08/Captura-de-Tela-2025-08-27-as-12.26.32.png, https://mantoproducoes.com.br/wp-content/uploads/2025/08/Captura-de-Tela-2025-08-27-as-12.26.28.png, https://mantoproducoes.com.br/wp-content/uploads/2025/08/Captura-de-Tela-2025-08-27-as-12.26.39.png",,,,,,,,,0,,0,default,default,default,default,default,,1329,1,163,set,60
5829,simple,,,"Ratinho Chuck and Chesse",1,0,visible,"<p class=""p1"">🐭✨ O <span class=""s1""><b>Ratinho Chuck and Cheese</b></span> chegou para animar qualquer festa com muita diversão e interatividade! Inspirado no famoso personagem das redes de entretenimento, ele encanta crianças e adultos com carisma, fotos e momentos inesquecíveis. Ideal para festas infantis, eventos corporativos e experiências temáticas que pedem um toque especial de alegria!</p>",,,,taxable,,1,,,0,0,,,,,0,,,,Infantil,"atrações para crianças, chuck e cheese, diversão e alegria, entretenimento, festa infantil., manto produções, mascote infantil, personagem infantil, personagens para eventos, ratinho chuck",,"https://mantoproducoes.com.br/wp-content/uploads/2025/08/Captura-de-Tela-2025-08-27-as-12.27.50.png, https://mantoproducoes.com.br/wp-content/uploads/2025/08/Captura-de-Tela-2025-08-27-as-12.27.52.png",,,,,,,,,0,,0,default,default,default,default,default,,1329,1,77,set,60
5832,simple,,,"O Pequeno Príncipe",1,0,visible,"<p class=""p1"">🌟 O <span class=""s1""><b>Pequeno Príncipe</b></span> é um dos personagens mais encantadores e poéticos de todos os tempos! Inspirado na clássica obra de Antoine de Saint-Exupéry, ele traz magia, doçura e reflexões sobre amizade, amor e sonhos. Ideal para eventos infantis, festas temáticas, encontros literários e experiências que pedem um toque de encanto e imaginação.</p>",,,,taxable,,1,,,0,0,,,,,0,,,,Infantil,"atrações para crianças, contos clássicos, fantasia e magia, festa infantil., literatura infantil, manto produções, o pequeno príncipe, pequeno príncipe, personagem infantil, personagens para eventos",,"https://mantoproducoes.com.br/wp-content/uploads/2025/08/Captura-de-Tela-2025-08-27-as-12.29.09.png, https://mantoproducoes.com.br/wp-content/uploads/2025/08/Captura-de-Tela-2025-08-27-as-12.29.32.png, https://mantoproducoes.com.br/wp-content/uploads/2025/08/Captura-de-Tela-2025-08-27-as-12.29.26.png, https://mantoproducoes.com.br/wp-content/uploads/2025/08/Captura-de-Tela-2025-08-27-as-12.29.22.png, https://mantoproducoes.com.br/wp-content/uploads/2025/08/Captura-de-Tela-2025-08-27-as-12.29.18.png, https://mantoproducoes.com.br/wp-content/uploads/2025/08/Captura-de-Tela-2025-08-27-as-12.29.16.png, https://mantoproducoes.com.br/wp-content/uploads/2025/08/Captura-de-Tela-2025-08-27-as-12.29.15.png",,,,,,,,,0,,0,default,default,default,default,default,,1329,1,87,set,60
5840,simple,,,"Baile do Havaí",1,0,visible,"<p class=""p1"">🌺 O <span class=""s1""><b>Baile do Havaí</b></span> é uma atração perfeita para eventos temáticos, com personagens, dançarinos e figurinos inspirados na cultura havaiana. Um espetáculo cheio de cores, flores, colares, saias e uma energia tropical contagiante! Ideal para festas, recepções, confraternizações e eventos que pedem um clima alegre, descontraído e divertido.</p>",,,,taxable,,1,,,0,0,,,,,0,,,,"15 Anos, Animadores de Pista, Balada, Corporativos","atrações para festas, baile do havaí, clima tropical, dançarinos havaianos, evento corporativo, evento social, festa havaiana, manto produções, personagens para eventos, show temático, tema tropical",,"https://mantoproducoes.com.br/wp-content/uploads/2025/08/Captura-de-Tela-2025-08-27-as-13.10.16.png, https://mantoproducoes.com.br/wp-content/uploads/2025/08/Captura-de-Tela-2025-08-27-as-13.10.21.png, https://mantoproducoes.com.br/wp-content/uploads/2025/08/Captura-de-Tela-2025-08-27-as-13.10.31.png, https://mantoproducoes.com.br/wp-content/uploads/2025/08/Captura-de-Tela-2025-08-27-as-13.10.29.png, https://mantoproducoes.com.br/wp-content/uploads/2025/08/Captura-de-Tela-2025-08-27-as-13.10.27.png",,,,,,,,,0,,0,default,default,default,default,default,,1474,1,120,set,60
5846,simple,,,"Funk Neon",1,0,visible,"<p class=""p1"">✨ O <span class=""s1""><b>Funk Neon</b></span> é a atração perfeita para quem quer <span class=""s1""><b>animar qualquer pista</b></span>! Com personagens vibrantes, figurinos iluminados e muita atitude, eles transformam qualquer evento em uma verdadeira balada. Perfeitos para festas, eventos corporativos, sociais, debutantes e baladas, os personagens interagem com o público, dançam e criam uma atmosfera contagiante.</p>",,,,taxable,,1,,,0,0,,,,,0,,,,"Animadores de Pista, Balada","animação de festa, atrações para eventos, balada neon, dançarinos interativos, evento social, festa corporativa, festa jovem, funk neon, manto produções, personagens para pista",,"https://mantoproducoes.com.br/wp-content/uploads/2025/08/Captura-de-Tela-2025-08-27-as-13.12.11.png, https://mantoproducoes.com.br/wp-content/uploads/2025/08/Captura-de-Tela-2025-08-27-as-13.12.27.png, https://mantoproducoes.com.br/wp-content/uploads/2025/08/Captura-de-Tela-2025-08-27-as-13.12.24.png, https://mantoproducoes.com.br/wp-content/uploads/2025/08/Captura-de-Tela-2025-08-27-as-13.12.22.png, https://mantoproducoes.com.br/wp-content/uploads/2025/08/Captura-de-Tela-2025-08-27-as-13.12.21.png, https://mantoproducoes.com.br/wp-content/uploads/2025/08/Captura-de-Tela-2025-08-27-as-13.12.19.png, https://mantoproducoes.com.br/wp-content/uploads/2025/08/Captura-de-Tela-2025-08-27-as-13.12.15.png, https://mantoproducoes.com.br/wp-content/uploads/2025/08/Captura-de-Tela-2025-08-27-as-13.12.11.png",,,,,,,,,0,,0,default,default,default,default,default,,1474,1,164,set,60
5855,simple,,,"Soldados do Exército",1,0,visible,"<p class=""p1"">🪖 O <span class=""s1""><b>Exército / Soldados</b></span> traz personagens impactantes, com figurinos detalhados e cheios de presença, perfeitos para criar uma experiência imersiva e cheia de energia. Com estética militar e coreografias marcantes, eles são ideais para recepções, eventos temáticos, festas corporativas, sociais, convenções e ativações de marca. A atração pode ser adaptada para diferentes estilos, indo do clássico ao moderno, sempre com muita força cênica e interação com o público.</p>",,,,taxable,,1,,,0,0,,,,,0,,,,"Sem categoria","animação de pista, atrações para eventos, eventos corporativos, exército, festa temática, figurinos militares, manto produções, personagens militares, recepção impactante, soldados",,"https://mantoproducoes.com.br/wp-content/uploads/2025/08/Captura-de-Tela-2025-08-27-as-13.14.30.png, https://mantoproducoes.com.br/wp-content/uploads/2025/08/Captura-de-Tela-2025-08-27-as-13.14.32.png, https://mantoproducoes.com.br/wp-content/uploads/2025/08/Captura-de-Tela-2025-08-27-as-13.14.44.png, https://mantoproducoes.com.br/wp-content/uploads/2025/08/Captura-de-Tela-2025-08-27-as-13.14.39.png, https://mantoproducoes.com.br/wp-content/uploads/2025/08/Captura-de-Tela-2025-08-27-as-13.14.36.png",,,,,,,,,0,,0,default,default,default,default,default,,,1,76,set,60
5861,simple,,,Paparazzi,1,0,visible,"<p class=""p1"">📸 Os <span class=""s1""><b>Paparazzis</b></span> são personagens divertidos e interativos que transformam qualquer evento em um verdadeiro tapete vermelho! Com câmeras, flashes e muita encenação, eles abordam os convidados como se fossem celebridades, criando momentos espontâneos e engraçados. Perfeitos para recepções, ativações de marca, festas corporativas, eventos sociais e inaugurações, eles adicionam glamour e humor, garantindo fotos incríveis e uma experiência inesquecível para o público.</p>",,,,taxable,,1,,,0,0,,,,,0,,,,"15 Anos, Balada, Corporativos, Social","ativações de marca, atração para eventos, eventos corporativos, festa temática, fotógrafos cômicos, manto produções, paparazzis, personagens interativos, recepção criativa, recepção divertida",,"https://mantoproducoes.com.br/wp-content/uploads/2025/08/Captura-de-Tela-2025-08-27-as-13.16.23.png, https://mantoproducoes.com.br/wp-content/uploads/2025/08/Captura-de-Tela-2025-08-27-as-13.16.25.png, https://mantoproducoes.com.br/wp-content/uploads/2025/08/Captura-de-Tela-2025-08-27-as-13.16.32.png, https://mantoproducoes.com.br/wp-content/uploads/2025/08/Captura-de-Tela-2025-08-27-as-13.16.30.png, https://mantoproducoes.com.br/wp-content/uploads/2025/08/Captura-de-Tela-2025-08-27-as-13.16.26.png",,,,,,,,,0,,0,default,default,default,default,default,,1264,1,131,set,60
5867,simple,,,Cinema,1,0,visible,"<p class=""p1"">🍿 Os <span class=""s1""><b>Atendentes de Cinema</b></span> trazem toda a magia das telonas para o seu evento! Com figurinos característicos e uma atuação envolvente, eles recebem os convidados como se estivessem prestes a entrar em uma grande estreia. Sempre simpáticos e interativos, podem entregar ingressos fictícios, oferecer “pipoca cenográfica” e criar uma atmosfera divertida e temática. Ideais para festas, ativações, lançamentos de produtos e eventos corporativos que desejam trazer a experiência única do cinema para o público.</p>",,,,taxable,,1,,,0,0,,,,,0,,,,"Corporativos, Social","atendentes de cinema, ativação de marca, cinema, estreia de cinema, eventos corporativos, festa temática, lançamento de filmes, manto produções, personagens interativos, recepção criativa",,"https://mantoproducoes.com.br/wp-content/uploads/2025/08/Captura-de-Tela-2025-08-27-as-13.18.15-e1773411033533.png, https://mantoproducoes.com.br/wp-content/uploads/2025/08/Captura-de-Tela-2025-08-27-as-13.18.20.png, https://mantoproducoes.com.br/wp-content/uploads/2025/08/Captura-de-Tela-2025-08-27-as-13.18.18.png, https://mantoproducoes.com.br/wp-content/uploads/2025/08/Captura-de-Tela-2025-08-27-as-13.18.16.png, https://mantoproducoes.com.br/wp-content/uploads/2025/08/Captura-de-Tela-2025-08-27-as-13.18.25.png",,,,,,,,,0,,0,default,default,default,default,default,,291,1,178,set,60
5875,simple,,,"Unicórnios Humanizados",1,0,visible,"<p class=""p1"">🦄✨ Os <span class=""s1""><b>Unicórnios Humanizados</b></span> são personagens encantadores, com figurinos detalhados, cheios de brilho e cores mágicas, que transformam qualquer evento em um verdadeiro conto de fadas. Inspirados na fantasia e na delicadeza dos unicórnios, eles encantam crianças e adultos com interações lúdicas, poses para fotos e uma presença cheia de charme. Perfeitos para aniversários, eventos corporativos, festas temáticas e ativações criativas que pedem um toque de magia.</p>",,,,taxable,,1,,,0,0,,,,,0,,,,"Fantasia, Humanizados","encantamento, eventos corporativos, eventos infantis, fantasia, festa temática, manto produções, personagens interativos, personagens mágicos, personagens para fotos, unicórnios",,"https://mantoproducoes.com.br/wp-content/uploads/2025/08/Captura-de-Tela-2025-08-27-as-13.20.00.png, https://mantoproducoes.com.br/wp-content/uploads/2025/08/Captura-de-Tela-2025-08-27-as-13.20.08.png, https://mantoproducoes.com.br/wp-content/uploads/2025/08/Captura-de-Tela-2025-08-27-as-13.20.05.png, https://mantoproducoes.com.br/wp-content/uploads/2025/08/Captura-de-Tela-2025-08-27-as-13.20.04.png, https://mantoproducoes.com.br/wp-content/uploads/2025/08/Captura-de-Tela-2025-08-27-as-13.20.02.png, https://mantoproducoes.com.br/wp-content/uploads/2025/08/Captura-de-Tela-2025-08-27-as-13.20.12.png",,,,,,,,,0,,0,default,default,default,default,default,,60,1,241,set,60
5882,simple,,,"Tom e Jerry",1,0,visible,"<p class=""p1"">🐭🐱 <span class=""s1""><b>Tom e Jerry</b></span> chegam trazendo toda a bagunça, diversão e nostalgia que marcaram gerações! Com figurinos impecáveis e cheios de detalhes, os personagens interagem de forma animada com o público, criando momentos hilários e inesquecíveis. Ideais para aniversários, shoppings, eventos corporativos, festas temáticas e ativações infantis, eles garantem fotos incríveis e muitas gargalhadas.</p>",,,,taxable,,1,,,0,0,,,,,0,,,,"Filmes/Séries, Infantil","clássicos infantis, desenhos famosos, diversão, eventos corporativos, eventos infantis, festa temática, manto produções, personagens animados, personagens para fotos, tom e jerry",,"https://mantoproducoes.com.br/wp-content/uploads/2025/08/Captura-de-Tela-2025-08-27-as-13.21.47.png, https://mantoproducoes.com.br/wp-content/uploads/2025/08/Captura-de-Tela-2025-08-27-as-13.21.51.png, https://mantoproducoes.com.br/wp-content/uploads/2025/08/Captura-de-Tela-2025-08-27-as-13.21.50.png, https://mantoproducoes.com.br/wp-content/uploads/2025/08/Captura-de-Tela-2025-08-27-as-13.21.48.png, https://mantoproducoes.com.br/wp-content/uploads/2025/08/Captura-de-Tela-2025-08-27-as-13.21.53.png",,,,,,,,,0,,0,default,default,default,default,default,,470,1,216,set,60
5888,simple,,,Senninha,1,0,visible,"<p class=""p1"">🏎️✨ <span class=""s1""><b>Senninha</b></span> chega com muita energia, carisma e o espírito das pistas! Inspirado no icônico Ayrton Senna, esse personagem traz diversão, aventura e interação para todos os públicos. Ideal para eventos infantis, ativações temáticas, shoppings, festas corporativas e encontros com fãs, ele encanta crianças e adultos com seu figurino detalhado e personalidade vibrante.</p>",,,,taxable,,1,,,0,0,,,,,0,,,,"Esportes, Infantil","ayrton senna, corridas, eventos infantis, festas temáticas, fórmula 1, manto produções, personagem infantil, personagens para fotos, senninha, shoppings",,"https://mantoproducoes.com.br/wp-content/uploads/2025/08/Captura-de-Tela-2025-08-27-as-13.23.17.png, https://mantoproducoes.com.br/wp-content/uploads/2025/08/Captura-de-Tela-2025-08-27-as-13.23.19.png, https://mantoproducoes.com.br/wp-content/uploads/2025/08/Captura-de-Tela-2025-08-27-as-13.23.21.png",,,,,,,,,0,,0,default,default,default,default,default,,831,1,186,set,60
5892,simple,,,"Maria Antonieta",1,0,visible,"<p class=""p1"">👑✨ <span class=""s1""><b>Maria Antonieta</b></span> traz todo o esplendor e a sofisticação da corte francesa do século XVIII! Com figurinos exuberantes, penteados imponentes e uma presença marcante, essa personagem transforma qualquer evento em uma verdadeira experiência real. Perfeita para recepções elegantes, festas temáticas, eventos corporativos, shoppings e produções especiais, ela encanta o público com charme, graça e um toque de história.</p>",,,,taxable,,1,,,0,0,,,,,0,,,,"15 Anos, Corporativos, Gala, Personalidades","eventos temáticos, festas elegantes, luxo, manto produções, maria antonieta, personagens históricos, rainha, realeza, recepção de convidados, século xviii, sofisticação",,"https://mantoproducoes.com.br/wp-content/uploads/2025/08/Captura-de-Tela-2025-08-27-as-13.24.33.png, https://mantoproducoes.com.br/wp-content/uploads/2025/08/Captura-de-Tela-2025-08-27-as-13.24.37.png, https://mantoproducoes.com.br/wp-content/uploads/2025/08/Captura-de-Tela-2025-08-27-as-13.24.35.png, https://mantoproducoes.com.br/wp-content/uploads/2025/08/WhatsApp-Image-2026-03-21-at-23.34.59.jpeg, https://mantoproducoes.com.br/wp-content/uploads/2025/08/WhatsApp-Image-2026-03-21-at-23.33.42.jpeg",,,,,,,,,0,,0,default,default,default,default,default,,49,1,488,set,60
5898,simple,,,"Baby Shark",1,0,visible,"<p class=""p1"">🦈✨ A <span class=""s1""><b>Turma Baby Shark</b></span> chegou para transformar o seu evento em uma verdadeira onda de diversão! Com personagens fofos, coloridos e cheios de energia, eles encantam crianças e adultos com interações divertidas, abraços e muitas fotos. Perfeitos para festas infantis, shoppings, eventos temáticos e encontros especiais, esses personagens levam toda a magia do universo Baby Shark para perto do público!</p>",,,,taxable,,1,,,0,0,,,,,0,,,,Infantil,"baby shark, diversão, eventos para crianças, festas temáticas, manto produções, meet and greet, personagens infantis, recreação, show infantil, turma baby shark",,"https://mantoproducoes.com.br/wp-content/uploads/2025/08/Captura-de-Tela-2025-08-27-as-13.25.55.png, https://mantoproducoes.com.br/wp-content/uploads/2025/08/Captura-de-Tela-2025-08-27-as-13.26.08.png, https://mantoproducoes.com.br/wp-content/uploads/2025/08/Captura-de-Tela-2025-08-27-as-13.26.04.png, https://mantoproducoes.com.br/wp-content/uploads/2025/08/Captura-de-Tela-2025-08-27-as-13.25.59.png, https://mantoproducoes.com.br/wp-content/uploads/2025/08/Captura-de-Tela-2025-08-27-as-13.26.13.png",,,,,,,,,0,,0,default,default,default,default,default,,1329,1,151,set,60
5904,simple,,,"Safari Humanizados",1,0,visible,"<p class=""p1"">🦓🌿 O <span class=""s1""><b>Safari Humanizado</b></span> traz personagens cheios de vida, com figurinos detalhados e expressivos que transformam qualquer evento em uma verdadeira aventura! Inspirados na savana, os atores interagem com o público de forma lúdica, representando animais humanizados com muito carisma e diversão. Ideal para shoppings, festas infantis, eventos temáticos e ações promocionais, essa atração garante fotos incríveis e uma experiência inesquecível.</p>",,,,taxable,,1,,,0,0,,,,,0,,,,"Animais, Corporativos, Humanizados","animais humanizados, diversão para crianças, eventos temáticos, festa safari, manto produções, personagens humanizados, personagens interativos, recreação, safari humanizado, shows infantis",,"https://mantoproducoes.com.br/wp-content/uploads/2025/08/Captura-de-Tela-2025-08-27-as-13.27.38-e1774007705690.png, https://mantoproducoes.com.br/wp-content/uploads/2025/08/Captura-de-Tela-2025-08-27-as-13.27.42.png, https://mantoproducoes.com.br/wp-content/uploads/2025/08/Captura-de-Tela-2025-08-27-as-13.27.34.png, https://mantoproducoes.com.br/wp-content/uploads/2025/08/Captura-de-Tela-2025-08-27-as-13.27.44.png, https://mantoproducoes.com.br/wp-content/uploads/2025/08/Captura-de-Tela-2025-08-27-as-13.27.48.png, https://mantoproducoes.com.br/wp-content/uploads/2025/08/Captura-de-Tela-2025-08-27-as-13.27.55.png",,,,,,,,,0,,0,default,default,default,default,default,,1516,1,430,set,60
5911,simple,,,"Ursinhos Carinhosos",1,0,visible,"<p class=""p1"">🌈🐻 Os <span class=""s1""><b>Ursinhos Carinhosos</b></span> trazem toda a fofura e magia diretamente dos desenhos animados para o seu evento! Com personagens supercoloridos, expressivos e cheios de carinho, eles interagem com crianças e adultos, tornando cada momento ainda mais especial. Uma atração perfeita para festas, shoppings, eventos infantis e ações promocionais, criando um ambiente lúdico e inesquecível.</p>",,,,taxable,,1,,,0,0,,,,,0,,,,Infantil,"desenhos animados, diversão para crianças, eventos temáticos, festa infantil., manto produções, personagens coloridos, personagens infantis, personagens interativos, recreação, ursinhos carinhosos",,"https://mantoproducoes.com.br/wp-content/uploads/2025/08/Captura-de-Tela-2025-08-27-as-13.30.04.png, https://mantoproducoes.com.br/wp-content/uploads/2025/08/Captura-de-Tela-2025-08-27-as-13.30.16.png, https://mantoproducoes.com.br/wp-content/uploads/2025/08/Captura-de-Tela-2025-08-27-as-13.30.10.png, https://mantoproducoes.com.br/wp-content/uploads/2025/08/Captura-de-Tela-2025-08-27-as-13.29.59.png",,,,,,,,,0,,0,default,default,default,default,default,,1329,1,206,set,60
5916,simple,,,"Power Rangers",1,0,visible,"<p class=""p1"">🦸‍♂️⚡ Os <span class=""s1""><b>Power Rangers</b></span> chegam cheios de ação, cores vibrantes e energia para animar qualquer evento! Com seus trajes icônicos e poses heroicas, eles trazem aventura e emoção para festas, shoppings, aniversários e ativações temáticas. Uma atração que encanta crianças e adultos, perfeita para criar momentos inesquecíveis e fotos incríveis!</p>",,,,taxable,,1,,,0,0,,,,,0,,,,Heróis,"aventura, diversão, evento temático, festa infantil., heróis, manto produções, personagens coloridos, personagens de ação, personagens interativos, power rangers",,"https://mantoproducoes.com.br/wp-content/uploads/2025/08/Captura-de-Tela-2025-08-27-as-13.31.36.png, https://mantoproducoes.com.br/wp-content/uploads/2025/08/Captura-de-Tela-2025-08-27-as-13.31.37.png, https://mantoproducoes.com.br/wp-content/uploads/2025/08/Captura-de-Tela-2025-08-27-as-13.31.43.png, https://mantoproducoes.com.br/wp-content/uploads/2025/08/Captura-de-Tela-2025-08-27-as-13.31.42.png, https://mantoproducoes.com.br/wp-content/uploads/2025/08/Captura-de-Tela-2025-08-27-as-13.31.40.png, https://mantoproducoes.com.br/wp-content/uploads/2025/08/Captura-de-Tela-2025-08-27-as-13.31.39.png",,,,,,,,,0,,0,default,default,default,default,default,,181,1,87,set,60
5923,simple,,,Carros,1,0,visible,"<p class=""p1"">🚗✨ Os <span class=""s1""><b>Carros Pilotos</b></span> são uma atração única e inovadora! Os personagens se transformam em <span class=""s1""><b>carros e pilotos</b></span> no mesmo figurino, criando um espetáculo visual impressionante e super interativo. Com design moderno, detalhes realistas e muita personalidade, eles são ideais para eventos temáticos, ativações de marca, festas infantis e experiências imersivas. Diversão e adrenalina garantidas para todas as idades!</p>",,,,taxable,,1,,,0,0,,,,,0,,,,"Esportes, Infantil","carros, diversão, evento temático, experiência imersiva, festa infantil., manto produções, personagens carros, personagens interativos, pilotos, transformação",,"https://mantoproducoes.com.br/wp-content/uploads/2025/08/Captura-de-Tela-2025-08-27-as-13.33.01.png, https://mantoproducoes.com.br/wp-content/uploads/2025/08/Captura-de-Tela-2025-08-27-as-13.33.05.png, https://mantoproducoes.com.br/wp-content/uploads/2025/08/Captura-de-Tela-2025-08-27-as-13.33.15.png",,,,,,,,,0,,0,default,default,default,default,default,,831,1,332,set,60
5927,simple,,,"Power Rangers Dino Charger",1,0,visible,"<p class=""p1"">⚡🦖 Os <span class=""s1""><b>Power Rangers Dino Charger</b></span> chegam cheios de ação e aventura para animar qualquer evento! Com figurinos detalhados e super coloridos, eles trazem toda a energia e o espírito de equipe da famosa série. Perfeitos para apresentações, festas, ativações e encontros com fãs, esses heróis vão garantir muita emoção, fotos incríveis e uma experiência inesquecível para crianças e adultos.</p>",,,,taxable,,1,,,0,0,,,,,0,,,,Heróis,"aventura, cosplay, diversão, evento infantil, fantasia, heróis, manto produções, personagens de ação, power rangers, power rangers dino charge",,"https://mantoproducoes.com.br/wp-content/uploads/2025/08/Captura-de-Tela-2025-08-27-as-13.34.39.png, https://mantoproducoes.com.br/wp-content/uploads/2025/08/Captura-de-Tela-2025-08-27-as-13.34.46.png, https://mantoproducoes.com.br/wp-content/uploads/2025/08/Captura-de-Tela-2025-08-27-as-13.34.44.png",,,,,,,,,0,,0,default,default,default,default,default,,181,1,103,set,60
5931,simple,,,"Absolem (Humanizado)",1,0,visible,"<p class=""p1"">🐛✨ Inspirado no icônico personagem de <i>Alice no País das Maravilhas</i>, o <span class=""s1""><b>Absolem Humanizado</b></span> é uma representação artística e elegante da famosa lagarta azul. Com figurino detalhado, maquiagem criativa e um toque de mistério, o personagem traz uma atmosfera lúdica e envolvente para qualquer evento. Perfeito para ativações, festas temáticas e encontros com o universo de Alice, ele encanta adultos e crianças com seu visual único.</p>",,,,taxable,,1,,,0,0,,,,,0,,,,"15 Anos, Corporativos, Filmes/Séries, Humanizados, Social","absolem, absolem humanizado, alice no país das maravilhas, cosplay, encantamento, evento infantil, fantasia, mágico, personagem temático, personagens manto",,"https://mantoproducoes.com.br/wp-content/uploads/2025/08/Captura-de-Tela-2025-08-27-as-13.36.30.png, https://mantoproducoes.com.br/wp-content/uploads/2025/08/Captura-de-Tela-2025-08-27-as-13.36.38.png, https://mantoproducoes.com.br/wp-content/uploads/2025/08/Captura-de-Tela-2025-08-27-as-13.36.36.png, https://mantoproducoes.com.br/wp-content/uploads/2025/08/Captura-de-Tela-2025-08-27-as-13.36.35.png",,,,,,,,,0,,0,default,default,default,default,default,,470,1,153,set,60
5936,simple,,,"Detetives do Prédio Azul",1,0,visible,"<p class=""p1"">🔍🕵️‍♂️ A <span class=""s1""><b>Turma dos Detetives do Prédio Azul</b></span> traz toda a magia, diversão e mistério da famosa série infantil para o seu evento! Com figurinos coloridos, cheios de detalhes e personalidades marcantes, os personagens interagem com o público, investigam pistas e transformam qualquer ocasião em uma grande aventura. Perfeito para festas temáticas, eventos corporativos, ativações e encontros infantis.</p>",,,,taxable,,1,,,0,0,,,,,0,,,,"Filmes/Séries, Infantil","aventura, cosplay, detetives do prédio azul, diversão, evento temático, festa infantil., magia, mistério, personagens infantis, personagens manto",,"https://mantoproducoes.com.br/wp-content/uploads/2025/08/Captura-de-Tela-2025-08-27-as-13.37.58.png, https://mantoproducoes.com.br/wp-content/uploads/2025/08/Captura-de-Tela-2025-08-27-as-13.38.08.png, https://mantoproducoes.com.br/wp-content/uploads/2025/08/Captura-de-Tela-2025-08-27-as-13.38.06.png, https://mantoproducoes.com.br/wp-content/uploads/2025/08/Captura-de-Tela-2025-08-27-as-13.38.02.png, https://mantoproducoes.com.br/wp-content/uploads/2025/08/Captura-de-Tela-2025-08-27-as-13.38.10.png",,,,,,,,,0,,0,default,default,default,default,default,,1329,1,102,set,60
5942,simple,,,"Charles Chaplin",1,0,visible,"<p class=""p1"">🎩✨ O clássico <span class=""s1""><b>Charles Chaplin</b></span> ganha vida para encantar e divertir o seu evento! Com figurino icônico, maquiagem impecável e a famosa cartola, o personagem traz toda a nostalgia do cinema mudo e do humor inteligente. Perfeito para recepções, interações com o público, sessões de fotos e performances sutis e elegantes, transportando todos para a era de ouro do cinema.</p>",,,,taxable,,1,,,0,0,,,,,0,,,,"Corporativos, Filmes/Séries, Personalidades, Social","charles chaplin, cinema clássico, entretenimento, evento temático, festa corporativa, humor mudo, performance artística, personagem vintage, personagens manto, recepção",,"https://mantoproducoes.com.br/wp-content/uploads/2025/08/Captura-de-Tela-2025-08-27-as-13.39.38.png, https://mantoproducoes.com.br/wp-content/uploads/2025/08/Captura-de-Tela-2025-08-27-as-13.39.40.png, https://mantoproducoes.com.br/wp-content/uploads/2025/08/Captura-de-Tela-2025-08-27-as-13.39.41.png",,,,,,,,,0,,0,default,default,default,default,default,,1443,1,155,set,60
5946,simple,,,Shrek,1,0,visible,"<p class=""p1"">💚🐲 O <span class=""s1""><b>Shrek</b></span> chega para invadir o seu evento com muito bom humor e carisma! Com figurino fiel ao personagem, maquiagem impecável e toda a energia do ogro mais amado do cinema, ele garante diversão para todas as idades. Perfeito para interações com o público, fotos, recepções e animações, trazendo o encanto do Reino de Tão Tão Distante para a sua festa.</p>",,,,taxable,,1,,,0,0,,,,,0,,,,Filmes/Séries,"animação, entretenimento, evento temático, festa infantil., ogro divertido, personagem de cinema, personagens manto, recepção, sessão de fotos, shrek",,"https://mantoproducoes.com.br/wp-content/uploads/2025/08/Captura-de-Tela-2025-08-27-as-13.41.05-e1777894550653.png, https://mantoproducoes.com.br/wp-content/uploads/2025/08/Captura-de-Tela-2025-08-27-as-13.41.09.png",,,,,,,,,0,,0,default,default,default,default,default,,470,1,279,set,60
5949,simple,,,"Space Jam",1,0,visible,"<p class=""p1"">🏀🌟 Entre no jogo com os personagens de <span class=""s1""><b>Space Jam</b></span> e viva uma experiência cheia de energia, esporte e diversão! Bugs Bunny, Lola Bunny e toda a turma chegam para animar o seu evento com muita interação, poses para fotos e a vibe única do universo onde basquete e fantasia se encontram. Perfeito para festas, eventos temáticos, shoppings e ativações corporativas!</p>",,,,taxable,,1,,,0,0,,,,,0,,,,"Esportes, Filmes/Séries","basketball, bugs bunny, entretenimento, evento temático, festa infantil., lola bunny, personagens animados, personagens de cinema, personagens manto, recepção, sessão de fotos, space jam",,"https://mantoproducoes.com.br/wp-content/uploads/2025/08/Captura-de-Tela-2025-08-27-as-13.42.41.png, https://mantoproducoes.com.br/wp-content/uploads/2025/08/Captura-de-Tela-2025-08-27-as-13.42.47.png",,,,,,,,,0,,0,default,default,default,default,default,,470,1,112,set,60
5952,simple,,,"LOL Surprise",1,0,visible,"<p class=""p1"">✨🎀 As bonequinhas <span class=""s1""><b>LOL Surprise</b></span> chegam para transformar o seu evento em uma explosão de cor, brilho e diversão! Com figurinos deslumbrantes, cheios de detalhes e muita personalidade, essas personagens interagem com o público, posam para fotos e criam momentos inesquecíveis. Ideais para festas infantis, eventos temáticos, shoppings e ativações corporativas que pedem um toque de magia e estilo!</p>",,,,taxable,,1,,,0,0,,,,,0,,,,Infantil,"animação de festa, bonecas lol, entretenimento, evento temático, festa infantil., lol surprise, personagens coloridas, personagens infantis, personagens manto, recepção, sessão de fotos",,"https://mantoproducoes.com.br/wp-content/uploads/2025/08/Captura-de-Tela-2025-08-27-as-13.44.04.png, https://mantoproducoes.com.br/wp-content/uploads/2025/08/Captura-de-Tela-2025-08-27-as-13.44.04.png, https://mantoproducoes.com.br/wp-content/uploads/2025/08/Captura-de-Tela-2025-08-27-as-13.44.16.png, https://mantoproducoes.com.br/wp-content/uploads/2025/08/Captura-de-Tela-2025-08-27-as-13.44.14.png, https://mantoproducoes.com.br/wp-content/uploads/2025/08/Captura-de-Tela-2025-08-27-as-13.44.10.png",,,,,,,,,0,,0,default,default,default,default,default,,1329,1,105,set,60
5958,simple,,,"Turma da Mônica",1,0,visible,"<p class=""p1"">🌟🐰 A <span class=""s1""><b>Turma da Mônica</b></span> traz toda a alegria, nostalgia e diversão para o seu evento! Com figurinos fiéis aos personagens originais e muita interatividade, Mônica, Cebolinha, Cascão e Magali encantam crianças e adultos com abraços, fotos e momentos inesquecíveis. Perfeitos para festas infantis, ativações em shoppings, eventos corporativos e encontros temáticos que pedem personagens icônicos e cheios de carisma!</p>",,,,taxable,,1,,,0,0,,,,,0,,,,Infantil,"cascão, cebolinha, entretenimento, evento temático, festa infantil., magali, mauricio de sousa, mônica, personagens infantis, personagens manto, recepção, sessão de fotos, turma da mônica",,"https://mantoproducoes.com.br/wp-content/uploads/2025/08/Captura-de-Tela-2025-08-27-as-13.46.07.png, https://mantoproducoes.com.br/wp-content/uploads/2025/08/Captura-de-Tela-2025-08-27-as-13.46.11.png, https://mantoproducoes.com.br/wp-content/uploads/2025/08/Captura-de-Tela-2025-08-27-as-13.46.20.png",,,,,,,,,0,,0,default,default,default,default,default,,1329,1,306,set,60
5962,simple,,,Fazendinha,1,0,visible,"<p class=""p1"">🌾🐷 A <span class=""s1""><b>Fazendinha</b></span> é perfeita para levar o clima do campo e da vida rural ao seu evento! Com personagens humanizados de animais fofos, roupas típicas e um visual rústico cheio de detalhes, essa atração encanta crianças e adultos. Ideal para festas temáticas, eventos corporativos, shoppings e encontros escolares, proporcionando interatividade, fotos divertidas e uma experiência cheia de cores e alegria.</p>",,,,taxable,,1,,,0,0,,,,,0,,,,"Animais, Infantil","animais humanizados, decoração rústica, entretenimento infantil, evento temático, fazendinha, festa infantil., personagens manto, personagens temáticos, recepção, sessão de fotos, temática campo",,"https://mantoproducoes.com.br/wp-content/uploads/2025/08/Captura-de-Tela-2025-08-27-as-13.47.43.png, https://mantoproducoes.com.br/wp-content/uploads/2025/08/Captura-de-Tela-2025-08-27-as-13.47.45.png, https://mantoproducoes.com.br/wp-content/uploads/2025/08/Captura-de-Tela-2025-08-27-as-13.47.51.png",,,,,,,,,0,,0,default,default,default,default,default,,337,1,277,set,60
5966,simple,,,"Jardim Secreto",1,0,visible,"<p class=""p1"">🌿✨ O <span class=""s1""><b>Jardim Secreto</b></span> traz a elegância e o encanto da natureza para o seu evento. Personagens humanizados com figurinos sofisticados, cheios de detalhes delicados, flores, texturas e acessórios que remetem a um jardim mágico e exclusivo. Uma atração chique e envolvente, perfeita para eventos corporativos, festas sociais, casamentos, recepções e experiências imersivas.</p>",,,,taxable,,1,,,0,0,,,,,0,,,,"15 Anos, Corporativos, Humanizados, Performáticos, Social","entretenimento premium, evento sofisticado, fantasia floral, festa temática, jardim secreto, personagens chiques, personagens humanizados, personagens manto, produção artística, recepção elegante",,"https://mantoproducoes.com.br/wp-content/uploads/2025/08/Captura-de-Tela-2025-08-27-as-13.49.19.png, https://mantoproducoes.com.br/wp-content/uploads/2025/08/Captura-de-Tela-2025-08-27-as-13.49.24.png, https://mantoproducoes.com.br/wp-content/uploads/2025/08/Captura-de-Tela-2025-08-27-as-13.49.23.png, https://mantoproducoes.com.br/wp-content/uploads/2025/08/Captura-de-Tela-2025-08-27-as-13.49.32.png, https://mantoproducoes.com.br/wp-content/uploads/2025/08/Captura-de-Tela-2025-08-27-as-13.49.34.png, https://mantoproducoes.com.br/wp-content/uploads/2025/08/Captura-de-Tela-2025-08-27-as-13.49.36.png, https://mantoproducoes.com.br/wp-content/uploads/2025/08/Captura-de-Tela-2025-08-27-as-13.49.38.png, https://mantoproducoes.com.br/wp-content/uploads/2025/08/Captura-de-Tela-2025-08-27-as-13.49.40.png",,,,,,,,,0,,0,default,default,default,default,default,,154,1,340,set,60
5975,simple,,,"Up Altas Aventuras",1,0,visible,"<p class=""p1"">🎈🏠 Inspirado no clássico da Pixar, <span class=""s1""><b>Up: Altas Aventuras</b></span> traz os personagens mais queridos para animar qualquer evento! Carl, Russell, Dug e até a famosa casa com balões recriam o universo mágico do filme com figurinos ricos em detalhes e caracterizações impecáveis. Ideal para festas infantis, eventos temáticos, recepções e ativações interativas, levando diversão, nostalgia e muita emoção para todas as idades.</p>",,,,taxable,,1,,,0,0,,,,,0,,,,"Filmes/Séries, Infantil","animação para eventos, entretenimento infantil, festa temática, personagens animados, personagens de cinema, personagens disney, personagens manto, personagens pixar, recreação infantil, up altas aventuras",,"https://mantoproducoes.com.br/wp-content/uploads/2025/08/Captura-de-Tela-2025-08-27-as-13.51.36.png, https://mantoproducoes.com.br/wp-content/uploads/2025/08/Captura-de-Tela-2025-08-27-as-13.52.10.png, https://mantoproducoes.com.br/wp-content/uploads/2025/08/Captura-de-Tela-2025-08-27-as-13.51.39.png",,,,,,,,,0,,0,default,default,default,default,default,,470,1,127,set,60
5979,simple,,,"Mary Poppins",1,0,visible,"<p class=""p1"">☂✨ <span class=""s1""><b>Mary Poppins</b></span> traz todo o encanto e magia do clássico da Disney para o seu evento! Com figurinos impecáveis, coreografias cativantes e uma presença marcante, a personagem encanta crianças e adultos com sua elegância e simpatia. Ideal para festas infantis, recepções, eventos corporativos e ativações interativas, transportando todos para um universo cheio de fantasia e alegria.</p>",,,,taxable,,1,,,0,0,,,,,0,,,,Filmes/Séries,"animação para eventos, entretenimento infantil, eventos corporativos, festa temática, mary poppins, personagens animados, personagens clássicos, personagens disney, personagens manto, recepção personagens",,"https://mantoproducoes.com.br/wp-content/uploads/2025/08/Captura-de-Tela-2025-08-27-as-13.53.20.png, https://mantoproducoes.com.br/wp-content/uploads/2025/08/Captura-de-Tela-2025-08-27-as-13.53.33.png, https://mantoproducoes.com.br/wp-content/uploads/2025/08/Captura-de-Tela-2025-08-27-as-13.53.31.png, https://mantoproducoes.com.br/wp-content/uploads/2025/08/Captura-de-Tela-2025-08-27-as-13.53.30.png, https://mantoproducoes.com.br/wp-content/uploads/2025/08/Captura-de-Tela-2025-08-27-as-13.53.28.png, https://mantoproducoes.com.br/wp-content/uploads/2025/08/Captura-de-Tela-2025-08-27-as-13.53.27.png",,,,,,,,,0,,0,default,default,default,default,default,,470,1,82,set,60
5986,simple,,,"Galinha Pintadinha",1,0,visible,"<p class=""p1"">🐔🌟 <span class=""s1""><b>Galinha Pintadinha</b></span> e sua turma chegam cheios de cor, música e diversão para animar qualquer evento! Com figurinos impecáveis e personagens carismáticos, eles cantam, dançam e interagem com o público, criando um momento inesquecível para as crianças e famílias. Uma atração perfeita para festas infantis, shoppings, escolas e eventos corporativos com temática lúdica.</p>",,,,taxable,,1,,,0,0,,,,,0,,,,Infantil,"animação infantil, entretenimento para crianças, eventos infantis, festa temática, galinha pintadinha, personagens infantis, personagens licenciados, personagens manto, show infantil, turma da galinha pintadinha",,"https://mantoproducoes.com.br/wp-content/uploads/2025/08/Captura-de-Tela-2025-08-27-as-13.54.50.png, https://mantoproducoes.com.br/wp-content/uploads/2025/08/Captura-de-Tela-2025-08-27-as-13.54.56.png",,,,,,,,,0,,0,default,default,default,default,default,,1329,1,203,set,60
5989,simple,,,Cupidos,1,0,visible,"<p class=""p1"">💘✨ Os <span class=""s1""><b>Cupidos</b></span> trazem um toque de romance, encanto e magia para o seu evento! Com figurinos delicados, asas exuberantes e um visual sofisticado, eles são perfeitos para criar uma atmosfera envolvente e apaixonante. Ideais para recepções, corporativos, casamentos, festas temáticas e ativações especiais, espalhando amor e boas energias por onde passam.</p>",,,,taxable,,1,,,0,0,,,,,0,,,,"Corporativos, Social","animação de eventos, ativação especial, atmosfera encantadora, cupidos, entretenimento sofisticado, eventos corporativos, festa temática, personagens manto, personagens românticos, recepção elegante",,"https://mantoproducoes.com.br/wp-content/uploads/2025/08/Captura-de-Tela-2025-08-27-as-13.56.11.png, https://mantoproducoes.com.br/wp-content/uploads/2025/08/Captura-de-Tela-2025-08-27-as-13.56.15.png, https://mantoproducoes.com.br/wp-content/uploads/2025/08/Captura-de-Tela-2025-08-27-as-13.56.19.png",,,,,,,,,0,,0,default,default,default,default,default,,291,1,50,set,60
5993,simple,,,"Mágico de Oz",1,0,visible,"<p class=""p1"">🌪✨ O <span class=""s1""><b>Mágico de Oz</b></span> ganha vida em um espetáculo de cores, magia e encantamento! Com figurinos luxuosos e personagens icônicos como Dorothy, Espantalho, Homem de Lata, Leão Covarde e a Bruxa Má do Oeste, essa atração transporta todos para o mundo além do arco-íris. Perfeito para recepções, desfiles, ativações e festas temáticas, criando uma experiência inesquecível para todas as idades.</p>",,,,taxable,,1,,,0,0,,,,,0,,,,Filmes/Séries,"ativações especiais, bruxa má, dorothy, espantalho, eventos infantis, festa mágica, homem de lata, leão covarde, mágico de oz, personagens manto, personagens temáticos, recepção encantadora",,"https://mantoproducoes.com.br/wp-content/uploads/2025/08/Captura-de-Tela-2025-08-27-as-13.57.52.png, https://mantoproducoes.com.br/wp-content/uploads/2025/08/Captura-de-Tela-2025-08-27-as-13.57.47.png",,,,,,,,,0,,0,default,default,default,default,default,,470,0,93,set,60
5996,simple,,,"Urso Marinheiro Hilakkuna",1,0,visible,"<p class=""p1"">⚓🐻 O <span class=""s1""><b>Urso Marinheiro Hilakkuna</b></span> traz fofura e diversão em um visual náutico encantador! Com figurino temático inspirado no universo marítimo, esse personagem é perfeito para eventos infantis, recepções e ativações criativas. Ele combina a doçura característica do Hilakkuma com o charme de um marinheiro, criando uma experiência única para fotos e interações.</p>",,,,taxable,,1,,,0,0,,,,,0,,,,Corporativos,"ativações especiais, evento temático, festa náutica, interação com crianças, manto produções, personagem infantil, personagens fofos, recepção lúdica, urso hilakkuma, urso marinheiro",,"https://mantoproducoes.com.br/wp-content/uploads/2025/08/Captura-de-Tela-2025-08-27-as-13.59.33.png, https://mantoproducoes.com.br/wp-content/uploads/2025/08/Captura-de-Tela-2025-08-27-as-13.59.40.png, https://mantoproducoes.com.br/wp-content/uploads/2025/08/Captura-de-Tela-2025-08-27-as-13.59.43.png, https://mantoproducoes.com.br/wp-content/uploads/2025/08/Captura-de-Tela-2025-08-27-as-13.59.45.png",,,,,,,,,0,,0,default,default,default,default,default,,291,1,116,set,60
6001,simple,,,"Manto Zoo",1,0,visible,"<p class=""p1"">🐾✨ O <span class=""s1""><b>Manto Zoo</b></span> é uma experiência encantadora e interativa que transforma qualquer evento em uma verdadeira aventura no reino animal! 🦁🐒🐘 Com personagens humanizados, fantasias realistas e uma cenografia envolvente, o público é transportado para um universo lúdico, divertido e educativo. Ideal para eventos infantis, corporativos, shoppings e ativações temáticas.</p>",,,,taxable,,1,,,0,0,,,,,0,,,,Animais,"atração temática, espetáculo para crianças, evento infantil, manto zoo, personagens animais, personagens humanizados, personagens lúdicos, produção manto, safari kids, show interativo",,"https://mantoproducoes.com.br/wp-content/uploads/2025/08/Captura-de-Tela-2025-08-27-as-14.01.16-e1774007778622.png, https://mantoproducoes.com.br/wp-content/uploads/2025/08/Captura-de-Tela-2025-08-27-as-14.01.27.png, https://mantoproducoes.com.br/wp-content/uploads/2025/08/Captura-de-Tela-2025-08-27-as-14.01.22.png, https://mantoproducoes.com.br/wp-content/uploads/2025/08/Captura-de-Tela-2025-08-27-as-14.01.41.png, https://mantoproducoes.com.br/wp-content/uploads/2025/08/Captura-de-Tela-2025-08-27-as-14.01.32.png, https://mantoproducoes.com.br/wp-content/uploads/2025/08/Captura-de-Tela-2025-08-27-as-14.01.38.png, https://mantoproducoes.com.br/wp-content/uploads/2025/08/Captura-de-Tela-2025-08-27-as-14.01.43.png, https://mantoproducoes.com.br/wp-content/uploads/2025/08/Captura-de-Tela-2025-08-27-as-14.01.16-e1774007778622.png",,,,,,,,,0,,0,default,default,default,default,default,,337,1,460,set,60
6009,simple,,,"Urso Soldado Inglês",1,0,visible,"<p class=""p1"">🐻🇬🇧 O <span class=""s1""><b>Urso Soldado Inglês</b></span> traz todo o charme da guarda real de Londres em uma versão lúdica e encantadora! Vestido com o tradicional uniforme vermelho, chapéu alto e detalhes impecáveis, esse personagem é perfeito para recepções, eventos infantis, shoppings e ativações temáticas. Ele combina fofura com elegância, conquistando adultos e crianças.</p>",,,,taxable,,1,,,0,0,,,,,0,,,,Corporativos,"atração interativa, evento temático, eventos infantis, guarda real, personagem para shopping, personagem temático, personagens fofos, produção manto, show lúdico, urso soldado inglês",,"https://mantoproducoes.com.br/wp-content/uploads/2025/08/Captura-de-Tela-2025-08-27-as-14.03.31.png, https://mantoproducoes.com.br/wp-content/uploads/2025/08/Captura-de-Tela-2025-08-27-as-14.03.34.png, https://mantoproducoes.com.br/wp-content/uploads/2025/08/Captura-de-Tela-2025-08-27-as-14.03.32.png",,,,,,,,,0,,0,default,default,default,default,default,,291,1,108,set,60
6021,simple,,,Aracnídeo,1,0,visible,"<p class=""p1"">🕷️✨ O <span class=""s1""><b>Aracnídeo Humanizado</b></span> é um personagem imponente, misterioso e cheio de estilo, inspirado no universo das aranhas, mas com um visual moderno e sofisticado. Perfeito para eventos temáticos, performances impactantes, ativações e desfiles, ele combina figurino detalhado, presença cênica marcante e um toque futurista, trazendo uma atmosfera envolvente e intrigante para qualquer produção.</p>",,,,taxable,,1,,,0,0,,,,,0,,,,"Animais, Corporativos, Humanizados, Social","aracnídeo, atração interativa, entretenimento premium, evento temático, fantasia aranha, figurino impactante, performance artística, personagem exclusivo, personagem humanizado, produção manto",,"https://mantoproducoes.com.br/wp-content/uploads/2025/08/Captura-de-Tela-2025-08-27-as-14.08.03.png, https://mantoproducoes.com.br/wp-content/uploads/2025/08/Captura-de-Tela-2025-08-27-as-14.08.07.png, https://mantoproducoes.com.br/wp-content/uploads/2025/08/Captura-de-Tela-2025-08-27-as-14.08.10.png",,,,,,,,,0,,0,default,default,default,default,default,,337,1,109,set,60
6029,simple,,,"Arca de Noé",1,0,visible,"<p class=""p1"">🐘🦒 A <span class=""s1""><b>Arca de Noé</b></span> é uma atração encantadora e lúdica, repleta de personagens humanizados de diferentes animais que trazem vida e magia para qualquer evento. Com figurinos coloridos, expressivos e detalhados, os personagens representam os diversos animais salvos na arca, criando um espetáculo visual perfeito para festas, shoppings, eventos infantis, corporativos e apresentações teatrais. Uma experiência divertida, interativa e inesquecível!</p>",,,,taxable,,1,,,0,0,,,,,0,,,,"Sem categoria","animais divertidos, arca de noé, atração interativa, entretenimento familiar, espetáculo lúdico, evento infantil, fantasia colorida, personagens humanizados, produção manto, show temático",,https://mantoproducoes.com.br/wp-content/uploads/2025/08/Captura-de-Tela-2025-08-27-as-14.10.53.png,,,,,,,,,0,,0,default,default,default,default,default,,,1,58,set,60
6035,simple,,,"Les Exubérants",1,0,visible,"<p class=""p1"">✨ Os <span class=""s1""><b>Les Exubérants</b></span> são personagens sofisticados e extremamente elegantes, inspirados nos objetos luxuosos de um castelo. Cada figurino carrega um nível altíssimo de detalhamento, com texturas ricas, brilhos sutis e formas exuberantes que transformam o ambiente em um verdadeiro espetáculo visual. Perfeitos para eventos sociais, corporativos, lançamentos de produtos e experiências premium, eles trazem um toque de exclusividade, arte e requinte para qualquer ocasião.</p>",,,,taxable,,1,,,0,0,,,,,0,,,,"15 Anos, Corporativos, Gala, Performáticos, Social","castelo exuberante, entretenimento exclusivo, espetáculo premium, evento sofisticado, figurinos luxuosos, les exubérants, performance artística, personagens elegantes, personagens finos, produção manto",,"https://mantoproducoes.com.br/wp-content/uploads/2025/08/LesExuberant_Photoshoot-022.jpg, https://mantoproducoes.com.br/wp-content/uploads/2025/08/LesExuberant_Photoshoot-208.jpg, https://mantoproducoes.com.br/wp-content/uploads/2025/08/LesExuberant_Photoshoot-200.jpg, https://mantoproducoes.com.br/wp-content/uploads/2025/08/LesExuberant_Photoshoot-163.jpg, https://mantoproducoes.com.br/wp-content/uploads/2025/08/LesExuberant_Photoshoot-161.jpg, https://mantoproducoes.com.br/wp-content/uploads/2025/08/LesExuberant_Photoshoot-101.jpg, https://mantoproducoes.com.br/wp-content/uploads/2025/08/LesExuberant_Photoshoot-098.jpg, https://mantoproducoes.com.br/wp-content/uploads/2025/08/LesExuberant_Photoshoot-065.jpg, https://mantoproducoes.com.br/wp-content/uploads/2025/08/LesExuberant_Photoshoot-058.jpg, https://mantoproducoes.com.br/wp-content/uploads/2025/08/LesExuberant_Photoshoot-019.jpg, https://mantoproducoes.com.br/wp-content/uploads/2025/08/LesExuberant_Photoshoot-016.jpg, https://mantoproducoes.com.br/wp-content/uploads/2025/08/LesExuberant_Photoshoot-008.jpg, https://mantoproducoes.com.br/wp-content/uploads/2025/08/LesExuberant_Photoshoot-001.jpg",,,,,,,,,0,,0,default,default,default,default,default,,154,1,373,set,60
6049,simple,,,Sonic,1,0,visible,"<p class=""p1"">O <span class=""s1""><b>Sonic</b></span> é o ouriço azul mais rápido do mundo, famoso por sua energia contagiante, atitude aventureira e visual icônico. Com um figurino vibrante e cheio de movimento, o personagem é perfeito para eventos infantis, festas temáticas, encontros com personagens e ativações divertidas. Ele traz toda a emoção dos videogames para a vida real, garantindo fotos incríveis e interações animadas com o público.</p>",,,,taxable,,1,,,0,0,,,,,0,,,,"Infantil, Jogos","aventuras, entretenimento kids, evento divertido, festa temática, games, herói dos videogames, personagem infantil, personagens manto, sonic, velocidade máxima",,"https://mantoproducoes.com.br/wp-content/uploads/2025/08/Captura-de-Tela-2025-08-27-as-14.15.32.png, https://mantoproducoes.com.br/wp-content/uploads/2025/08/Captura-de-Tela-2025-08-27-as-14.15.34.png, https://mantoproducoes.com.br/wp-content/uploads/2025/08/Captura-de-Tela-2025-08-27-as-14.15.48.png, https://mantoproducoes.com.br/wp-content/uploads/2025/08/Captura-de-Tela-2025-08-27-as-14.15.46.png, https://mantoproducoes.com.br/wp-content/uploads/2025/08/Captura-de-Tela-2025-08-27-as-14.15.40.png",,,,,,,,,0,,0,default,default,default,default,default,,1416,1,412,set,60
6055,simple,,,"Onda de Mudança - Fundo do Mar",1,0,visible,"<p class=""p1"">O espetáculo <span class=""s1""><b>“Na Onda da Manto”</b></span> é uma experiência imersiva e cheia de cores, perfeita para encantar todas as idades. Com personagens marinhos carismáticos e divertidos, o show apresenta o Peixote, Tuluga, Galopinho, Paul Victor, Guliguli, Mantuba e um incrível mergulhador que conduz o público por um oceano mágico de aventuras. Cada personagem tem sua própria personalidade e juntos transmitem uma mensagem de diversão, amizade e preservação dos mares. Ideal para shoppings, resorts, eventos corporativos e festas temáticas.</p>",,,,taxable,,1,,,0,0,,,,,0,,,,"Animais, Infantil","aventura no mar, entretenimento kids, espetáculo infantil, evento temático, festa aquática, galopinho, guliguli, mantuba, mergulhador, na onda da manto, paul victor, peixote, personagens manto, personagens marinhos, show interativo, tuluga",,"https://mantoproducoes.com.br/wp-content/uploads/2025/08/Captura-de-Tela-2025-08-27-as-14.17.09.png, https://mantoproducoes.com.br/wp-content/uploads/2025/08/Captura-de-Tela-2025-08-27-as-14.17.16.png, https://mantoproducoes.com.br/wp-content/uploads/2025/08/Captura-de-Tela-2025-08-27-as-14.17.19.png",,,,,,,,,0,,0,default,default,default,default,default,,337,1,411,set,60
6059,simple,,,"Oompa Loompas (Vermelhos)",1,0,visible,"<p class=""p1"">Os <span class=""s1""><b>Oompa Loompas Vermelhos</b></span> são personagens divertidos, carismáticos e cheios de energia, ideais para animar qualquer evento. Inspirados na clássica história da <i>Fantástica Fábrica de Chocolates</i>, eles trazem um toque vibrante e diferenciado com figurinos modernos na cor vermelha, coreografias divertidas e muita interação com o público. Perfeitos para eventos corporativos, festas temáticas, ativações e recepções criativas.</p>",,,,taxable,,1,,,0,0,,,,,0,,,,Filmes/Séries,"animação de eventos, entretenimento criativo, evento temático, fantastica fabrica de chocolates, festa infantil., figurino vermelho, oompa loompas, personagens interativos, personagens manto, personagens vermelhos",,"https://mantoproducoes.com.br/wp-content/uploads/2025/08/Captura-de-Tela-2025-08-27-as-14.18.49.png, https://mantoproducoes.com.br/wp-content/uploads/2025/08/Captura-de-Tela-2025-08-27-as-14.18.51.png, https://mantoproducoes.com.br/wp-content/uploads/2025/08/Captura-de-Tela-2025-08-27-as-14.18.56.png",,,,,,,,,0,,0,default,default,default,default,default,,470,1,89,set,60
6063,simple,,,"Casal Bem Me Quer",1,0,visible,"<p class=""p1"">O <span class=""s1""><b>Casal Bem Me Quer</b></span> é um duo de personagens sofisticados, com figurinos exuberantes e inspirados na delicadeza das flores. Misturando elementos da natureza com um toque de alta classe, eles trazem uma presença marcante e elegante para qualquer evento. Perfeitos para recepções, festas temáticas, ativações corporativas e experiências onde o charme e a sofisticação são essenciais.</p>",,,,taxable,,1,,,0,0,,,,,0,,,,"15 Anos, Casais, Corporativos, Social","animação premium., casal bem me quer, entretenimento de alto padrão, figurinos sofisticados, flores humanizadas, personagens chiques, personagens de luxo, personagens interativos, personagens para eventos, recepção elegante",,"https://mantoproducoes.com.br/wp-content/uploads/2025/08/Captura-de-Tela-2025-08-27-as-14.20.41.png, https://mantoproducoes.com.br/wp-content/uploads/2025/08/Captura-de-Tela-2025-08-27-as-14.20.54.png, https://mantoproducoes.com.br/wp-content/uploads/2025/08/Captura-de-Tela-2025-08-27-as-14.20.51.png, https://mantoproducoes.com.br/wp-content/uploads/2025/08/Captura-de-Tela-2025-08-27-as-14.20.45.png, https://mantoproducoes.com.br/wp-content/uploads/2025/08/Captura-de-Tela-2025-08-27-as-14.20.43.png, https://mantoproducoes.com.br/wp-content/uploads/2025/08/Captura-de-Tela-2025-08-27-as-14.20.42.png, https://mantoproducoes.com.br/wp-content/uploads/2025/08/Captura-de-Tela-2025-08-27-as-14.20.39.png",,,,,,,,,0,,0,default,default,default,default,default,,291,1,114,set,60
6071,simple,,,Policiais,1,0,visible,"<p class=""p1"">Os <span class=""s1""><b>Policiais</b></span> são personagens icônicos que trazem dinamismo, presença e carisma para qualquer evento. Com figurinos detalhados e atitude marcante, eles podem atuar como recepcionistas, animadores de pista, personagens temáticos ou interativos. Perfeitos para festas, eventos corporativos, ativações e experiências imersivas, esses personagens criam momentos divertidos e inesquecíveis com os convidados.</p>",,,,taxable,,1,,,0,0,,,,,0,,,,"Sem categoria",,,"https://mantoproducoes.com.br/wp-content/uploads/2025/08/Captura-de-Tela-2025-08-27-as-14.22.26.png, https://mantoproducoes.com.br/wp-content/uploads/2025/08/Captura-de-Tela-2025-08-27-as-14.22.28.png, https://mantoproducoes.com.br/wp-content/uploads/2025/08/Captura-de-Tela-2025-08-27-as-14.22.38.png, https://mantoproducoes.com.br/wp-content/uploads/2025/08/Captura-de-Tela-2025-08-27-as-14.22.36.png, https://mantoproducoes.com.br/wp-content/uploads/2025/08/Captura-de-Tela-2025-08-27-as-14.22.33.png, https://mantoproducoes.com.br/wp-content/uploads/2025/08/Captura-de-Tela-2025-08-27-as-14.22.29.png",,,,,,,,,0,,0,default,default,default,default,default,,,1,77,set,60
6094,simple,,,"Caracol Humanizado",1,0,visible,"O <strong data-start=""19"" data-end=""41"">Caracol Humanizado</strong> é um personagem encantador e cheio de personalidade, perfeito para eventos que pedem um toque divertido e lúdico. Com figurino detalhado e cores vibrantes, ele combina expressões humanas com elementos do universo animal, criando uma presença única e carismática. Ideal para recepcionar convidados, interagir com o público, tirar fotos e compor experiências temáticas personalizadas.",,,,taxable,,1,,,0,0,,,,,0,,,,"Animais, Corporativos, Humanizados, Performáticos, Social","animação interativa, caracol humanizado, entretenimento infantil, fantasia criativa, festa temática, figurinos criativos, personagens divertidos, personagens lúdicos, personagens para eventos, recepção temática",,"https://mantoproducoes.com.br/wp-content/uploads/2025/08/Captura-de-Tela-2025-08-28-as-11.18.16.png, https://mantoproducoes.com.br/wp-content/uploads/2025/08/Captura-de-Tela-2025-08-28-as-11.18.31.png, https://mantoproducoes.com.br/wp-content/uploads/2025/08/Captura-de-Tela-2025-08-28-as-11.18.24.png, https://mantoproducoes.com.br/wp-content/uploads/2025/08/Captura-de-Tela-2025-08-28-as-11.18.19.png, https://mantoproducoes.com.br/wp-content/uploads/2025/08/Captura-de-Tela-2025-08-28-as-11.18.18.png, https://mantoproducoes.com.br/wp-content/uploads/2025/08/Captura-de-Tela-2025-08-28-as-11.18.15.png",,,,,,,,,0,,0,default,default,default,default,default,,1516,1,159,set,60
6101,simple,,,"Hipismo / Cavalinho",1,0,visible,"O <strong data-start=""19"" data-end=""42"">Hipismo / Cavalinho</strong> é um personagem temático inspirado no universo equestre, perfeito para eventos que buscam elegância, sofisticação e um toque lúdico. Com figurinos detalhados e caracterização impecável, ele pode representar tanto o espírito esportivo do hipismo quanto a fofura de um cavalinho humanizado. Ideal para recepções, fotos, interações com o público e composições cenográficas em festas temáticas ou eventos corporativos.",,,,taxable,,1,,,0,0,,,,,0,,,,"Animais, Esportes, Infantil","cavalinho, entretenimento infantil, fantasia criativa, festa temática, figurinos criativos, hipismo, personagens humanizados, personagens para eventos, personagens temáticos, recepção temática",,"https://mantoproducoes.com.br/wp-content/uploads/2025/08/Captura-de-Tela-2025-08-28-as-11.20.02.png, https://mantoproducoes.com.br/wp-content/uploads/2025/08/Captura-de-Tela-2025-08-28-as-11.20.26.png, https://mantoproducoes.com.br/wp-content/uploads/2025/08/Captura-de-Tela-2025-08-28-as-11.20.17.png, https://mantoproducoes.com.br/wp-content/uploads/2025/08/Captura-de-Tela-2025-08-28-as-11.20.12.png, https://mantoproducoes.com.br/wp-content/uploads/2025/08/Captura-de-Tela-2025-08-28-as-11.20.08.png, https://mantoproducoes.com.br/wp-content/uploads/2025/08/Captura-de-Tela-2025-08-28-as-11.20.03.png",,,,,,,,,0,,0,default,default,default,default,default,,337,1,148,set,60
6108,simple,,,"Looney Tunes",1,0,visible,"Os <strong data-start=""20"" data-end=""36"">Looney Tunes</strong> são personagens icônicos, divertidos e atemporais que encantam todas as gerações! Com um elenco que inclui Pernalonga, Patolino, Piu-Piu, Frajola, Taz e muitos outros, eles trazem animação, humor e interação para qualquer evento. Ideais para recepções, sessões de fotos, apresentações temáticas e experiências imersivas, esses personagens conquistam crianças e adultos com suas personalidades marcantes e figurinos vibrantes.",,,,taxable,,1,,,0,0,,,,,0,,,,"Filmes/Séries, Infantil","desenhos animados, entretenimento infantil, festa temática, figurinos criativos, frajola, looney tunes, patolino, pernalonga, personagens clássicos, personagens para eventos, personagens temáticos, piu-piu, taz",,"https://mantoproducoes.com.br/wp-content/uploads/2025/08/Captura-de-Tela-2025-08-28-as-11.22.21.png, https://mantoproducoes.com.br/wp-content/uploads/2025/08/Captura-de-Tela-2025-08-28-as-11.22.24.png, https://mantoproducoes.com.br/wp-content/uploads/2025/08/Captura-de-Tela-2025-08-28-as-11.22.31.png, https://mantoproducoes.com.br/wp-content/uploads/2025/08/Captura-de-Tela-2025-08-28-as-11.22.27.png, https://mantoproducoes.com.br/wp-content/uploads/2025/08/Captura-de-Tela-2025-08-28-as-11.22.26.png",,,,,,,,,0,,0,default,default,default,default,default,,470,1,245,set,60
6114,simple,,,Pinóquio,1,0,visible,"<p class=""p1"">O <span class=""s1""><b>Pinóquio</b></span> é o boneco de madeira mais famoso do mundo, que sonha em se tornar um menino de verdade! Com figurino encantador e inspirado no clássico conto, ele traz magia, inocência e um toque de nostalgia para qualquer evento. Ideal para recepções, fotos, apresentações temáticas e experiências interativas, Pinóquio conquista crianças e adultos com seu jeitinho divertido e carismático.</p>",,,,taxable,,1,,,0,0,,,,,0,,,,Filmes/Séries,"boneco de madeira, conto de fadas, entretenimento infantil, eventos mágicos, festa temática, figurino temático, personagem infantil, personagens clássicos, personagens para eventos, pinóquio",,"https://mantoproducoes.com.br/wp-content/uploads/2025/08/Captura-de-Tela-2025-08-28-as-11.23.54.png, https://mantoproducoes.com.br/wp-content/uploads/2025/08/Captura-de-Tela-2025-08-28-as-11.23.59.png, https://mantoproducoes.com.br/wp-content/uploads/2025/08/Captura-de-Tela-2025-08-28-as-11.24.07.png, https://mantoproducoes.com.br/wp-content/uploads/2025/08/Captura-de-Tela-2025-08-28-as-11.24.03.png, https://mantoproducoes.com.br/wp-content/uploads/2025/08/Captura-de-Tela-2025-08-28-as-11.24.01.png",,,,,,,,,0,,0,default,default,default,default,default,,470,1,110,set,60
6120,simple,,,"Estrelette e Stelar",1,0,visible,"<p class=""p1""><span class=""s1""><b>Estrelette e Stelar</b></span> formam um casal de personagens deslumbrantes, modernos e encantadores, perfeitos para trazer magia, charme e sofisticação para qualquer evento. Com figurinos coloridos, expressivos e cheios de personalidade, eles são ideais para recepções, ensaios fotográficos e interações divertidas com o público, deixando cada momento ainda mais especial.</p>",,,,taxable,,1,,,0,0,,,,,0,,,,"Casais, Páscoa","casal de personagens, casal temático, entretenimento interativo, estrelette, figurinos coloridos, personagens encantados, personagens mágicos, personagens para eventos, recepção de convidados, stelar",,"https://mantoproducoes.com.br/wp-content/uploads/2025/08/IMG_8793-scaled.jpg, https://mantoproducoes.com.br/wp-content/uploads/2025/08/IMG_8809-scaled.jpg, https://mantoproducoes.com.br/wp-content/uploads/2025/08/IMG_8803-scaled.jpg, https://mantoproducoes.com.br/wp-content/uploads/2025/08/IMG_8793-scaled.jpg, https://mantoproducoes.com.br/wp-content/uploads/2025/08/IMG_8789-scaled.jpg, https://mantoproducoes.com.br/wp-content/uploads/2025/08/IMG_8790-scaled.jpg",,,,,,,,,0,,0,default,default,default,default,default,,1290,1,102,set,60
6121,simple,,,"Power Rangers Samurai",1,0,visible,"<p class=""p1"">Os <span class=""s1""><b>Power Rangers Samurai</b></span> são um time de heróis corajosos, cheios de energia e prontos para enfrentar qualquer desafio! Com figurinos detalhados, coloridos e inspirados na série de sucesso, eles trazem ação, interatividade e muita diversão para eventos, festas e apresentações. Ideais para fotos, recepções e performances incríveis que encantam crianças e adultos.</p>",,,,taxable,,1,,,0,0,,,,,0,,,,"Filmes/Séries, Heróis","apresentações dinâmicas, diversão para festas, entretenimento infantil, heróis para eventos, personagens de ação, personagens para fotos, personagens temáticos, power rangers samurai, recepção interativa, super sentai",,"https://mantoproducoes.com.br/wp-content/uploads/2025/08/Captura-de-Tela-2025-08-28-as-11.31.50.png, https://mantoproducoes.com.br/wp-content/uploads/2025/08/Captura-de-Tela-2025-08-28-as-11.31.55.png, https://mantoproducoes.com.br/wp-content/uploads/2025/08/Captura-de-Tela-2025-08-28-as-11.32.02.png",,,,,,,,,0,,0,default,default,default,default,default,,181,1,104,set,60
6125,simple,,,"Como Treinar o Seu Dragão",1,0,visible,"<p class=""p1"">Baseado no sucesso da DreamWorks, o espetáculo <span class=""s1""><b>Como Treinar o Seu Dragão</b></span> traz personagens icônicos como Soluço, Banguela, Astrid e outros, em figurinos impressionantes e cheios de detalhes. A experiência mistura aventura, fantasia e emoção, com performances que encantam crianças e adultos. Ideal para eventos, recepções e sessões de fotos, trazendo a atmosfera mágica do universo dos vikings e dragões para o seu público.</p>",,,,taxable,,1,,,0,0,,,,,0,,,,Filmes/Séries,"banguela, como treinar o seu dragão, diversão para crianças, dragões, entretenimento para festas, fantasia infantil, personagens dreamworks, personagens para eventos, recepção temática, soluço",,"https://mantoproducoes.com.br/wp-content/uploads/2025/08/Captura-de-Tela-2025-08-28-as-11.40.08.png, https://mantoproducoes.com.br/wp-content/uploads/2025/08/Captura-de-Tela-2025-08-28-as-11.40.20.png, https://mantoproducoes.com.br/wp-content/uploads/2025/08/Captura-de-Tela-2025-08-28-as-11.40.14.png, https://mantoproducoes.com.br/wp-content/uploads/2025/08/Captura-de-Tela-2025-08-28-as-11.40.10.png, https://mantoproducoes.com.br/wp-content/uploads/2025/08/Captura-de-Tela-2025-08-28-as-11.40.01.png",,,,,,,,,0,,0,default,default,default,default,default,,470,1,345,set,60
6131,simple,,,"Chapeuzinho Vermelho",1,0,visible,"<p class=""p1"">A clássica história da <span class=""s1""><b>Chapeuzinho Vermelho</b></span> ganha vida com figurinos detalhados e personagens encantadores! A pequena aventureira, o Lobo Mau, a Vovó e o Lenhador se unem para criar uma experiência mágica, divertida e interativa. Ideal para sessões de fotos, recepções e eventos infantis, trazendo todo o encanto dos contos de fadas para perto do público.</p>",,,,taxable,,1,,,0,0,,,,,0,,,,"Filmes/Séries, Infantil","chapeuzinho vermelho, contos de fadas, diversão para festas, entretenimento infantil, eventos para crianças, lenhador, lobo mau, personagens infantis, recepção temática, vovó da chapeuzinho",,"https://mantoproducoes.com.br/wp-content/uploads/2025/08/Festa-Maya-1-Aninho-Internet-397.jpg, https://mantoproducoes.com.br/wp-content/uploads/2025/08/Festa-Maya-1-Aninho-Internet-566.jpg, https://mantoproducoes.com.br/wp-content/uploads/2025/08/Festa-Maya-1-Aninho-Internet-396.jpg, https://mantoproducoes.com.br/wp-content/uploads/2025/08/Festa-Maya-1-Aninho-Internet-398.jpg, https://mantoproducoes.com.br/wp-content/uploads/2025/08/Festa-Maya-1-Aninho-Internet-560.jpg, https://mantoproducoes.com.br/wp-content/uploads/2025/08/Festa-Maya-1-Aninho-Internet-606.jpg, https://mantoproducoes.com.br/wp-content/uploads/2025/08/Festa-Maya-1-Aninho-Internet-565.jpg, https://mantoproducoes.com.br/wp-content/uploads/2025/08/Festa-Maya-1-Aninho-Internet-605.jpg",,,,,,,,,0,,0,default,default,default,default,default,,470,1,283,set,60
6140,simple,,,Egito,1,0,visible,"<p class=""p1"">Inspirado no fascinante <span class=""s1""><b>Egito Antigo</b></span>, esse conceito traz personagens que remetem a faraós, rainhas, deuses e deusas, com figurinos luxuosos, ricos em detalhes dourados e simbologias místicas. Uma experiência imersiva que encanta adultos e crianças, perfeita para festas temáticas, eventos corporativos e sociais, transportando o público para a grandiosidade da civilização egípcia.</p>",,,,taxable,,1,,,0,0,,,,,0,,,,Corporativos,"anúbis, cleópatra, deuses egípcios, egito, entretenimento, eventos temáticos, faraó, festa corporativa, festa infantil., isis, múmia, nefertiti, personagens egito, show temático, tema egípcio",,"https://mantoproducoes.com.br/wp-content/uploads/2025/08/Captura-de-Tela-2025-08-28-as-11.46.43.png, https://mantoproducoes.com.br/wp-content/uploads/2025/08/Captura-de-Tela-2025-08-28-as-11.46.50.png, https://mantoproducoes.com.br/wp-content/uploads/2025/08/Captura-de-Tela-2025-08-28-as-11.46.57.png",,,,,,,,,0,,0,default,default,default,default,default,,291,1,92,set,60
6144,simple,,,"Os Simpsons",1,0,visible,"<p class=""p1"">Os personagens icônicos de <span class=""s1""><b>Os Simpsons</b></span> ganham vida para levar diversão e nostalgia ao seu evento! Com Homer, Marge, Bart, Lisa e Maggie, a turma de Springfield chega com muito humor, cores vibrantes e uma energia contagiante. Ideal para festas infantis, eventos temáticos, corporativos e sociais, trazendo um toque divertido e inesquecível para o público.</p>",,,,taxable,,1,,,0,0,,,,,0,,,,Filmes/Séries,"bart, entretenimento, evento corporativo, evento social, festa infantil., homer, lisa, maggie, marge, personagens temáticos, show temático, simpsons, springfield",,"https://mantoproducoes.com.br/wp-content/uploads/2025/08/Captura-de-Tela-2025-08-28-as-11.48.30.png, https://mantoproducoes.com.br/wp-content/uploads/2025/08/Captura-de-Tela-2025-08-28-as-11.48.26.png, https://mantoproducoes.com.br/wp-content/uploads/2025/08/Captura-de-Tela-2025-08-28-as-11.48.42.png",,,,,,,,,0,,0,default,default,default,default,default,,470,1,113,set,60
6148,simple,,,"Neon Line",1,0,visible,"<p class=""p1"">Os <span class=""s1""><b>Neon Line</b></span> são performers com maquiagens artísticas vibrantes e iluminadas, que transformam qualquer pista em uma experiência visual única. Perfeitos para animar festas, baladas, eventos corporativos e sociais, eles interagem com o público, criam momentos instagramáveis e levam o conceito de entretenimento para outro nível.</p>",,,,taxable,,1,,,0,0,,,,,0,,,,"Animadores de Pista, Balada, Social","animação de pista, entretenimento, evento corporativo, evento social, festa balada, iluminação neon, maquiagem neon, neon line, performers, personagens interativos",,"https://mantoproducoes.com.br/wp-content/uploads/2025/08/Captura-de-Tela-2025-08-28-as-11.49.45.png, https://mantoproducoes.com.br/wp-content/uploads/2025/08/Captura-de-Tela-2025-08-28-as-11.50.02.png, https://mantoproducoes.com.br/wp-content/uploads/2025/08/Captura-de-Tela-2025-08-28-as-11.49.58.png, https://mantoproducoes.com.br/wp-content/uploads/2025/08/Captura-de-Tela-2025-08-28-as-11.49.55.png, https://mantoproducoes.com.br/wp-content/uploads/2025/08/Captura-de-Tela-2025-08-28-as-11.49.53.png, https://mantoproducoes.com.br/wp-content/uploads/2025/08/Captura-de-Tela-2025-08-28-as-11.49.50.png",,,,,,,,,0,,0,default,default,default,default,default,,1474,1,277,set,60
6155,simple,,,"Paz e Harmonia",1,0,visible,"<p class=""p1""><span class=""s1""><b>Paz e Harmonia</b></span> é uma personagem delicada, sofisticada e cheia de encanto, perfeita para criar um clima acolhedor e elegante no seu evento. Com figurino refinado e presença marcante, ela traz leveza e charme para <span class=""s1""><b>eventos corporativos, recepções, festas sociais e celebrações especiais</b></span>.</p>",,,,taxable,,1,,,0,0,,,,,0,,,,"Corporativos, Performáticos, Social","animação de evento, coquetel, entretenimento elegante, festa social, paz e harmonia, personagem corporativa, personagem sofisticada, recepção de eventos, recepção premium",,"https://mantoproducoes.com.br/wp-content/uploads/2025/08/Captura-de-Tela-2025-08-28-as-12.00.56.png, https://mantoproducoes.com.br/wp-content/uploads/2025/08/Captura-de-Tela-2025-08-28-as-12.01.15.png, https://mantoproducoes.com.br/wp-content/uploads/2025/08/Captura-de-Tela-2025-08-28-as-12.01.14.png, https://mantoproducoes.com.br/wp-content/uploads/2025/08/Captura-de-Tela-2025-08-28-as-12.01.12.png, https://mantoproducoes.com.br/wp-content/uploads/2025/08/Captura-de-Tela-2025-08-28-as-12.01.10.png, https://mantoproducoes.com.br/wp-content/uploads/2025/08/Captura-de-Tela-2025-08-28-as-12.01.09.png, https://mantoproducoes.com.br/wp-content/uploads/2025/08/Captura-de-Tela-2025-08-28-as-12.01.07.png, https://mantoproducoes.com.br/wp-content/uploads/2025/08/Captura-de-Tela-2025-08-28-as-12.00.59.png, https://mantoproducoes.com.br/wp-content/uploads/2025/08/Captura-de-Tela-2025-08-28-as-12.00.58.png",,,,,,,,,0,,0,default,default,default,default,default,,291,1,124,set,60
6165,simple,,,Minecraft,1,0,visible,"<p class=""p1"">Entre blocos, aventuras e muita imaginação, os personagens de <span class=""s1""><b>Minecraft</b></span> trazem a magia do jogo para a vida real! 🎮✨ Com figurinos incríveis e cheios de detalhes, eles são perfeitos para <span class=""s1""><b>festas, eventos temáticos, encontros gamer e ativações interativas</b></span>. Ideal para crianças, adolescentes e adultos que amam o universo quadrado mais famoso do mundo.</p>",,,,taxable,,1,,,0,0,,,,,0,,,,"Infantil, Jogos","alex, blocos minecraft, cosplay minecraft, creeper, diversão interativa, evento gamer, evento infantil, festa temática, minecraft, personagens minecraft, steve",,"https://mantoproducoes.com.br/wp-content/uploads/2025/08/PHOTO-2025-05-25-12-48-24-scaled.jpg, https://mantoproducoes.com.br/wp-content/uploads/2025/08/PHOTO-2024-11-12-17-38-37-scaled.jpg, https://mantoproducoes.com.br/wp-content/uploads/2025/08/WhatsApp-Image-2025-08-26-at-17.07.46-scaled.jpeg, https://mantoproducoes.com.br/wp-content/uploads/2025/08/PHOTO-2024-11-12-17-38-38-scaled.jpg, https://mantoproducoes.com.br/wp-content/uploads/2025/08/WhatsApp-Image-2025-08-26-at-17.07.47-scaled.jpeg",,,,,,,,,0,,0,default,default,default,default,default,,1416,1,371,set,60
6177,simple,,,"Os 3 Porquinhos e o Lobo Mau",1,0,visible,"<p class=""p1"">Os <span class=""s1""><b>Três Porquinhos</b></span> e o <span class=""s1""><b>Lobo Mau</b></span> trazem uma das histórias mais queridas e clássicas dos contos infantis! 🐷🐺 Com figurinos encantadores e uma encenação divertida, esses personagens são perfeitos para <span class=""s1""><b>festas, eventos temáticos, shoppings e apresentações interativas</b></span>. Uma experiência lúdica que encanta crianças e adultos, misturando humor, aventura e muita magia.</p>",,,,taxable,,1,,,0,0,,,,,0,,,,"Filmes/Séries, Infantil","contos clássicos, diversão, evento mágico, evento temático, festa infantil., histórias infantis, lobo mau, personagens kids, teatro infantil, três porquinhos",,"https://mantoproducoes.com.br/wp-content/uploads/2025/08/DSC08975-scaled.jpg, https://mantoproducoes.com.br/wp-content/uploads/2025/08/DSC09059-scaled.jpg, https://mantoproducoes.com.br/wp-content/uploads/2025/08/DSC09035-scaled.jpg, https://mantoproducoes.com.br/wp-content/uploads/2025/08/DSC09010-scaled.jpg",,,,,,,,,0,,0,default,default,default,default,default,,470,1,122,set,60
6182,simple,,,"Bluey e Bingo",1,0,visible,"<p class=""p1"">A <span class=""s1""><b>Bluey</b></span> e a <span class=""s1""><b>Bingo</b></span> chegaram para levar muita fofura e diversão para o seu evento! 🐾✨ Inspiradas na série queridinha das crianças, essas personagens são perfeitas para <span class=""s1""><b>festas infantis, eventos temáticos, encontros com personagens e apresentações ao vivo</b></span>. Com muito carisma, cores vibrantes e interação encantadora, elas conquistam pequenos e adultos.</p>",,,,taxable,,1,,,0,0,,,,,0,,,,"Filmes/Séries, Infantil","bingo, bluey, diversão, encontro com personagens, evento temático, festa infantil., personagens interativos, personagens kids, série infantil, show infantil",,"https://mantoproducoes.com.br/wp-content/uploads/2025/08/12-scaled.png, https://mantoproducoes.com.br/wp-content/uploads/2025/08/13-scaled.png, https://mantoproducoes.com.br/wp-content/uploads/2025/08/7-scaled.png, https://mantoproducoes.com.br/wp-content/uploads/2025/08/6-scaled.png, https://mantoproducoes.com.br/wp-content/uploads/2025/08/3-scaled.png, https://mantoproducoes.com.br/wp-content/uploads/2025/08/2-scaled.png",,,,,,,,,0,,0,default,default,default,default,default,,470,1,373,set,60
6212,simple,,,"Caveiras Mexicanas",1,0,visible,"<p class=""p1"">O <span class=""s1""><b>Casal Caveiras Mexicanas</b></span> traz todo o encanto e simbolismo do <span class=""s1""><b>Día de los Muertos</b></span>, com figurinos vibrantes, ricos em detalhes, maquiagem artística impecável e presença cênica impactante. Perfeitos para eventos temáticos, sociais, festas de Halloween e apresentações culturais, esse casal é uma verdadeira celebração da vida e da memória, unindo <span class=""s1""><b>misticismo, beleza e tradição mexicana</b></span> em uma performance inesquecível.</p>",,,,taxable,,1,,,0,0,,,,,0,,,,"Casais, Halloween","casal temático, caveiras mexicanas, celebração da vida, dia de los muertos, evento cultural, festa temática, folclore mexicano, halloween, maquiagem artística, personagens elegantes",,"https://mantoproducoes.com.br/wp-content/uploads/2025/09/Casal-Mexicano-05-scaled.jpg, https://mantoproducoes.com.br/wp-content/uploads/2025/09/Casal-Mexicano-09-scaled.jpg, https://mantoproducoes.com.br/wp-content/uploads/2025/09/Casal-Mexicano-19-scaled.jpg, https://mantoproducoes.com.br/wp-content/uploads/2025/09/Casal-Mexicano-12-scaled.jpg, https://mantoproducoes.com.br/wp-content/uploads/2025/09/Casal-Mexicano-17-scaled.jpg",,,,,,,,,0,,0,default,default,default,default,default,,471,1,96,set,60
6219,simple,,,"Eiffel Tower Drinks",1,0,visible,"<p class=""p1"">Personagem inspirado na elegância parisiense, representando a icônica Torre Eiffel com um toque de sofisticação moderna. Seu corpo tem o formato estilizado da torre com iluminação interna, detalhes metálicos reluzentes e uma bandeja em mãos onde serve drinks cintilantes e coloridos (não alcoólicos ou temáticos, dependendo do evento). É alto, fino e imponente, com movimentos graciosos e postura de gala, perfeito para eventos glamorosos. Ideal para recepção de convidados, ativações ou estações de bebida com performance interativa.</p>",,,,taxable,,1,,,0,0,,,,,0,,,,"15 Anos, Balada, Social","ativações especiais, bartender, coquetel, drinks, evento chique, glamouroso, iluminado, luxo, paris, performance, personagem elegante, recepção, torre eiffel, torre humanizada",,"https://mantoproducoes.com.br/wp-content/uploads/2025/09/Captura-de-Tela-2025-09-04-as-12.45.42.png, https://mantoproducoes.com.br/wp-content/uploads/2025/09/Captura-de-Tela-2025-09-04-as-12.45.41.png, https://mantoproducoes.com.br/wp-content/uploads/2025/09/Captura-de-Tela-2025-09-04-as-12.45.37.png, https://mantoproducoes.com.br/wp-content/uploads/2025/09/Captura-de-Tela-2025-09-04-as-12.45.38.png, https://mantoproducoes.com.br/wp-content/uploads/2025/09/Captura-de-Tela-2025-09-04-as-12.45.39.png",,,,,,,,,0,,0,default,default,default,default,default,,1264,1,334,set,60
6225,simple,,,"Peppa Pig",1,0,visible,"<p class=""p1"">Uma família fofa de porquinhos em aventuras cotidianas. Peppa é curiosa, adora brincar na lama e viver momentos simples com o irmão George, Mamãe Pig e Papai Pig. Um clássico encantador para os pequenos.</p>",,,,taxable,,1,,,0,0,,,,,0,,,,"Filmes/Séries, Infantil","desenho animado, diversão, família, george, jardim da infância, lama, mundo rosa, peppa pig, personagens adorados., personagens fofos, personagens infantis, porquinhos",,"https://mantoproducoes.com.br/wp-content/uploads/2025/09/Captura-de-Tela-2025-09-04-as-12.49.41.png, https://mantoproducoes.com.br/wp-content/uploads/2025/09/Captura-de-Tela-2025-09-04-as-12.49.33.png",,,,,,,,,0,,0,default,default,default,default,default,,1329,1,168,set,60
6228,simple,,,"Rainbow Ray",1,0,visible,"<p class=""p1"">Com visual futurista e uma estética de outro mundo, Rainbow Ray é um espetáculo de cor, energia e sincronia. Os personagens vestem macacões neon em rosa, verde e amarelo com corpetes metálicos holográficos e estruturas radiantes que se projetam da cabeça e ombros — como se canalizassem energia cósmica. Essa formação vibrante remete a raios de luz, explosões solares e discos intergalácticos, criando uma performance visualmente impactante, perfeita para eventos noturnos, palcos iluminados e ativações com estética ousada e performática.</p>",,,,taxable,,1,,,0,0,,,,,0,,,,"15 Anos, Animadores de Pista, Balada, Social","artistas performáticos, ativação artística., espetáculo de luz, fantasia sci-fi, figurino conceitual, futurista, holográfico, intergaláctico, looks vibrantes, moda futurista, neon, performance visual, personagens cósmicos, rainbow ray",,"https://mantoproducoes.com.br/wp-content/uploads/2025/09/Captura-de-Tela-2025-09-04-as-12.51.33.png, https://mantoproducoes.com.br/wp-content/uploads/2025/09/Captura-de-Tela-2025-09-04-as-12.51.23.png, https://mantoproducoes.com.br/wp-content/uploads/2025/09/Captura-de-Tela-2025-09-04-as-12.51.28.png, https://mantoproducoes.com.br/wp-content/uploads/2025/09/Captura-de-Tela-2025-09-04-as-12.51.35.png, https://mantoproducoes.com.br/wp-content/uploads/2025/09/Captura-de-Tela-2025-09-04-as-12.51.37.png, https://mantoproducoes.com.br/wp-content/uploads/2025/09/Captura-de-Tela-2025-09-04-as-12.51.41.png, https://mantoproducoes.com.br/wp-content/uploads/2025/09/Captura-de-Tela-2025-09-04-as-12.51.58.png",,,,,,,,,0,,0,default,default,default,default,default,,1264,1,187,set,60
6236,simple,,,Lalaloopsy,1,0,visible,"<p class=""p1"">Um universo encantado onde bonecas de pano ganham vida após serem costuradas, cada uma com uma personalidade única e visual costurado com criatividade. As personagens Lalaloopsy são adoráveis, vibrantes e cheias de detalhes lúdicos: cabelos coloridos, vestidos volumosos, botões como olhos e expressões doces. Esse tema é perfeito para festas mágicas, apresentações infantis e ativações que misturam fofura, moda e fantasia. Um desfile ou interação com essas personagens é como abrir um baú de brinquedos costurados com amor.</p>",,,,taxable,,1,,,0,0,,,,,0,,,,Infantil,"bonecas mágicas, botões, colorido, encantado, fantasia criativa, fofura, lalaloopsy, mundo mágico., personagens infantis, show para crianças, tema de bonecas, universo costurado, vestido rodado, visual lúdico",,"https://mantoproducoes.com.br/wp-content/uploads/2025/09/Captura-de-Tela-2025-09-04-as-12.56.28.png, https://mantoproducoes.com.br/wp-content/uploads/2025/09/Captura-de-Tela-2025-09-04-as-12.56.24.png, https://mantoproducoes.com.br/wp-content/uploads/2025/09/Captura-de-Tela-2025-09-04-as-12.56.18.png, https://mantoproducoes.com.br/wp-content/uploads/2025/09/Captura-de-Tela-2025-09-04-as-12.56.22.png",,,,,,,,,0,,0,default,default,default,default,default,,1329,1,118,set,60
6241,simple,,,"Florista e Baloeiro",1,0,visible,"<p class=""p1"">Dois personagens encantadores que parecem saídos de um conto romântico. A Florista espalha beleza por onde passa, com um vestido florido e delicado, e uma cestinha repleta de flores mágicas. Já o Baloeiro é divertido, flutua entre as nuvens com seus balões coloridos e entrega alegria no ar. Juntos, formam uma dupla lúdica e visualmente poética, perfeita para eventos românticos, primaveris ou que buscam um toque de encanto sonhador.</p>",,,,taxable,,1,,,0,0,,,,,0,,,,"Corporativos, Social","baloeiro, balões, casal lúdico, encantado, eventos poéticos, flores, florista, mágico, personagens fofos, primavera, romântico",,"https://mantoproducoes.com.br/wp-content/uploads/2025/09/Captura-de-Tela-2025-09-04-as-12.57.31.png, https://mantoproducoes.com.br/wp-content/uploads/2025/09/Captura-de-Tela-2025-09-04-as-12.57.32.png, https://mantoproducoes.com.br/wp-content/uploads/2025/09/Captura-de-Tela-2025-09-04-as-12.57.34.png, https://mantoproducoes.com.br/wp-content/uploads/2025/09/Captura-de-Tela-2025-09-04-as-12.57.35.png, https://mantoproducoes.com.br/wp-content/uploads/2025/09/Captura-de-Tela-2025-09-04-as-12.57.37.png, https://mantoproducoes.com.br/wp-content/uploads/2025/09/Captura-de-Tela-2025-09-04-as-12.57.38.png, https://mantoproducoes.com.br/wp-content/uploads/2025/09/Captura-de-Tela-2025-09-04-as-12.57.41.png",,,,,,,,,0,,0,default,default,default,default,default,,1263,1,184,set,60
6249,simple,,,"DJ Marshmello",1,0,visible,"<p class=""p1"">Personagem futurista e misterioso, DJ Marshmello conquista o público com seu capacete branco em forma de marshmallow e um visual totalmente eletrônico. Seu estilo remete às pistas de dança, com roupas iluminadas por LED e um comportamento sempre empolgado, pronto para transformar qualquer ambiente em uma festa. Ideal para eventos musicais, baladas e festas teens.</p>",,,,taxable,,1,,,0,0,,,,,0,,,,"Animadores de Pista, Balada","animado, balada, branco, capacete, dj, eletrônico, festa, LED, luzes, marshmello, música, neon, pista, pop, teen",,"https://mantoproducoes.com.br/wp-content/uploads/2025/09/Captura-de-Tela-2025-09-04-as-12.59.33.png, https://mantoproducoes.com.br/wp-content/uploads/2025/09/Captura-de-Tela-2025-09-04-as-12.59.38.png",,,,,,,,,0,,0,default,default,default,default,default,,1264,1,162,set,60
6252,simple,,,"Monstros SA",1,0,visible,"<p class=""p1"">Um clássico amado pelas crianças, <i>Monstros S.A.</i> apresenta um universo onde monstros trabalham numa fábrica que coleta gritos de crianças para gerar energia. Os personagens principais, Sulley e Mike Wazowski, são carismáticos e divertidos, e a história promove valores como amizade, coragem e empatia. Perfeito para apresentações infantis com fantasia, humor e emoção, esse tema encanta tanto meninos quanto meninas. Os figurinos podem variar entre pelúcias e estruturas de personagens gigantes, ideais para interações marcantes.</p>",,,,taxable,,1,,,0,0,,,,,0,,,,"Filmes/Séries, Infantil","apresentação temática, boo, disney, espetáculo infantil, fantasia infantil, infantil, mike wazowski, monstros fofos, monstros s.a., monstros sa, personagens gigantes, pixar, show interativo, show para crianças, sulley, teatro infantil",,"https://mantoproducoes.com.br/wp-content/uploads/2025/09/MONSTROSSA-28-scaled.jpg, https://mantoproducoes.com.br/wp-content/uploads/2025/09/MONSTROSSA-42-scaled.jpg, https://mantoproducoes.com.br/wp-content/uploads/2025/09/MONSTROSSA-39-scaled.jpg, https://mantoproducoes.com.br/wp-content/uploads/2025/09/MONSTROSSA-33-scaled.jpg, https://mantoproducoes.com.br/wp-content/uploads/2025/09/MONSTROSSA-32-scaled.jpg, https://mantoproducoes.com.br/wp-content/uploads/2025/09/MONSTROSSA-19-scaled.jpg, https://mantoproducoes.com.br/wp-content/uploads/2025/09/MONSTROSSA-18-scaled.jpg, https://mantoproducoes.com.br/wp-content/uploads/2025/09/MONSTROSSA-13-scaled.jpg, https://mantoproducoes.com.br/wp-content/uploads/2025/09/MONSTROSSA-09-scaled.jpg",,,,,,,,,0,,0,default,default,default,default,default,,1329,1,254,set,60
6262,simple,,,Wish,1,0,visible,"<p class=""p1"">Uma personagem encantadora inspirada no filme “Wish”, da Disney, que mistura o clássico conto de fadas com um estilo visual moderno e mágico. Com traços delicados e figurino brilhante, ela traz a atmosfera do Reino de Rosas, representando a esperança, o desejo e a magia das estrelas. Ideal para eventos infantis e apresentações encantadoras.</p>",,,,taxable,,1,,,0,0,,,,,0,,,,Filmes/Séries,"disney, espetáculo infantil, estrela, estrela cadente, evento infantil, figurino brilhante., personagem encantadora, personagem mágica, princesa Asha, Reino de Rosas, show mágico, Wish",,"https://mantoproducoes.com.br/wp-content/uploads/2025/09/DSC00485-scaled.jpg, https://mantoproducoes.com.br/wp-content/uploads/2025/09/DSC00485-scaled.jpg, https://mantoproducoes.com.br/wp-content/uploads/2025/09/DSC00742-scaled.jpg, https://mantoproducoes.com.br/wp-content/uploads/2025/09/DSC00613-scaled.jpg, https://mantoproducoes.com.br/wp-content/uploads/2025/09/DSC00603-scaled.jpg, https://mantoproducoes.com.br/wp-content/uploads/2025/09/DSC00509-scaled.jpg, https://mantoproducoes.com.br/wp-content/uploads/2025/09/DSC00760-scaled.jpg",,,,,,,,,0,,0,default,default,default,default,default,,470,1,79,set,60
6270,simple,,,"Fada Purple",1,0,visible,"<p class=""p1"">Uma fada mágica e misteriosa, envolta em tons roxos e lilases que brilham como estrelas. Com vestido cintilante e asas translúcidas, ela caminha espalhando purpurina e boas energias por onde passa. Ideal para festas encantadas e apresentações de fantasia, sua presença transforma qualquer evento em um conto de fadas moderno.</p>",,,,taxable,,1,,,0,0,,,,,0,,,,Fadas,"asas, brilho, contos de fadas, encantada, encantamento, encantamento roxo., evento mágico, fada, fantasia, mágica, personagem feminino, purple, purpurina, roxo, show infantil",,"https://mantoproducoes.com.br/wp-content/uploads/2025/09/Captura-de-Tela-2025-09-04-as-13.17.13.png, https://mantoproducoes.com.br/wp-content/uploads/2025/09/Captura-de-Tela-2025-09-04-as-13.17.04.png, https://mantoproducoes.com.br/wp-content/uploads/2025/09/Captura-de-Tela-2025-09-04-as-13.17.07.png, https://mantoproducoes.com.br/wp-content/uploads/2025/09/Captura-de-Tela-2025-09-04-as-13.17.10.png, https://mantoproducoes.com.br/wp-content/uploads/2025/09/Captura-de-Tela-2025-09-04-as-13.17.11.png",,,,,,,,,0,,0,default,default,default,default,default,,284,1,155,set,60
6276,simple,,,"Copeiras Malucas",1,0,visible,"<p class=""p1"">Duas copeiras atrapalhadas e super divertidas que transformam qualquer evento em uma comédia animada! Com um carrinho repleto de itens inusitados, elas interagem com o público com muita alegria, piadas bobas e brincadeiras hilárias. São perfeitas para recepções, festas corporativas e eventos infantis, levando gargalhadas e surpresas para todas as idades.</p>",,,,taxable,,1,,,0,0,,,,,0,,,,"Corporativos, Social","animação, atrapalhadas, comédia, copeiras, diversão, entretenimento interativo, evento corporativo, humor, jaleco colorido., personagens cômicas, personagens femininas, personagens para festas, recepção animada, show infantil",,"https://mantoproducoes.com.br/wp-content/uploads/2025/09/Captura-de-Tela-2025-09-04-as-14.13.19.png, https://mantoproducoes.com.br/wp-content/uploads/2025/09/Captura-de-Tela-2025-09-04-as-14.13.12.png, https://mantoproducoes.com.br/wp-content/uploads/2025/09/Captura-de-Tela-2025-09-04-as-14.13.13.png, https://mantoproducoes.com.br/wp-content/uploads/2025/09/Captura-de-Tela-2025-09-04-as-14.13.17.png, https://mantoproducoes.com.br/wp-content/uploads/2025/09/Captura-de-Tela-2025-09-04-as-14.13.22.png",,,,,,,,,0,,0,default,default,default,default,default,,1263,1,118,set,60
6282,simple,,,"Pac Man",1,0,visible,"<p class=""p1"">Direto dos fliperamas para o seu evento! O clássico personagem amarelo que adora comer bolinhas e fugir dos fantasmas chega com muita energia e nostalgia. Ideal para festas temáticas, eventos geek, aniversários ou ativações interativas. Com visual retrô e divertido, Pac-Man garante fotos incríveis e muita interação com o público, principalmente com os adultos que amam reviver os anos 80!</p>",,,,taxable,,1,,,0,0,,,,,0,,,,Jogos,"anos 80, cosplay, diversão, evento temático, festa adulta, festa geek, fliperama, jogos clássicos, mascote, nostalgia, pac-man, personagem animado, personagem interativo, personagem retrô",,"https://mantoproducoes.com.br/wp-content/uploads/2025/09/Captura-de-Tela-2025-09-04-as-14.15.49.png, https://mantoproducoes.com.br/wp-content/uploads/2025/09/Captura-de-Tela-2025-09-04-as-14.15.40.png, https://mantoproducoes.com.br/wp-content/uploads/2025/09/Captura-de-Tela-2025-09-04-as-14.15.43.png, https://mantoproducoes.com.br/wp-content/uploads/2025/09/Captura-de-Tela-2025-09-04-as-14.15.45.png, https://mantoproducoes.com.br/wp-content/uploads/2025/09/Captura-de-Tela-2025-09-04-as-14.15.47.png, https://mantoproducoes.com.br/wp-content/uploads/2025/09/Captura-de-Tela-2025-09-04-as-14.15.52.png",,,,,,,,,0,,0,default,default,default,default,default,,1416,1,157,set,60
6289,simple,,,"Dancers Parada Disney",1,0,visible,"<p class=""p1"">Com o brilho dos grandes desfiles da Disney, nossos Dancers Parada Disney trazem toda a magia, energia e encanto das coreografias que animam o público em frente aos castelos encantados. Perfeitos para entradas triunfais, interações com personagens, flash mobs e momentos especiais em eventos infantis, corporativos ou temáticos. Figurinos vibrantes, sorrisos contagiantes e movimentos coreografados tornam cada aparição um verdadeiro espetáculo.</p>",,,,taxable,,1,,,0,0,,,,,0,,,,"Performáticos, Turma Disney","bailarinos mágicos, coreografia animada, dança coreografada, dança encantada, disney parade, elenco temático., espetáculo temático, evento mágico, figurino colorido, flash mob, parada disney, personagens disney, show infantil",,"https://mantoproducoes.com.br/wp-content/uploads/2025/09/Captura-de-Tela-2025-09-04-as-14.17.59.png, https://mantoproducoes.com.br/wp-content/uploads/2025/09/Captura-de-Tela-2025-09-04-as-14.17.58.png, https://mantoproducoes.com.br/wp-content/uploads/2025/09/Captura-de-Tela-2025-09-04-as-14.17.52.png, https://mantoproducoes.com.br/wp-content/uploads/2025/09/Captura-de-Tela-2025-09-04-as-14.17.46.png",,,,,,,,,0,,0,default,default,default,default,default,,59,1,173,set,60
6294,simple,,,"Fadinhas Coloridas",1,0,visible,"<p class=""p1"">Encantadoras, mágicas e cheias de brilho! As Fadinhas Coloridas surgem em tons vibrantes como rosa, azul, verde e lilás, trazendo a doçura dos contos de fadas para eventos infantis, festas temáticas e paradas encantadas. Com asas cintilantes, varinhas mágicas e vestidos esvoaçantes, elas encantam crianças e adultos com simpatia, sorrisos e muita leveza. Ideais para interações, recepções e aparições mágicas que parecem ter saído direto de um livro de histórias.</p>",,,,taxable,,1,,,0,0,,,,,0,,,,Fadas,"desfile encantado, evento de contos de fadas, fadas coloridas, fadas da natureza, fadas infantis, fadinhas brilhantes, fantasia encantada, mundo mágico., personagens de festa, personagens mágicas, recepção mágica",,"https://mantoproducoes.com.br/wp-content/uploads/2025/09/fadinhascoloridas7.jpg, https://mantoproducoes.com.br/wp-content/uploads/2025/09/fadinhascoloridas1.jpg, https://mantoproducoes.com.br/wp-content/uploads/2025/09/fadinhascoloridas12.jpg, https://mantoproducoes.com.br/wp-content/uploads/2025/09/fadinhascoloridas11.jpg, https://mantoproducoes.com.br/wp-content/uploads/2025/09/fadinhascoloridas10.jpg, https://mantoproducoes.com.br/wp-content/uploads/2025/09/fadinhascoloridas9.jpg, https://mantoproducoes.com.br/wp-content/uploads/2025/09/fadinhascoloridas8.jpg, https://mantoproducoes.com.br/wp-content/uploads/2025/09/fadinhascoloridas7.jpg, https://mantoproducoes.com.br/wp-content/uploads/2025/09/fadinhascoloridas6.jpg, https://mantoproducoes.com.br/wp-content/uploads/2025/09/fadinhascoloridas5.jpg, https://mantoproducoes.com.br/wp-content/uploads/2025/09/fadinhascoloridas4.jpg, https://mantoproducoes.com.br/wp-content/uploads/2025/09/fadinhascoloridas3.jpg, https://mantoproducoes.com.br/wp-content/uploads/2025/09/fadinhascoloridas2.jpg",,,,,,,,,0,,0,default,default,default,default,default,,284,1,140,set,60
6309,simple,,,"PJ Masks",1,0,visible,"<p class=""p1"">Heróis noturnos com superpoderes únicos, os PJ Masks são personagens adorados pelas crianças. Com seus trajes coloridos e muita energia, Menino Gato, Corujita e Lagartixo vivem aventuras divertidas para proteger a cidade do mal — tudo isso enquanto todos dormem! Perfeitos para encontros temáticos cheios de ação e fantasia.</p>",,,,taxable,,1,,,0,0,,,,,0,,,,"Filmes/Séries, Infantil","animação, aventura, corujita, diversão, evento infantil, fantasias coloridas, festa temática, heróis noturnos, lagartixo, menino gato, personagens infantis, personagens vivos, pj masks, super-heróis",,"https://mantoproducoes.com.br/wp-content/uploads/2025/09/Captura-de-Tela-2025-09-04-as-15.48.58.png, https://mantoproducoes.com.br/wp-content/uploads/2025/09/PJMasks-48.jpg, https://mantoproducoes.com.br/wp-content/uploads/2025/09/Captura-de-Tela-2025-09-04-as-15.48.45.png, https://mantoproducoes.com.br/wp-content/uploads/2025/09/PJMasks-46-1.jpg",,,,,,,,,0,,0,default,default,default,default,default,,470,1,169,set,60
6317,simple,,,"Spidey - Homem-Aranha",1,0,visible,"<p class=""p1"">Spidey, o adorável Homem-Aranha em sua versão infantil, chega com muita ação, teias e bom humor! Ao lado de seus amigos Aranha-Fantasma e Miles Morales, ele vive aventuras empolgantes para proteger a cidade com coragem e amizade. Um personagem perfeito para eventos com temática de super-heróis voltados ao público infantil.</p>",,,,taxable,,1,,,0,0,,,,,0,,,,Heróis,"ação, aranha-fantasma, aventura infantil, evento temático, festa infantil., herói mirim, homem-aranha infantil, marvel kids, miles morales, personagem animado, personagens vivos, show infantil, spidey, super-herói, teia de aranha",,"https://mantoproducoes.com.br/wp-content/uploads/2025/09/WhatsApp-Image-2026-02-08-at-13.17.22-e1771422510334.jpeg, https://mantoproducoes.com.br/wp-content/uploads/2025/09/WhatsApp-Image-2026-02-08-at-13.17.27.jpeg, https://mantoproducoes.com.br/wp-content/uploads/2025/09/WhatsApp-Image-2026-02-08-at-13.17.22-e1771422510334.jpeg, https://mantoproducoes.com.br/wp-content/uploads/2025/09/WhatsApp-Image-2026-02-08-at-13.17.26.jpeg, https://mantoproducoes.com.br/wp-content/uploads/2025/09/HomemAranha-05-scaled.jpg, https://mantoproducoes.com.br/wp-content/uploads/2025/09/HomemAranha-04-scaled.jpg, https://mantoproducoes.com.br/wp-content/uploads/2025/09/HomemAranha-03-scaled.jpg, https://mantoproducoes.com.br/wp-content/uploads/2025/09/HomemAranha-02-scaled.jpg, https://mantoproducoes.com.br/wp-content/uploads/2025/09/WhatsApp-Image-2026-02-08-at-13.28.30.jpeg, https://mantoproducoes.com.br/wp-content/uploads/2025/09/WhatsApp-Image-2026-02-08-at-13.17.30.jpeg",,,,,,,,,0,,0,default,default,default,default,default,,181,1,434,set,60
6323,simple,,,"Masha (Humanizada)",1,0,visible,"<p class=""p1"">Masha é uma garotinha encantadora e cheia de energia, agora em versão humanizada, ideal para interações lúdicas e apresentações animadas. Ela adora explorar, brincar e fazer novas amizades, sempre com muita curiosidade e carisma. Seu figurino traz tons vibrantes e detalhes fiéis ao visual clássico da personagem, adaptados para uma versão realista e mágica que encanta crianças e adultos.</p>",,,,taxable,,1,,,0,0,,,,,0,,,,"Filmes/Séries, Infantil","animação russa, eventos para crianças, fantasia infantil, festa infantil., Masha, Masha e o Urso, personagem carismática, personagem humanizada, recreação, show infantil",,"https://mantoproducoes.com.br/wp-content/uploads/2025/09/Captura-de-Tela-2025-09-04-as-15.59.48.png, https://mantoproducoes.com.br/wp-content/uploads/2025/09/Captura-de-Tela-2025-09-04-as-15.59.55.png, https://mantoproducoes.com.br/wp-content/uploads/2025/09/Captura-de-Tela-2025-09-04-as-15.59.47.png, https://mantoproducoes.com.br/wp-content/uploads/2025/09/Captura-de-Tela-2025-09-04-as-15.59.50.png, https://mantoproducoes.com.br/wp-content/uploads/2025/09/Captura-de-Tela-2025-09-04-as-15.59.52.png",,,,,,,,,0,,0,default,default,default,default,default,,470,1,103,set,60
6329,simple,,,"Masha e o Urso",1,0,visible,"<p class=""p1"">Masha é uma menina curiosa, divertida e cheia de energia, sempre acompanhada pelo seu amigo Urso, que tenta manter a calma e protegê-la das confusões. Na versão com bonecos, os personagens ganham vida com trajes fiéis ao desenho, encantando o público infantil com interações afetuosas e cenas engraçadas. A presença dos dois juntos garante fotos encantadoras e momentos inesquecíveis para as crianças.</p>",,,,taxable,,1,,,0,0,,,,,0,,,,"Filmes/Séries, Infantil","desenho animado, encantamento, entretenimento infantil, fantasia viva, interação com crianças, Masha e o Urso, personagem masha, personagem urso, personagens infantis, show infantil",,"https://mantoproducoes.com.br/wp-content/uploads/2025/09/Captura-de-Tela-2025-09-04-as-16.01.42.png, https://mantoproducoes.com.br/wp-content/uploads/2025/09/Captura-de-Tela-2025-09-04-as-16.01.32.png, https://mantoproducoes.com.br/wp-content/uploads/2025/09/Captura-de-Tela-2025-09-04-as-16.01.34.png, https://mantoproducoes.com.br/wp-content/uploads/2025/09/Captura-de-Tela-2025-09-04-as-16.01.38.png, https://mantoproducoes.com.br/wp-content/uploads/2025/09/Captura-de-Tela-2025-09-04-as-16.01.40.png",,,,,,,,,0,,0,default,default,default,default,default,,470,1,144,set,60
6335,simple,,,"A Casa Mágica da Gabby",1,0,visible,"<p class=""p1"">Inspirada na famosa série infantil, A Casa Mágica da Gabby é um universo encantado onde tudo ganha vida com imaginação, amizade e muita fofura. Gabby é uma menina doce que, com a ajuda de sua tiara mágica, encolhe e entra em sua casa de bonecas para viver aventuras com seus amigos gatinhos encantados. Cada cômodo da casa reserva uma surpresa, com atividades criativas, poções mágicas e muita diversão para crianças de todas as idades.</p>",,,,taxable,,1,,,0,0,,,,,0,,,,"Filmes/Séries, Infantil","aventuras criativas, casa de bonecas, casa mágica da gabby, diversão para crianças, fantasia infantil, gabby e seus gatinhos, personagem encantada, série infantil, show infantil, universo mágico",,"https://mantoproducoes.com.br/wp-content/uploads/2025/09/Captura-de-Tela-2026-03-08-as-23.19.03.png, https://mantoproducoes.com.br/wp-content/uploads/2025/09/Captura-de-Tela-2025-09-04-as-16.03.19.png, https://mantoproducoes.com.br/wp-content/uploads/2025/09/Captura-de-Tela-2025-09-04-as-16.03.21.png, https://mantoproducoes.com.br/wp-content/uploads/2025/09/Captura-de-Tela-2025-09-04-as-16.03.26.png, https://mantoproducoes.com.br/wp-content/uploads/2025/09/Captura-de-Tela-2025-09-04-as-16.03.33.png",,,,,,,,,0,,0,default,default,default,default,default,,470,1,753,set,60
6341,simple,,,Aqualoucos,1,0,visible,"<p class=""p1"">Inspirados nos lendários nadadores acrobáticos brasileiros, os Aqualoucos são personagens que misturam diversão, ousadia e muito talento em performances molhadas e coloridas. Vestidos com roupas de banho extravagantes e acessórios divertidos, esses artistas malucos mergulham na imaginação do público com suas coreografias excêntricas, saltos performáticos e muito humor. Um verdadeiro espetáculo aquático que encanta crianças e adultos com sua energia contagiante.</p>",,,,taxable,,1,,,0,0,,,,,0,,,,"Fundo do Mar","acrobacias, aqualoucos, entretenimento criativo, espetáculo molhado, fantasia aquática, figurino colorido, humor infantil, nadadores malucos, personagens divertidos, show aquático",,"https://mantoproducoes.com.br/wp-content/uploads/2025/09/Captura-de-Tela-2025-09-04-as-16.05.37.png, https://mantoproducoes.com.br/wp-content/uploads/2025/09/Captura-de-Tela-2025-09-04-as-16.05.28.png, https://mantoproducoes.com.br/wp-content/uploads/2025/09/Captura-de-Tela-2025-09-04-as-16.05.27.png",,,,,,,,,0,,0,default,default,default,default,default,,724,1,176,set,60
6345,simple,,,"Casal Gelo e Fogo",1,0,visible,"<p class=""p1"">Dois elementos opostos que se completam em um espetáculo visual e encantador. O Casal Gelo e Fogo une o brilho gélido de um personagem elegante e cristalino com a intensidade ardente de um parceiro vibrante e flamejante. Juntos, eles dançam, encantam e representam a união perfeita entre extremos, com figurinos contrastantes, efeitos de luzes e movimentos sincronizados que remetem à batalha e à harmonia dos elementos. Um casal para impactar qualquer evento com beleza e presença cênica.</p>",,,,taxable,,1,,,0,0,,,,,0,,,,"Casais, Corporativos, Social","apresentação cênica., casal gelo e fogo, dança temática, elementos opostos, espetáculo visual, fantasia, fogo, gelo, gelo e fogo, personagens contrastantes, personagens mágicos, show de impacto",,"https://mantoproducoes.com.br/wp-content/uploads/2025/09/Captura-de-Tela-2025-09-04-as-16.08.20.png, https://mantoproducoes.com.br/wp-content/uploads/2025/09/Captura-de-Tela-2025-09-04-as-16.08.28.png, https://mantoproducoes.com.br/wp-content/uploads/2025/09/Captura-de-Tela-2025-09-04-as-16.08.18.png, https://mantoproducoes.com.br/wp-content/uploads/2025/09/Captura-de-Tela-2025-09-04-as-16.08.21.png, https://mantoproducoes.com.br/wp-content/uploads/2025/09/Captura-de-Tela-2025-09-04-as-16.08.23.png, https://mantoproducoes.com.br/wp-content/uploads/2025/09/Captura-de-Tela-2025-09-04-as-16.08.26.png",,,,,,,,,0,,0,default,default,default,default,default,,1290,1,111,set,60
6352,simple,,,"King Kong",1,0,visible,"<p class=""p1"">O gigante mais lendário do cinema ganha vida em formato de personagem imponente e impactante! Com visual robusto, movimentos teatrais e uma presença que domina qualquer espaço, o King Kong é ideal para eventos que buscam um toque cinematográfico e selvagem. Pode surgir em meio à selva cenográfica, interagir com o público ou participar de grandes aberturas com sons de tambores e rugidos. Uma atração que impressiona adultos e crianças com sua força e personalidade icônica.</p>",,,,taxable,,1,,,0,0,,,,,0,,,,"Filmes/Séries, Gigantes","atração impactante, aventura, gorila, interação com o público, King Kong, lenda do cinema, monstro gigante, performance teatral, personagem cinematográfico, personagem gigante, personagem selvagem., selva",,"https://mantoproducoes.com.br/wp-content/uploads/2025/09/WhatsApp-Image-2025-09-04-at-16.17.07-3.jpeg, https://mantoproducoes.com.br/wp-content/uploads/2025/09/WhatsApp-Image-2025-09-04-at-16.17.07-5.jpeg, https://mantoproducoes.com.br/wp-content/uploads/2025/09/WhatsApp-Image-2025-09-04-at-16.17.07-4.jpeg, https://mantoproducoes.com.br/wp-content/uploads/2025/09/WhatsApp-Image-2025-09-04-at-16.17.07-2.jpeg, https://mantoproducoes.com.br/wp-content/uploads/2025/09/WhatsApp-Image-2025-09-04-at-16.17.07-1.jpeg, https://mantoproducoes.com.br/wp-content/uploads/2025/09/WhatsApp-Image-2025-09-04-at-16.17.07.jpeg",,,,,,,,,0,,0,default,default,default,default,default,,470,1,208,set,60
6363,simple,,,"Gray Illusion",1,0,visible,"<p class=""p1"">Personagens elegantes e misteriosos que parecem ter saído de um truque de mágica ou de uma dimensão paralela. Gray Illusion é envolto em tons prateados e cinzentos, com efeitos visuais que criam a ilusão de transparência, reflexo ou distorção óptica. Sua presença é silenciosa, enigmática e hipnótica, ideal para entradas performáticas, eventos sofisticados ou temáticas surreais. Um verdadeiro show de ilusão ambulante que impressiona pela estética refinada e intrigante.</p>",,,,taxable,,1,,,0,0,,,,,0,,,,"15 Anos, Corporativos, Social","conceito futurista, evento sofisticado, Gray Illusion, ilusão ótica, mágica, performer elegante, personagem misterioso, personagem prateado, show visual, surreal, traje cinza., visual espelhado",,"https://mantoproducoes.com.br/wp-content/uploads/2025/09/Captura-de-Tela-2025-09-04-as-16.19.09.png, https://mantoproducoes.com.br/wp-content/uploads/2025/09/Captura-de-Tela-2025-09-04-as-16.19.17.png, https://mantoproducoes.com.br/wp-content/uploads/2025/09/Captura-de-Tela-2025-09-04-as-16.19.04.png, https://mantoproducoes.com.br/wp-content/uploads/2025/09/Captura-de-Tela-2025-09-04-as-16.19.06.png",,,,,,,,,0,,0,default,default,default,default,default,,747,1,123,set,60
6368,simple,,,"La Casa de Papel",1,0,visible,"<p class=""p1"">Um grupo de ladrões mascarados liderado pelo enigmático Professor invade a Casa da Moeda da Espanha com um plano audacioso: realizar o maior assalto da história. Com trajes vermelhos e máscaras de Salvador Dalí, eles enfrentam desafios psicológicos, emocionais e estratégicos enquanto mantêm reféns e lidam com a pressão policial. Uma história eletrizante de resistência, inteligência e ideais.</p>",,,,taxable,,1,,,0,0,,,,,0,,,,"Animadores de Pista, Balada, Corporativos, Social","ação, assalto, casa da moeda, dalí, dinheiro, drama, la casa de papel, ladrões, netflix, personagens mascarados, professor, resistência, série espanhola, traje vermelho.",,"https://mantoproducoes.com.br/wp-content/uploads/2025/09/Captura-de-Tela-2025-09-04-as-16.20.48.png, https://mantoproducoes.com.br/wp-content/uploads/2025/09/Captura-de-Tela-2025-09-04-as-16.20.47.png, https://mantoproducoes.com.br/wp-content/uploads/2025/09/Captura-de-Tela-2025-09-04-as-16.20.58.png, https://mantoproducoes.com.br/wp-content/uploads/2025/09/Captura-de-Tela-2025-09-04-as-16.21.00.png",,,,,,,,,0,,0,default,default,default,default,default,,1474,1,271,set,60
6373,simple,,,NinjaGo,1,0,visible,"<p class=""p1"">Os lendários ninjas de Ninjago invadem o evento com suas habilidades elementares, acrobacias e trajes vibrantes! Com muita ação, energia e interação, essa atração é perfeita para encantar fãs da série e transformar qualquer ambiente em uma verdadeira aventura de mestre do Spinjitzu.</p>",,,,taxable,,1,,,0,0,,,,,0,,,,"Filmes/Séries, Infantil","ação, animação, aventura, cosplay, crianças, elementos, evento temático, heróis, infantil, lego, ninja, ninjago, personagens, show interativo",,"https://mantoproducoes.com.br/wp-content/uploads/2025/09/Captura-de-Tela-2025-09-04-as-16.23.00.png, https://mantoproducoes.com.br/wp-content/uploads/2025/09/Captura-de-Tela-2025-09-04-as-16.22.41.png, https://mantoproducoes.com.br/wp-content/uploads/2025/09/Captura-de-Tela-2025-09-04-as-16.22.48.png, https://mantoproducoes.com.br/wp-content/uploads/2025/09/Captura-de-Tela-2025-09-04-as-16.22.49.png, https://mantoproducoes.com.br/wp-content/uploads/2025/09/Captura-de-Tela-2025-09-04-as-16.22.51.png",,,,,,,,,0,,0,default,default,default,default,default,,470,1,154,set,60
6379,simple,,,Pocoyo,1,0,visible,"<p class=""p1"">O Pocoyo é um personagem encantador que vive em um mundo colorido e curioso, onde tudo é possível. Com sua roupinha azul, ele é curioso, divertido e está sempre aprendendo coisas novas ao lado de seus amigos: Pato, Elly e Loula. Ideal para eventos infantis, ele encanta crianças pequenas com suas danças, brincadeiras e sua linguagem simples e cativante. Um personagem que transmite amizade, descobertas e muita fofura!</p>",,,,taxable,,1,,,0,0,,,,,0,,,,"Filmes/Séries, Infantil","aprendizado brincando., desenho animado, elly, eventos kids, fantasia azul, festa temática, infantil, loula, mascote, pato, personagem fofo, personagem infantil, pocoyo, show infantil, turma do pocoyo, universo colorido",,"https://mantoproducoes.com.br/wp-content/uploads/2025/09/Captura-de-Tela-2025-09-04-as-16.24.18.png, https://mantoproducoes.com.br/wp-content/uploads/2025/09/Captura-de-Tela-2025-09-04-as-16.24.02.png, https://mantoproducoes.com.br/wp-content/uploads/2025/09/Captura-de-Tela-2025-09-04-as-16.24.07.png, https://mantoproducoes.com.br/wp-content/uploads/2025/09/Captura-de-Tela-2025-09-04-as-16.24.24.png",,,,,,,,,0,,0,default,default,default,default,default,,470,1,125,set,60
6384,simple,,,Indígenas,1,0,visible,,,,,taxable,,1,,,0,0,,,,,0,,,,"Sem categoria",,,"https://mantoproducoes.com.br/wp-content/uploads/2025/09/Captura-de-Tela-2025-09-04-as-16.25.36.png, https://mantoproducoes.com.br/wp-content/uploads/2025/09/Captura-de-Tela-2025-09-04-as-16.25.38.png, https://mantoproducoes.com.br/wp-content/uploads/2025/09/Captura-de-Tela-2025-09-04-as-16.25.42.png, https://mantoproducoes.com.br/wp-content/uploads/2025/09/Captura-de-Tela-2025-09-04-as-16.25.43.png, https://mantoproducoes.com.br/wp-content/uploads/2025/09/Captura-de-Tela-2025-09-04-as-16.25.46.png, https://mantoproducoes.com.br/wp-content/uploads/2025/09/Captura-de-Tela-2025-09-04-as-16.25.49.png",,,,,,,,,0,,0,default,default,default,default,default,,27,1,50,set,60
6391,simple,,,Fortnite,1,0,visible,"<p class=""p1"">Direto do universo gamer para o mundo real, os personagens de <i>Fortnite</i> chegam prontos para causar impacto! Com visuais ousados, coloridos e cheios de atitude, inspirados nas skins mais icônicas do jogo, esses personagens combinam tecnologia, dança, batalhas e muito estilo. Ideais para eventos cheios de energia e adrenalina, eles interagem com o público com emotes, coreografias e desafios, como se estivessem saídos direto do Battle Royale!</p>",,,,taxable,,1,,,0,0,,,,,0,,,,Jogos,"battle royale, cosplay, cultura pop, dança, emote, evento geek, fantasia gamer, fortnite, gamer, jogos, personagens de videogame, personagens interativos, skin, tecnologia, universo digital",,"https://mantoproducoes.com.br/wp-content/uploads/2025/09/Captura-de-Tela-2025-09-04-as-16.27.37.png, https://mantoproducoes.com.br/wp-content/uploads/2025/09/Captura-de-Tela-2025-09-04-as-16.27.46.png, https://mantoproducoes.com.br/wp-content/uploads/2025/09/Captura-de-Tela-2025-09-04-as-16.27.48.png",,,,,,,,,0,,0,default,default,default,default,default,,1416,1,148,set,60
6395,simple,,,"Bosque Encantado",1,0,visible,,,,,taxable,,1,,,0,0,,,,,0,,,,"Animais, Flores, Infantil, Jardim Mágico",,,"https://mantoproducoes.com.br/wp-content/uploads/2025/09/IMG_3575-scaled.jpg, https://mantoproducoes.com.br/wp-content/uploads/2025/09/IMG_3581-scaled.jpg, https://mantoproducoes.com.br/wp-content/uploads/2025/09/IMG_3571-scaled.jpg, https://mantoproducoes.com.br/wp-content/uploads/2025/09/IMG_3564-scaled.jpg, https://mantoproducoes.com.br/wp-content/uploads/2025/09/IMG_3559-scaled.jpg, https://mantoproducoes.com.br/wp-content/uploads/2025/09/IMG_3545-scaled.jpg",,,,,,,,,0,,0,default,default,default,default,default,,337,1,230,set,60
6402,simple,,,Grilos/Aquáticos,1,0,visible,"<p class=""p1"">Do universo da natureza mágica ao fundo do mar encantado, os personagens <i>Grilos</i> e <i>Aquáticos</i> trazem frescor, cores vibrantes e muita imaginação aos palcos e eventos. Os grilos são saltitantes, espertos e cheios de ritmo, ideais para performances animadas e com muita coreografia. Já os aquáticos deslizam com elegância como se dançassem sob as ondas — representando peixes, cavalos-marinhos, polvos e outros seres marinhos.</p>\n<p class=""p1"">Esses dois temas podem ser combinados em um espetáculo que mistura terra e água, floresta e oceano, criando uma fantasia única e sensorial.</p>",,,,taxable,,1,,,0,0,,,,,0,,,,"Animais, Humanizados, Jardim Mágico, Social","aquáticos, criaturas marinhas, espetáculo lúdico, evento temático, festa mágica, floresta, fundo do mar, grilos, insetos mágicos, musical infantil, natureza, personagens coloridos, personagens infantis, personagens saltitantes, seres do mar",,"https://mantoproducoes.com.br/wp-content/uploads/2025/09/Captura-de-Tela-2025-09-04-as-16.40.29.png, https://mantoproducoes.com.br/wp-content/uploads/2025/09/Captura-de-Tela-2025-09-04-as-16.40.18.png, https://mantoproducoes.com.br/wp-content/uploads/2025/09/Captura-de-Tela-2025-09-04-as-16.40.19.png, https://mantoproducoes.com.br/wp-content/uploads/2025/09/Captura-de-Tela-2025-09-04-as-16.40.21.png, https://mantoproducoes.com.br/wp-content/uploads/2025/09/Captura-de-Tela-2025-09-04-as-16.40.23.png, https://mantoproducoes.com.br/wp-content/uploads/2025/09/Captura-de-Tela-2025-09-04-as-16.40.24.png, https://mantoproducoes.com.br/wp-content/uploads/2025/09/Captura-de-Tela-2025-09-04-as-16.40.16.png",,,,,,,,,0,,0,default,default,default,default,default,,337,1,245,set,60
6410,simple,,,"A Casa Mágica da Gabby (Humanizada)",1,0,visible,"<p class=""p1"">Inspirada na personagem principal da série <i>A Casa Mágica da Gabby</i>, a versão humanizada de Gabby traz toda a doçura, criatividade e energia da personagem em forma de uma atriz real. Com roupas coloridas, tiara de orelhinhas e um sorriso encantador, Gabby ganha vida para encantar o público infantil em festas, eventos e apresentações.</p>\n<p class=""p1"">Essa adaptação é ideal para performances em que se deseja mais interação e expressão facial — mantendo a essência da personagem, mas com liberdade para cantar, dançar e se comunicar diretamente com o público.</p>",,,,taxable,,1,,,0,0,,,,,0,,,,"Filmes/Séries, Infantil","atriz caracterizada, casa mágica da gabby, evento lúdico, fantasia infantil, festa temática, gabby, gabby humanizada, interação com crianças, musical, personagem viva, show infantil, tiara de gatinha",,"https://mantoproducoes.com.br/wp-content/uploads/2025/09/Captura-de-Tela-2025-09-04-as-16.42.40.png, https://mantoproducoes.com.br/wp-content/uploads/2025/09/Captura-de-Tela-2025-09-04-as-16.42.23.png, https://mantoproducoes.com.br/wp-content/uploads/2025/09/Captura-de-Tela-2025-09-04-as-16.42.28.png, https://mantoproducoes.com.br/wp-content/uploads/2025/09/Captura-de-Tela-2025-09-04-as-16.42.37.png",,,,,,,,,0,,0,default,default,default,default,default,,470,1,578,set,60
6415,simple,,,"Lampião e Maria Bonita (Clássico)",1,0,visible,"<p class=""p1"">Inspirados no casal mais icônico do cangaço brasileiro, Lampião e Maria Bonita surgem como personagens históricos cheios de estilo, força e carisma. Essa dupla representa o sertão nordestino com trajes típicos, adornos regionais, chapéus de couro com estrelas e detalhes, além de acessórios que remetem ao Brasil do início do século XX.</p>\n<p class=""p1"">Ideais para eventos culturais, festas juninas, espetáculos temáticos e apresentações folclóricas, os personagens podem ser apresentados com música regional, cordel, danças nordestinas e falas marcantes que contam um pouco da história do cangaço — tudo com muito respeito e encantamento.</p>",,,,taxable,,1,,,0,0,,,,,0,,,,"Casais, Festa Junina","cangaço, casal do sertão, cultura popular, cultura regional., dança nordestina, festa junina, folclore brasileiro, lampião, maria bonita, nordeste, personagens históricos, sertão nordestino, traje típico",,"https://mantoproducoes.com.br/wp-content/uploads/2025/09/Captura-de-Tela-2025-09-04-as-16.43.46.png, https://mantoproducoes.com.br/wp-content/uploads/2025/09/Captura-de-Tela-2025-09-04-as-16.43.43.png",,,,,,,,,0,,0,default,default,default,default,default,,1243,1,103,set,60
6418,simple,,,Futuristas,1,0,visible,"<p class=""p1"">Prepare-se para um mergulho no tempo — direto para o futuro! Os personagens <span class=""s1""><b>Prateados Futuristas</b></span> chegam com visuais modernos, brilhantes e altamente tecnológicos, como se tivessem acabado de desembarcar de uma nave espacial. Com roupas metalizadas, detalhes em LED, óculos espelhados, armaduras estilizadas e adereços robóticos, eles causam impacto por onde passam.</p>\n<p class=""p1"">Esses personagens são perfeitos para eventos com temáticas de <span class=""s1""><b>tecnologia, inovação, espaço, universo, inteligência artificial ou festas glow/neon</b></span>. Eles podem dançar, interagir com o público, tirar fotos e até se apresentar com trilhas sonoras eletrônicas, dando um toque de espetáculo intergaláctico ao ambiente.</p>",,,,taxable,,1,,,0,0,,,,,0,,,,"Animadores de Pista, Corporativos, Social","balada tecnológica, ciborgues, festa do futuro, festa neon, futuristas, glow, LED, personagens espaciais, personagens metalizados, prateados, robôs, sci-fi., silver look, tecnologia, universo",,"https://mantoproducoes.com.br/wp-content/uploads/2025/09/Captura-de-Tela-2025-09-04-as-16.44.53.png, https://mantoproducoes.com.br/wp-content/uploads/2025/09/Captura-de-Tela-2025-09-04-as-16.44.40.png, https://mantoproducoes.com.br/wp-content/uploads/2025/09/Captura-de-Tela-2025-09-04-as-16.44.41.png, https://mantoproducoes.com.br/wp-content/uploads/2025/09/Captura-de-Tela-2025-09-04-as-16.44.44.png, https://mantoproducoes.com.br/wp-content/uploads/2025/09/Captura-de-Tela-2025-09-04-as-16.44.38.png",,,,,,,,,0,,0,default,default,default,default,default,,1474,1,168,set,60
6424,simple,,,Trolls,1,0,visible,"<p class=""p1"">Personagens vibrantes, com cabelos coloridos e cheios de glitter, que espalham alegria e música por onde passam. Os Trolls transformam qualquer evento em uma verdadeira festa, com coreografias animadas e muita interação com o público. Ideais para shows, recepções e aparições mágicas!</p>",,,,taxable,,1,,,0,0,,,,,0,,,,"Filmes/Séries, Infantil","alegria, cabelo colorido, diversão, energia positiva, fantasia, magia, personagens coloridos, personagens manto, show infantil, trolls, universo encantado",,"https://mantoproducoes.com.br/wp-content/uploads/2025/09/Captura-de-Tela-2025-09-04-as-16.46.43-e1777387160112.png, https://mantoproducoes.com.br/wp-content/uploads/2025/09/Captura-de-Tela-2025-09-04-as-16.46.48.png, https://mantoproducoes.com.br/wp-content/uploads/2025/09/Captura-de-Tela-2025-09-04-as-16.46.56.png, https://mantoproducoes.com.br/wp-content/uploads/2025/09/Captura-de-Tela-2025-09-04-as-16.46.58.png",,,,,,,,,0,,0,default,default,default,default,default,,470,1,256,set,60
6429,simple,,,"Saloon (Xerife e Can Can)",1,0,visible,"<p class=""p1"">Direto do velho oeste, o casal mais icônico do saloon chegou para dançar, patrulhar e encantar! O Xerife com seu jeito destemido e engraçado, e a Can Can com sua dança vibrante e figurino cheio de babados, criam juntos uma atmosfera cênica única. Perfeitos para interações cômicas, recepções e shows temáticos com muita música, faroeste e diversão!</p>",,,,taxable,,1,,,0,0,,,,,0,,,,"Corporativos, Festa Junina, Social","can can, dança animada, espetáculo, experiência mágica, figurino western, interação divertida, personagens cênicos, personagens temáticos, saloon, show manto, velho oeste, xerife",,"https://mantoproducoes.com.br/wp-content/uploads/2025/09/Captura-de-Tela-2025-09-04-as-16.51.30.png, https://mantoproducoes.com.br/wp-content/uploads/2025/09/Captura-de-Tela-2025-09-04-as-16.51.30.png, https://mantoproducoes.com.br/wp-content/uploads/2025/09/Captura-de-Tela-2025-09-04-as-16.51.22.png, https://mantoproducoes.com.br/wp-content/uploads/2025/09/Captura-de-Tela-2025-09-04-as-16.51.23.png, https://mantoproducoes.com.br/wp-content/uploads/2025/09/Captura-de-Tela-2025-09-04-as-16.51.25.png, https://mantoproducoes.com.br/wp-content/uploads/2025/09/Captura-de-Tela-2025-09-04-as-16.51.27.png, https://mantoproducoes.com.br/wp-content/uploads/2025/09/Captura-de-Tela-2025-09-04-as-16.51.28.png",,,,,,,,,0,,0,default,default,default,default,default,,291,1,159,set,60
6437,simple,,,Divertidamente,1,0,visible,"<p class=""p1"">Direto da mente da Riley, nossos personagens ganham vida no palco com interpretações cheias de emoção, cor e diversão! Alegria, Tristeza, Raiva, Nojinho e Medo formam uma trupe carismática que canta, dança e envolve o público com músicas inéditas e mensagens emocionantes. Perfeito para espetáculos interativos, recepções temáticas e eventos que querem misturar fantasia, emoção e muita energia!</p>",,,,taxable,,1,,,0,0,,,,,0,,,,"Filmes/Séries, Infantil","alegria, divertidamente, emoções, espetáculo mágico, experiência sensorial, medo, musical infantil, nojinho, personagens coloridos, personagens da mente, personagens vivos, raiva, show manto, teatro interativo, tristeza",,"https://mantoproducoes.com.br/wp-content/uploads/2025/09/Votorantim-Divertidamente-089-scaled.jpg, https://mantoproducoes.com.br/wp-content/uploads/2025/09/1-scaled.png, https://mantoproducoes.com.br/wp-content/uploads/2025/09/5.png, https://mantoproducoes.com.br/wp-content/uploads/2025/09/17-scaled.png, https://mantoproducoes.com.br/wp-content/uploads/2025/09/19-scaled.png, https://mantoproducoes.com.br/wp-content/uploads/2025/09/14-scaled.png, https://mantoproducoes.com.br/wp-content/uploads/2025/09/13-scaled.png, https://mantoproducoes.com.br/wp-content/uploads/2025/09/9-scaled.png, https://mantoproducoes.com.br/wp-content/uploads/2025/09/8-scaled.png",,,,,,,,,0,,0,default,default,default,default,default,,470,1,170,set,60
6443,simple,,,"Miles Morales",1,0,visible,"<p class=""p1"">Nosso herói chega com estilo direto do multiverso! Com muito carisma, coragem e movimentos ágeis, Miles Morales encanta todas as crianças com seu jeito único de ser o Homem-Aranha. Uma atração cheia de ação, música e magia para todos se sentirem super-heróis por um dia! 🕸️🕷️</p>",,,,taxable,,1,,,0,0,,,,,0,,,,"Filmes/Séries, Heróis","aventura, diversão em família, espetáculo ao vivo, evento temático, heróis, homem-aranha, magia, manto show, multiverso, personagens manto, super-herói, universo infantil.",,"https://mantoproducoes.com.br/wp-content/uploads/2025/09/Captura-de-Tela-2025-09-04-as-17.00.19.png, https://mantoproducoes.com.br/wp-content/uploads/2025/09/Captura-de-Tela-2025-09-04-as-17.00.13.png, https://mantoproducoes.com.br/wp-content/uploads/2025/09/Captura-de-Tela-2025-09-04-as-17.00.14.png, https://mantoproducoes.com.br/wp-content/uploads/2025/09/Captura-de-Tela-2025-09-04-as-17.00.17.png",,,,,,,,,0,,0,default,default,default,default,default,,181,1,237,set,60
6458,simple,,,Piratas,1,0,visible,"<p class=""p1"">⚔️ Embarque numa jornada pelos sete mares com nossos Piratas destemidos! Cheios de atitude, ganchos, chapéus e histórias de tesouros escondidos, eles invadem o evento com carisma e animação. Prepare-se para aventuras incríveis com esses personagens que fazem o público rir, cantar e imaginar.</p>",,,,taxable,,1,,,0,0,,,,,0,,,,Social,"animação, aventura, entretenimento, espetáculo, fantasia, figurino, mágico, manto, mar, personagens, piratas, show, teatro, tesouro",,"https://mantoproducoes.com.br/wp-content/uploads/2025/09/Captura-de-Tela-2025-09-04-as-17.02.07.png, https://mantoproducoes.com.br/wp-content/uploads/2025/09/Captura-de-Tela-2025-09-04-as-17.01.59.png, https://mantoproducoes.com.br/wp-content/uploads/2025/09/Captura-de-Tela-2025-09-04-as-17.02.13.png, https://mantoproducoes.com.br/wp-content/uploads/2025/09/Captura-de-Tela-2025-09-04-as-17.02.17.png",,,,,,,,,0,,0,default,default,default,default,default,,1263,1,194,set,60
6463,simple,,,Ratatouille,1,0,visible,"<p class=""p1"">👨‍🍳🐭 Direto das cozinhas de Paris, nossos personagens inspirados em <i>Ratatouille</i> encantam com carisma e criatividade! Com o pequeno chef Remy, tudo vira uma experiência saborosa, divertida e cheia de surpresas. Ideal para eventos mágicos onde a imaginação e a gastronomia se misturam em uma história inesquecível.</p>",,,,taxable,,1,,,0,0,,,,,0,,,,"Filmes/Séries, Infantil","animação, chef, cozinha, diversão, espetáculo, evento temático, magia, manto, paris, personagens, ratatouille, remy, teatro",,"https://mantoproducoes.com.br/wp-content/uploads/2025/09/d7208190-9a80-4088-a709-8d1e13443849.jpg, https://mantoproducoes.com.br/wp-content/uploads/2025/09/e9893499-d565-4ab0-8ca5-12d383c52677.jpg, https://mantoproducoes.com.br/wp-content/uploads/2025/09/c688369f-8ef8-4272-9cee-d8297313cf0a.jpg, https://mantoproducoes.com.br/wp-content/uploads/2025/09/5e1869b8-114a-4460-8cbb-e4b46a73313b.jpg, https://mantoproducoes.com.br/wp-content/uploads/2025/09/77abf9f7-1592-440e-b02d-a09d4655152e.jpg, https://mantoproducoes.com.br/wp-content/uploads/2025/09/2d22a359-335f-4ac7-8079-75b405953b12.jpg, https://mantoproducoes.com.br/wp-content/uploads/2025/09/e9a9edfc-2a27-462e-8919-ca6beb62e5ea-scaled.jpg",,,,,,,,,0,,0,default,default,default,default,default,,470,1,179,set,60
6471,simple,,,"80's Neon",1,0,visible,"<p class=""p1"">🌈 Uma explosão de cores, brilhos e batidas! Direto da década mais ousada de todas, nossos personagens NEON trazem a vibe retrô dos anos 80 com muito glitter, dança e atitude. Figurinos vibrantes, maquiagem marcante e uma energia contagiante para transformar qualquer evento em uma pista iluminada de nostalgia e diversão.</p>",,,,taxable,,1,,,0,0,,,,,0,,,,"Animadores de Pista, Balada, Corporativos, Social","anos 80, brilho, coloridos, dançantes, espetáculo, festa, luzes, manto, neon, nostalgia, personagens, retrô, vibes",,"https://mantoproducoes.com.br/wp-content/uploads/2025/09/Captura-de-Tela-2025-09-04-as-17.10.29.png, https://mantoproducoes.com.br/wp-content/uploads/2025/09/Captura-de-Tela-2025-09-04-as-17.09.23.png, https://mantoproducoes.com.br/wp-content/uploads/2025/09/Captura-de-Tela-2025-09-04-as-17.10.22.png, https://mantoproducoes.com.br/wp-content/uploads/2025/09/Captura-de-Tela-2025-09-04-as-17.10.23.png, https://mantoproducoes.com.br/wp-content/uploads/2025/09/Captura-de-Tela-2025-09-04-as-17.10.25.png, https://mantoproducoes.com.br/wp-content/uploads/2025/09/Captura-de-Tela-2025-09-04-as-17.10.26.png",,,,,,,,,0,,0,default,default,default,default,default,,1474,1,296,set,60
6478,simple,,,"Sítio do Pica-Pau Amarelo",1,0,visible,"<p class=""p1"">🌻 Direto das páginas encantadas de Monteiro Lobato, o Sítio ganha vida com personagens que marcaram gerações! Emília, Narizinho, Visconde e companhia transformam qualquer evento em uma aventura brasileira cheia de fantasia, sabedoria e magia. É como abrir um livro e ser transportado para o coração do sítio mais amado do Brasil!</p>",,,,taxable,,1,,,0,0,,,,,0,,,,"Filmes/Séries, Infantil","brasilidade, emília, encantamento, fantasia, folclore, infância, literatura, magia, manto, personagens, sítio do picapau amarelo, visconde",,"https://mantoproducoes.com.br/wp-content/uploads/2025/09/Captura-de-Tela-2025-09-04-as-17.13.52.png, https://mantoproducoes.com.br/wp-content/uploads/2025/09/Captura-de-Tela-2025-09-04-as-17.13.45.png, https://mantoproducoes.com.br/wp-content/uploads/2025/09/Captura-de-Tela-2025-09-04-as-17.13.58.png, https://mantoproducoes.com.br/wp-content/uploads/2025/09/Captura-de-Tela-2025-09-04-as-17.14.03.png, https://mantoproducoes.com.br/wp-content/uploads/2025/09/Captura-de-Tela-2025-09-04-as-17.14.09.png, https://mantoproducoes.com.br/wp-content/uploads/2025/09/Captura-de-Tela-2025-09-04-as-17.14.12.png",,,,,,,,,0,,0,default,default,default,default,default,,470,1,137,set,60
6485,simple,,,"Casal Terra e Ar",1,0,visible,"<p class=""p1"">🍃 Um casal místico que representa os elementos da natureza! Ela flutua com a leveza dos ventos, enquanto ele se conecta com a força firme da terra. Juntos, formam uma dupla encantadora que transmite equilíbrio, magia e conexão com o mundo natural. Ideal para aparições etéreas, intervenções poéticas e momentos visualmente arrebatadores.</p>",,,,taxable,,1,,,0,0,,,,,0,,,,"Casais, Corporativos, Performáticos, Social","casal terra e ar, elementos, encantamento, equilíbrio, magia, manto, místico, natureza, personagens, terra, vento",,"https://mantoproducoes.com.br/wp-content/uploads/2025/09/Captura-de-Tela-2025-09-04-as-17.19.40.png, https://mantoproducoes.com.br/wp-content/uploads/2025/09/Captura-de-Tela-2025-09-04-as-17.19.29.png, https://mantoproducoes.com.br/wp-content/uploads/2025/09/Captura-de-Tela-2025-09-04-as-17.19.33.png, https://mantoproducoes.com.br/wp-content/uploads/2025/09/Captura-de-Tela-2025-09-04-as-17.19.38.png, https://mantoproducoes.com.br/wp-content/uploads/2025/09/Captura-de-Tela-2025-09-04-as-17.19.42.png, https://mantoproducoes.com.br/wp-content/uploads/2025/09/Captura-de-Tela-2025-09-04-as-17.19.45.png, https://mantoproducoes.com.br/wp-content/uploads/2025/09/Captura-de-Tela-2025-09-04-as-17.19.46.png",,,,,,,,,0,,0,default,default,default,default,default,,1290,1,114,set,60
6493,simple,,,"Marilyn Monroe",1,0,visible,"<p class=""p1"">Com seu charme eterno e brilho incomparável, Marilyn encanta todas as gerações. Um ícone de elegância e glamour, perfeita para aparições sofisticadas, festas temáticas e experiências inesquecíveis.</p>",,,,taxable,,1,,,0,0,,,,,0,,,,"Personalidades, Social","charme, diva, espetáculo, festa temática, glamour, hollywood, ícone, inesquecível, magia, manto, personagem clássico, vintage",,"https://mantoproducoes.com.br/wp-content/uploads/2025/09/Captura-de-Tela-2025-09-04-as-17.21.37.png, https://mantoproducoes.com.br/wp-content/uploads/2025/09/Captura-de-Tela-2025-09-04-as-17.21.32.png, https://mantoproducoes.com.br/wp-content/uploads/2025/09/Captura-de-Tela-2025-09-04-as-17.21.35.png, https://mantoproducoes.com.br/wp-content/uploads/2025/09/Captura-de-Tela-2025-09-04-as-17.21.43.png",,,,,,,,,0,,0,default,default,default,default,default,,1443,1,140,set,60
6498,simple,,,Inglaterra,1,0,visible,"<p class=""p1"">Com seu estilo clássico e aristocrático, a Inglaterra inspira histórias de realeza, mistério e tradição. Ideal para eventos com temática europeia, contos antigos ou celebrações com atmosfera nobre e mágica.</p>",,,,taxable,,1,,,0,0,,,,,0,,,,"Sem categoria","charme britânico, clássico, contos de fadas, encanto, europa, evento temático, manto, nobreza, personagens mágicos, realeza, temática europeia, tradição",,"https://mantoproducoes.com.br/wp-content/uploads/2025/09/Captura-de-Tela-2025-09-04-as-17.23.10.png, https://mantoproducoes.com.br/wp-content/uploads/2025/09/Captura-de-Tela-2025-09-04-as-17.23.19.png, https://mantoproducoes.com.br/wp-content/uploads/2025/09/Captura-de-Tela-2025-09-04-as-17.23.28.png, https://mantoproducoes.com.br/wp-content/uploads/2025/09/Captura-de-Tela-2025-09-04-as-17.23.35.png",,,,,,,,,0,,0,default,default,default,default,default,,,1,131,set,60
6504,simple,,,Vampiro/Drácula,1,0,visible,"<p class=""p1"">Misterioso, elegante e com sede de diversão! Nosso Vampiro/Drácula chega direto das sombras para encantar o público com seu charme sombrio e olhar hipnotizante. Perfeito para eventos noturnos, festas temáticas ou Halloween, ele é a estrela da noite – sempre pronto para uma boa dose de magia (e de sangue de mentira 😄).</p>",,,,taxable,,1,,,0,0,,,,,0,,,,Halloween,"drácula, encantamento, festa temática, halloween, magia sombria, manto produções, noite mágica, personagem sombrio, personagens icônicos, show noturno, susto divertido, vampiro",,"https://mantoproducoes.com.br/wp-content/uploads/2025/09/Dracula11-scaled.jpg, https://mantoproducoes.com.br/wp-content/uploads/2025/09/Dracula21-scaled.jpg, https://mantoproducoes.com.br/wp-content/uploads/2025/09/Dracula20-scaled.jpg, https://mantoproducoes.com.br/wp-content/uploads/2025/09/Dracula18-scaled.jpg, https://mantoproducoes.com.br/wp-content/uploads/2025/09/Dracula17-scaled.jpg, https://mantoproducoes.com.br/wp-content/uploads/2025/09/Dracula16-scaled.jpg",,,,,,,,,0,,0,default,default,default,default,default,,471,1,118,set,60
6580,simple,,,"Senhor do Tempo e Fada Sinos",1,0,visible,"<p class=""p1"">Juntos, eles fazem o tempo parar e a magia acontecer! O Senhor do Tempo e a Fada Sinos Natalinos formam o duo encantado que guia a chegada do Natal. Ele controla as horas com elegância e sabedoria, enquanto ela anuncia a festa com o som doce dos sinos e um brilho dourado que ilumina corações. Unidos, transformam cada instante em um momento inesquecível, onde o amor, a esperança e a magia se encontram.</p>",,,,taxable,,1,,,0,0,,,,,0,,,,Natal,"duo natalino, espetáculo de natal, espetáculo natalino, espírito de natal, espírito natalino, fada sinos natalinos, fantasia, fantasia natal, inverno mágico, magia, magia do tempo, manto, manto produções, natal, natal mágico, personagens encantados, personagens natalinos, personagens originais, relógio encantado, senhor do tempo, senhor do tempo natalino, show natalino, show temático, sinos de natal, universo mágico",,"https://mantoproducoes.com.br/wp-content/uploads/2025/09/IMG_4721-scaled.jpg, https://mantoproducoes.com.br/wp-content/uploads/2025/09/IMG_4711-scaled.jpg, https://mantoproducoes.com.br/wp-content/uploads/2025/09/IMG_4715-scaled.jpg, https://mantoproducoes.com.br/wp-content/uploads/2025/09/WhatsApp-Image-2025-10-08-at-05.24.31-1.jpeg, https://mantoproducoes.com.br/wp-content/uploads/2025/09/WhatsApp-Image-2025-10-08-at-05.24.31-2.jpeg, https://mantoproducoes.com.br/wp-content/uploads/2025/09/WhatsApp-Image-2025-10-08-at-05.24.31.jpeg, https://mantoproducoes.com.br/wp-content/uploads/2025/09/WhatsApp-Image-2025-10-08-at-05.24.32.jpeg",,,,,,,,,0,,0,default,default,default,default,default,,220,1,161,set,60
6594,simple,,,Bailarinas,1,0,visible,"<p class=""p1"">Com delicadeza e brilho nos olhos, elas giram como flocos de neve em um palco de sonhos. As Bailarinas Encantadas não apenas dançam — elas narram histórias com o corpo, encantando todas as idades. Seus tutus reluzem como estrelas e seus passos são guiados pela música da magia.</p>",,,,taxable,,1,,,0,0,,,,,0,,,,"15 Anos, Corporativos, Gala, Natal","apresentação mágica, bailarinas, balé, brilho, coreografia, dança encantada, delicadeza, espetáculo mágico, manto, personagens de palco, personagens femininas, show temático, universo de fantasia",,"https://mantoproducoes.com.br/wp-content/uploads/2025/09/f0e9f7a9-cc10-490d-b7d3-bcdfa55e3eff.jpg, https://mantoproducoes.com.br/wp-content/uploads/2025/09/a389068b-cd76-4220-a0e1-bd22003cdc89.jpg, https://mantoproducoes.com.br/wp-content/uploads/2025/09/6eb86254-7a31-4cbb-a692-85509f97deae.jpg, https://mantoproducoes.com.br/wp-content/uploads/2025/09/1eb3e8e9-d74a-4c5d-9bd3-9d352c31afca.jpg, https://mantoproducoes.com.br/wp-content/uploads/2025/09/8b13d992-9af7-433f-af55-6ecc822beb93.jpg, https://mantoproducoes.com.br/wp-content/uploads/2025/09/c6533249-a592-4fea-ba04-b8091da0baca.jpg, https://mantoproducoes.com.br/wp-content/uploads/2025/09/87f1fa72-7d65-47da-80dd-0765b1f514ca.jpg",,,,,,,,,0,,0,default,default,default,default,default,,291,1,352,set,60
6687,simple,,,"Charlie Brown e Snoopy",1,0,visible,"<p data-start=""96"" data-end=""384"">🌟✨ Uma tarde com o Snoopy e o Charlie Brown é como mergulhar direto no coração da infância! Com aquele cheirinho de nostalgia no ar e muita fofura em cena, nossos personagens levaram risadas, abraços apertados e aquele jeitinho único que só eles têm. Foi impossível não se encantar! 🐾☁️</p>\n<p data-start=""386"" data-end=""503"">Entre as trapalhadas do Charlie e os devaneios do Snoopy, o dia ficou mais leve, doce e cheio de memórias felizes. 💛</p>",,,,taxable,,1,,,0,0,,,,,0,,,,"Filmes/Séries, Infantil","amor em forma de personagem, Charlie Brown, coração quentinho, diversão garantida, espetáculo encantador, evento mágico, fofura sem fim, manto produções, nostalgia, personagens infantis, Snoopy, sonhar acordado",,"https://mantoproducoes.com.br/wp-content/uploads/2025/09/IMG_5045.jpg, https://mantoproducoes.com.br/wp-content/uploads/2025/09/IMG_5050.jpg, https://mantoproducoes.com.br/wp-content/uploads/2025/09/IMG_5048.jpg, https://mantoproducoes.com.br/wp-content/uploads/2025/09/IMG_5046.jpg",,,,,,,,,0,,0,default,default,default,default,default,,1329,1,92,set,60
6692,simple,,,"Casal Aquarela (Colore e Splash)",1,0,visible,"<p data-start=""78"" data-end=""240"">🎨✨ Onde Colore &amp; Splash passam… tudo ganha COR, VIDA e ALEGRIA!<br data-start=""142"" data-end=""145"" />Eles são o casal mais vibrante da cidade — espalham tinta, amor e diversão por onde vão! 💙💛💖</p>\n<p data-start=""78"" data-end=""240"">Coloridos da cabeça aos pés, transformam qualquer evento em uma verdadeira explosão de magia e felicidade. Preparado pra mergulhar nessa onda colorida?</p>",,,,taxable,,1,,,0,0,,,,,0,,,,"Casais, Circo","alegria em cores, casal colorido, color power, Colore & Splash, evento divertido, explosão de alegria, fantasia e cor, manto produções, personagens mágicos, personagens para eventos, show colorido, tudo mais lindo com cor",,"https://mantoproducoes.com.br/wp-content/uploads/2025/09/CatalogoCOLORESPLASH-04-scaled.jpg, https://mantoproducoes.com.br/wp-content/uploads/2025/09/CatalogoCOLORESPLASH-02-scaled.jpg, https://mantoproducoes.com.br/wp-content/uploads/2025/09/CatalogoCOLORESPLASH-12-scaled.jpg, https://mantoproducoes.com.br/wp-content/uploads/2025/09/CatalogoCOLORESPLASH-03-scaled.jpg, https://mantoproducoes.com.br/wp-content/uploads/2025/09/CatalogoCOLORESPLASH-08-scaled.jpg, https://mantoproducoes.com.br/wp-content/uploads/2025/09/CatalogoCOLORESPLASH-09-scaled.jpg, https://mantoproducoes.com.br/wp-content/uploads/2025/09/CatalogoCOLORESPLASH-01-scaled.jpg, https://mantoproducoes.com.br/wp-content/uploads/2025/09/CatalogoCOLORESPLASH-10-scaled.jpg, https://mantoproducoes.com.br/wp-content/uploads/2025/09/CatalogoCOLORESPLASH-11-scaled.jpg",,,,,,,,,0,,0,default,default,default,default,default,,1290,1,200,set,60
6727,simple,,,"Fadas Glow (Golden, Pink Shine e Peach)",1,0,visible,"<p data-start=""97"" data-end=""370"">🧚✨ Direto do reino da luz e da beleza… surgem elas:<br data-start=""149"" data-end=""152"" /><strong data-start=""152"" data-end=""167"">Fada Golden</strong>, com seu brilho dourado que aquece o coração 💛<br data-start=""215"" data-end=""218"" /><strong data-start=""218"" data-end=""237"">Fada Pink Shine</strong>, irradiando alegria e doçura com seu brilho rosa 💖<br data-start=""289"" data-end=""292"" /><strong data-start=""292"" data-end=""306"">Fada Peach</strong>, delicada como o pôr do sol e encantadora como a primavera 🍑🌸</p>\n<p data-start=""372"" data-end=""517"">Juntas, elas espalham magia por onde passam!<br data-start=""416"" data-end=""419"" />Se você acredita em encantos, sonhos e sorrisos que brilham… essas fadas foram feitas pra você! 🌟</p>",,,,taxable,,1,,,0,0,,,,,0,,,,"Fadas, Jardim Mágico","brilho dourado, brilho e cor, encanto e magia, fada pêssego, fada rosa, fadas mágicas, fantasia infantil, manto produções, personagens encantadas, show de fadas, show encantado, sonho realizado",,"https://mantoproducoes.com.br/wp-content/uploads/2025/09/FadasNovas-03-scaled.jpg, https://mantoproducoes.com.br/wp-content/uploads/2025/09/FadasNovas-36-scaled.jpg, https://mantoproducoes.com.br/wp-content/uploads/2025/09/FadasNovas-35-scaled.jpg, https://mantoproducoes.com.br/wp-content/uploads/2025/09/FadasNovas-22-scaled.jpg, https://mantoproducoes.com.br/wp-content/uploads/2025/09/FadasNovas-21-scaled.jpg, https://mantoproducoes.com.br/wp-content/uploads/2025/09/FadasNovas-16-scaled.jpg, https://mantoproducoes.com.br/wp-content/uploads/2025/09/FadasNovas-06-scaled.jpg",,,,,,,,,0,,0,default,default,default,default,default,,284,1,1026,set,60
6763,simple,,,"Guerreiras do K-Pop (Ocidentais)",1,0,visible,"Poder, ritmo e atitude! As Guerreiras K-Pop chegam com passos marcantes, figurinos brilhantes e uma energia contagiante que transforma qualquer palco em um verdadeiro show de pop coreano. Elas unem força e estilo, mostrando que magia também pode ter batida, dança e empoderamento.",,,,taxable,,1,,,0,0,,,,,0,,,,"Filmes/Séries, Infantil","dançarinas, energia, espetáculo, fantasia moderna, guerreiras kpop, kpop, manto produções, palco, performance, personagens femininas, pop coreano, show de dança",,"https://mantoproducoes.com.br/wp-content/uploads/2025/10/WhatsApp-Image-2025-10-08-at-13.18.37-3-e1759944011913.jpeg, https://mantoproducoes.com.br/wp-content/uploads/2025/10/WhatsApp-Image-2025-10-08-at-13.18.36.jpeg, https://mantoproducoes.com.br/wp-content/uploads/2025/10/WhatsApp-Image-2025-10-08-at-13.18.37-2.jpeg, https://mantoproducoes.com.br/wp-content/uploads/2025/10/WhatsApp-Image-2025-10-08-at-13.18.38.jpeg, https://mantoproducoes.com.br/wp-content/uploads/2025/10/WhatsApp-Image-2025-10-08-at-13.18.38-1.jpeg, https://mantoproducoes.com.br/wp-content/uploads/2025/10/WhatsApp-Image-2025-10-08-at-13.18.37.jpeg, https://mantoproducoes.com.br/wp-content/uploads/2025/10/WhatsApp-Image-2025-10-08-at-13.18.37-1.jpeg",,,,,,,,,0,,0,default,default,default,default,default,,470,1,399,set,60
6772,simple,,,"Presentes de Natal",1,0,visible,,,,,taxable,,1,,,0,0,,,,,0,,,,Natal,"alegria, encanto, evento natalino, fantasia natal, magia de natal, manto produções, natal, natal mágico, papai noel, personagens natalinos, presentes de natal, show de natal",,"https://mantoproducoes.com.br/wp-content/uploads/2025/10/presentesdenatal-2-scaled.jpg, https://mantoproducoes.com.br/wp-content/uploads/2025/10/presentesdenatal-1-scaled.jpg, https://mantoproducoes.com.br/wp-content/uploads/2025/10/presentesdenatal-3-scaled.jpg, https://mantoproducoes.com.br/wp-content/uploads/2025/10/presentesdenatal-4-scaled.jpg",,,,,,,,,0,,0,default,default,default,default,default,,220,1,92,set,60
6785,simple,,,"Tempos Modernos",1,0,visible,"Entre engrenagens douradas e luzes cintilantes, surge <strong data-start=""102"" data-end=""121"" data-is-only-node="""">Tempos Modernos</strong>, a personagem natalina que une o passado e o futuro da magia. Uma figura elegante, criativa e inspiradora, que transforma o tempo em pura emoção natalina.",,,,taxable,,1,,,0,0,,,,,0,,,,Natal,"engrenagens natalinas, espetáculo de natal, espírito de natal, fantasia natal, manto produções, natal encantado, natal mágico, natal steampunk, personagem feminina, personagem natalina, show natalino, tempos modernos",,"https://mantoproducoes.com.br/wp-content/uploads/2025/10/TEMPOSMODERNOS-1-scaled.jpg, https://mantoproducoes.com.br/wp-content/uploads/2025/10/TEMPOSMODERNOS-2-scaled.jpg, https://mantoproducoes.com.br/wp-content/uploads/2025/10/TEMPOSMODERNOS-3-scaled.jpg",,,,,,,,,0,,0,default,default,default,default,default,,220,1,93,set,60
6798,simple,,,"Senhor do Tempo",1,0,visible,"Guardião das horas mágicas do Natal, o Senhor do Tempo Natalino surge elegante e misterioso, controlando cada segundo dessa época encantada. Com seu relógio dourado e olhar sábio, ele conduz o espírito natalino para que a magia aconteça no momento certo — quando o coração se enche de esperança e amor.",,,,taxable,,1,,,0,0,,,,,0,,,,"Sem categoria","espetáculo de natal, fantasia natal, guardião do natal, magia do tempo, manto produções, natal encantado, natal mágico, personagens natalinos, relógio do natal, senhor do tempo natalino, show natalino",,"https://mantoproducoes.com.br/wp-content/uploads/2025/10/SENHORDOTEMPO-2-scaled.jpg, https://mantoproducoes.com.br/wp-content/uploads/2025/10/SENHORDOTEMPO-3-scaled.jpg, https://mantoproducoes.com.br/wp-content/uploads/2025/10/SENHORDOTEMPO-1-scaled.jpg",,,,,,,,,0,,0,default,default,default,default,default,,,1,57,set,60
6875,simple,,,"Animadores de Pista",1,0,visible,"<p class=""p1"">Brilho, energia e movimento! Os Animadores de Pista Prata fazem a festa acontecer com coreografias vibrantes, sorrisos contagiantes e figurinos reluzentes. Eles transformam qualquer evento em uma verdadeira celebração, iluminando o público com sua presença e garantindo que ninguém fique parado. Uma explosão de alegria e estilo em cada passo!</p>",,,,taxable,,1,,,0,0,,,,,0,,,,"Animadores de Pista, Social","animação de festa, animadores de pista, brilho, dançarinos, diversão, espetáculo, evento corporativo, festa, manto produções, performance, personagens prateados, prata, show interativo",,"https://mantoproducoes.com.br/wp-content/uploads/2025/10/415-scaled.jpg, https://mantoproducoes.com.br/wp-content/uploads/2025/10/417-scaled.jpg, https://mantoproducoes.com.br/wp-content/uploads/2025/10/368-scaled.jpg, https://mantoproducoes.com.br/wp-content/uploads/2025/10/544-scaled.jpg, https://mantoproducoes.com.br/wp-content/uploads/2025/10/591-scaled.jpg, https://mantoproducoes.com.br/wp-content/uploads/2025/10/696-scaled.jpg, https://mantoproducoes.com.br/wp-content/uploads/2025/10/690-scaled.jpg, https://mantoproducoes.com.br/wp-content/uploads/2025/10/396-scaled.jpg, https://mantoproducoes.com.br/wp-content/uploads/2025/10/517-scaled.jpg, https://mantoproducoes.com.br/wp-content/uploads/2025/10/705-scaled.jpg, https://mantoproducoes.com.br/wp-content/uploads/2025/10/720-scaled.jpg",,,,,,,,,0,,0,default,default,default,default,default,,,,168,set,
7093,simple,,,"Guerreiras do K-Pop (Orientais)",1,0,visible,"Poder, ritmo e atitude! As Guerreiras K-Pop chegam com passos marcantes, figurinos brilhantes e uma energia contagiante que transforma qualquer palco em um verdadeiro show de pop coreano. Elas unem força e estilo, mostrando que magia também pode ter batida, dança e empoderamento.",,,,taxable,,1,,,0,0,,,,,0,,,,"Filmes/Séries, Infantil",,,"https://mantoproducoes.com.br/wp-content/uploads/2025/10/huntrx-7-scaled-e1781103153474.jpg, https://mantoproducoes.com.br/wp-content/uploads/2025/10/huntrx-1-scaled.jpg, https://mantoproducoes.com.br/wp-content/uploads/2025/10/huntrx-5-scaled.jpg, https://mantoproducoes.com.br/wp-content/uploads/2025/10/huntrx-3-scaled.jpg, https://mantoproducoes.com.br/wp-content/uploads/2025/10/huntrx-4-scaled.jpg, https://mantoproducoes.com.br/wp-content/uploads/2025/10/huntrx-2-scaled.jpg, https://mantoproducoes.com.br/wp-content/uploads/2025/10/huntrix-10.jpg-scaled.jpeg, https://mantoproducoes.com.br/wp-content/uploads/2025/10/huntrx-6-scaled.jpg",,,,,,,,,0,,0,default,default,default,default,default,,,,1072,set,
7144,simple,,,"Pantera Negra",1,0,visible,"<p class=""p1"">Majestoso, ágil e imponente, o Pantera Negra traz para o palco a força e a elegância de um verdadeiro herói. Com seu traje poderoso e olhar determinado, ele inspira coragem e união, mostrando que o verdadeiro poder vem de dentro. Uma presença marcante que transforma qualquer evento em uma celebração de bravura, energia e representatividade.</p>",,,,taxable,,1,,,0,0,,,,,0,,,,Heróis,"espetáculo de heróis, evento infantil, fantasia heroica, força e coragem, herói, manto produções, pantera negra, personagem marvel, personagem masculino, show heróis, super-herói, wakanda",,"https://mantoproducoes.com.br/wp-content/uploads/2025/11/IMG_3679-scaled.jpg, https://mantoproducoes.com.br/wp-content/uploads/2025/11/IMG_3673-scaled.jpg, https://mantoproducoes.com.br/wp-content/uploads/2025/11/IMG_3677-scaled.jpg, https://mantoproducoes.com.br/wp-content/uploads/2025/11/IMG_3675-scaled.jpg, https://mantoproducoes.com.br/wp-content/uploads/2025/11/IMG_3674-scaled.jpg",,,,,,,,,0,,0,default,default,default,default,default,,,,75,set,
7153,simple,,,Carteiro,1,0,visible,"<p class=""p1"">Com um sorriso no rosto e uma bolsa cheia de boas notícias, o Carteiro leva mensagens de alegria e esperança por onde passa! Sempre pontual e cheio de simpatia, ele entrega mais do que cartas — entrega carinho, magia e sorrisos. Um personagem encantador que transforma cada encontro em uma entrega especial de felicidade.</p>",,,,taxable,,1,,,0,0,,,,,0,,,,Corporativos,"alegria, carteiro, entrega de cartas, espetáculo natalino, evento infantil, fantasia natal, manto produções, mensagens de natal, natal mágico, personagem natalino, show natalino, simpatia",,"https://mantoproducoes.com.br/wp-content/uploads/2025/11/WhatsApp-Image-2025-10-31-at-21.13.11-1.jpeg, https://mantoproducoes.com.br/wp-content/uploads/2025/11/WhatsApp-Image-2025-10-31-at-21.13.10.jpeg, https://mantoproducoes.com.br/wp-content/uploads/2025/11/WhatsApp-Image-2025-10-31-at-21.13.11.jpeg, https://mantoproducoes.com.br/wp-content/uploads/2025/11/WhatsApp-Image-2025-10-31-at-21.13.12.jpeg",,,,,,,,,0,,0,default,default,default,default,default,,,,54,set,
7158,simple,,,"Welcome Drinks - Branca",-1,0,visible,,,,,taxable,,1,,,0,0,,,,,0,,,,,,,,,,,,,,,,0,,,,,,,,,,,,,
7159,simple,,,"Welcome Drinks - Branca",1,0,visible,"<p class=""p1"">Elegância e encanto logo na chegada! A personagem <span class=""s1""><b>Welcome Drinks Branca</b></span> recebe os convidados com um toque de sofisticação e magia, servindo bebidas com delicadeza e um sorriso acolhedor. Vestida em branco reluzente, ela transforma o primeiro brinde da noite em um momento inesquecível — onde a festa começa com charme, brilho e alegria.</p>",,,,taxable,,1,,,0,0,,,,,0,,,,"Balada, Corporativos, Social","brinde, evento corporativo, evento premium, festa elegante, hostess, luxo, manto produções, personagem branca, recepção de eventos, recepcionista temática, show de abertura, sofisticação, welcome drinks",,"https://mantoproducoes.com.br/wp-content/uploads/2025/11/taylor-49-scaled.jpg, https://mantoproducoes.com.br/wp-content/uploads/2025/11/taylor-48-scaled.jpg, https://mantoproducoes.com.br/wp-content/uploads/2025/11/taylor-50-scaled.jpg, https://mantoproducoes.com.br/wp-content/uploads/2025/11/taylor-51-scaled.jpg, https://mantoproducoes.com.br/wp-content/uploads/2025/11/taylor-52-scaled.jpg",,,,,,,,,0,,0,default,default,default,default,default,,,,281,set,
7200,simple,,,"Casais Realeza Medieval",1,0,visible,"<p class=""p1"">A nobreza ganha vida! Os <span class=""s1""><b>Casais Realeza – Medieval</b></span> chegam com seus trajes majestosos, coroas reluzentes e toda a elegância dos grandes reinos antigos. Juntos, eles transformam o ambiente em um verdadeiro castelo encantado, trazendo graça, glamour e a magia inesquecível da era medieval. Uma presença imponente que enche qualquer evento de charme e fantasia dignos de contos de fadas.</p>",,,,taxable,,1,,,0,0,,,,,0,,,,"15 Anos, Corporativos","15 anos, casais realeza, casal medieval, castelo, espetáculo medieval, evento temático, fantasia medieval, manto produções, nobreza, personagens medievais, príncipe e princesa, realeza, realeza medieval, traje medieval",,"https://mantoproducoes.com.br/wp-content/uploads/2025/11/WhatsApp-Image-2025-11-12-at-23.24.35.jpeg, https://mantoproducoes.com.br/wp-content/uploads/2025/11/WhatsApp-Image-2025-11-12-at-19.13.22-1.jpeg, https://mantoproducoes.com.br/wp-content/uploads/2025/11/WhatsApp-Image-2025-11-12-at-19.23.34.jpeg, https://mantoproducoes.com.br/wp-content/uploads/2025/11/WhatsApp-Image-2025-11-12-at-19.08.34.jpeg, https://mantoproducoes.com.br/wp-content/uploads/2025/11/WhatsApp-Image-2025-11-12-at-21.28.00.jpeg, https://mantoproducoes.com.br/wp-content/uploads/2025/11/WhatsApp-Image-2025-11-12-at-19.09.15.jpeg, https://mantoproducoes.com.br/wp-content/uploads/2025/11/WhatsApp-Image-2025-11-12-at-20.24.41.jpeg, https://mantoproducoes.com.br/wp-content/uploads/2025/11/WhatsApp-Image-2025-11-12-at-20.24.25.jpeg, https://mantoproducoes.com.br/wp-content/uploads/2025/11/WhatsApp-Image-2025-11-12-at-20.24.23.jpeg, https://mantoproducoes.com.br/wp-content/uploads/2025/11/WhatsApp-Image-2025-11-12-at-19.13.20.jpeg",,,,,,,,,0,,0,default,default,default,default,default,,,,221,set,
7287,simple,,,"Bailarelfos (Elfos)",1,0,visible,"<p class=""p1"">Dois elfos, mil movimentos! Os <span class=""s1""><b>Bailarelfos</b></span> são a dupla natalina mais animada do Polo Norte, unindo dança, humor e muita magia. Com passos sincronizados, energia contagiante e figurinos cheios de brilho, eles transformam qualquer evento em uma verdadeira celebração festiva. Onde eles passam, o Natal ganha ritmo, leveza e muita alegria!</p>",,,,taxable,,1,,,0,0,,,,,0,,,,Natal,"alegria, bailarelfos, dança natalina, duendes de natal, dupla de elfos, elfos bailarinos, espetáculo de natal, fantasia natal, manto produções, natal mágico, personagens natalinos, show natalino",,"https://mantoproducoes.com.br/wp-content/uploads/2025/11/BAILARELFOS-1-scaled.jpg, https://mantoproducoes.com.br/wp-content/uploads/2025/11/BAILARELFOS-2-scaled.jpg, https://mantoproducoes.com.br/wp-content/uploads/2025/11/BAILARELFOS-7-scaled.jpg, https://mantoproducoes.com.br/wp-content/uploads/2025/11/BAILARELFOS-5-scaled.jpg, https://mantoproducoes.com.br/wp-content/uploads/2025/11/BAILARELFOS-4-scaled.jpg, https://mantoproducoes.com.br/wp-content/uploads/2025/11/BAILARELFOS-8-scaled.jpg",,,,,,,,,0,,0,default,default,default,default,default,,,,102,set,
7293,simple,,,"Natal dos Tempos",1,0,visible,"<p class=""p1"">O relógio da magia começa a girar! <span class=""s1""><b>Natal dos Tempos</b></span> é um espetáculo vivo onde cada personagem representa uma era, uma energia e um pedacinho do encanto natalino.</p>\n<p class=""p1"">O <span class=""s1""><b>Senhor do Tempo</b></span> controla as horas sagradas do Natal; <span class=""s1""><b>Tempos Modernos</b></span> traz a inovação que renova a esperança; a <span class=""s1""><b>Fada Elfa dos Tempos</b></span> conecta passado e futuro com seu brilho encantado; o <span class=""s1""><b>Tempo de Presentes</b></span> celebra a alegria das surpresas; e os <span class=""s1""><b>Bailarelfos</b></span> dão ritmo a essa viagem mágica com dança e leveza.</p>\n<p class=""p1"">Juntos, eles conduzem o público por uma jornada onde o Natal nunca se repete — ele se transforma, se reinventa e se torna inesquecível a cada segundo.</p>",,,,taxable,,1,,,0,0,,,,,0,,,,Natal,"bailarelfos, elenco natalino, espetáculo natalino, fada elfa dos tempos, fantasia natal, manto produções, natal dos tempos, natal mágico, personagens natalinos, senhor do tempo, show de natal, tempo de presentes, tempos modernos, viagem no tempo natalino",,"https://mantoproducoes.com.br/wp-content/uploads/2025/11/NATALDOSTEMPOS-1-scaled.jpg, https://mantoproducoes.com.br/wp-content/uploads/2025/11/NATALDOSTEMPOS-2-scaled.jpg, https://mantoproducoes.com.br/wp-content/uploads/2025/11/NATALDOSTEMPOS-3-scaled.jpg, https://mantoproducoes.com.br/wp-content/uploads/2025/11/NATALDOSTEMPOS-4-scaled.jpg",,,,,,,,,0,,0,default,default,default,default,default,,,,76,set,
7302,simple,,,"Natal dos Tempos 2",1,0,visible,"<p class=""p1"">A magia do Natal ganha novas formas a cada era! Em <span class=""s1""><b>Magia dos Tempos</b></span>, quatro personagens encantados conduzem o público por uma viagem através do passado, presente e futuro do espírito natalino.</p>\n<p class=""p1"">O <span class=""s1""><b>Senhor do Tempo</b></span> abre os portais entre as eras; <span class=""s1""><b>Tempos Modernos</b></span> traz o brilho da inovação; a <span class=""s1""><b>Fada Elfa dos Tempos</b></span> tece encantos que conectam cada momento; e o <span class=""s1""><b>Tempo de Presentes</b></span> celebra a alegria das surpresas que fazem o Natal acontecer.</p>\n<p class=""p1"">Juntos, eles criam um espetáculo inesquecível, onde cada segundo é um convite para acreditar, sonhar e sentir o Natal de uma forma totalmente nova.</p>",,,,taxable,,1,,,0,0,,,,,0,,,,Natal,"espetáculo natalino, fada elfa dos tempos, fantasia natal, magia dos tempos, manto produções, natal encantado, natal mágico, personagens natalinos, senhor do tempo, show de natal, tempo de presentes, tempos modernos, viagem no tempo",,"https://mantoproducoes.com.br/wp-content/uploads/2025/11/nataldostempos.2.-2-scaled.jpg, https://mantoproducoes.com.br/wp-content/uploads/2025/11/nataldostempos.2.-4-scaled.jpg, https://mantoproducoes.com.br/wp-content/uploads/2025/11/nataldostempos.2.-3-scaled.jpg, https://mantoproducoes.com.br/wp-content/uploads/2025/11/nataldostempos.2.-1-scaled.jpg",,,,,,,,,0,,0,default,default,default,default,default,,,,42,set,
7307,simple,,,"Princesa do Pinheiro",1,0,visible,"<p class=""p1"">Guardadora da floresta encantada, a <span class=""s1""><b>Princesa do Pinheiro</b></span> surge rodeada por luzes, aromas natalinos e o brilho das folhas eternas. Com sua coroa feita de galhos mágicos e um vestido que lembra a própria árvore de Natal, ela espalha paz, encanto e a doçura do inverno por onde passa. Uma personagem delicada e majestosa que transforma qualquer evento em um verdadeiro conto natalino.</p>",,,,taxable,,1,,,0,0,,,,,0,,,,Natal,"árvore de natal, espetáculo natalino, fantasia natal, floresta encantada, magia de natal, manto produções, natal mágico, personagem feminina, personagem natalina, princesa de natal, princesa do pinheiro",,"https://mantoproducoes.com.br/wp-content/uploads/2025/11/princesadopinheiro-2-scaled.jpg, https://mantoproducoes.com.br/wp-content/uploads/2025/11/princesadopinheiro-3-scaled.jpg, https://mantoproducoes.com.br/wp-content/uploads/2025/11/princesadopinheiro-4-scaled.jpg, https://mantoproducoes.com.br/wp-content/uploads/2025/11/princesadopinheiro-1-scaled.jpg",,,,,,,,,0,,0,default,default,default,default,default,,,,59,set,
7313,simple,,,"Guardiões da Ilha",1,0,visible,"<p class=""p1"">Nas águas cristalinas de uma ilha mágica, dois espíritos natalinos protegem o encanto desta terra sagrada: <span class=""s1""><b>Malu Malu</b></span> e <span class=""s1""><b>Noelani</b></span>.</p>\n<p class=""p1"">Juntos, eles são os <span class=""s1""><b>Guardiões da Ilha</b></span>, personagens cheios de luz, energia tropical e magia ancestral. Com cores vibrantes, movimentos suaves e o espírito caloroso do Natal das ilhas, eles mantêm viva a tradição de proteger a alegria, o amor e a harmonia que florescem nesta época do ano.</p>\n<p class=""p1"">Onde eles chegam, o Natal ganha um brilho exótico, doce e inesquecível — um verdadeiro paraíso encantado.</p>",,,,taxable,,1,,,0,0,,,,,0,,,,Natal,"duo natalino, espetáculo de natal, fantasia natal, guardioes da ilha, magia da ilha, malu malu, manto produções, natal havaiano, natal mágico, natal tropical, noelani, personagens natalinos",,"https://mantoproducoes.com.br/wp-content/uploads/2025/11/GUARDIOESDAFLORESTA-1-scaled.jpg, https://mantoproducoes.com.br/wp-content/uploads/2025/11/GUARDIOESDAFLORESTA-8-scaled.jpg, https://mantoproducoes.com.br/wp-content/uploads/2025/11/GUARDIOESDAFLORESTA-7-scaled.jpg, https://mantoproducoes.com.br/wp-content/uploads/2025/11/GUARDIOESDAFLORESTA-5-scaled.jpg, https://mantoproducoes.com.br/wp-content/uploads/2025/11/GUARDIOESDAFLORESTA-3-scaled.jpg, https://mantoproducoes.com.br/wp-content/uploads/2025/11/GUARDIOESDAFLORESTA-2-scaled.jpg",,,,,,,,,0,,0,default,default,default,default,default,,,,58,set,
7319,simple,,,"Natal Tropical",1,0,visible,"<p class=""p1"">O Natal chega banhado pelo sol, pelo mar e pelo espírito vibrante das ilhas!</p>\n<p class=""p1"">Em <span class=""s1""><b>Natal Tropical</b></span>, a magia natalina se mistura ao ritmo havaiano, criando um espetáculo cheio de cores, músicas e energia contagiante.</p>\n<p class=""p1"">A <span class=""s1""><b>Guardiã Verde Havaiana Noelani</b></span> e o <span class=""s1""><b>Guardião Verde Havaiano Malu Malu</b></span> conduzem a magia com suas vozes envolventes. A graciosa <span class=""s1""><b>Kailua</b></span>, dançarina Hula, traz leveza e encanto aos movimentos; enquanto <span class=""s1""><b>Kaikane</b></span>, o dançarino de fogo, aquece o palco com força e intensidade.</p>\n<p class=""p1"">E para completar esse paraíso, surgem as encantadoras <span class=""s1""><b>Pua Pink</b></span> e <span class=""s1""><b>Pua Purple</b></span>, princesas coloridas que cantam e brilham como o próprio arco-íris tropical.</p>\n<p class=""p1"">Juntos, eles transformam qualquer evento em um cenário paradisíaco, onde o Natal é quente, alegre e absolutamente inesquecível.</p>",,,,taxable,,1,,,0,0,,,,,0,,,,Natal,,,"https://mantoproducoes.com.br/wp-content/uploads/2025/11/NATALTROPICAL-2-scaled.jpg, https://mantoproducoes.com.br/wp-content/uploads/2025/11/NATALTROPICAL-1-scaled.jpg, https://mantoproducoes.com.br/wp-content/uploads/2025/11/NATALTROPICAL-3-scaled.jpg, https://mantoproducoes.com.br/wp-content/uploads/2025/11/NATALTROPICAL-4-scaled.jpg",,,,,,,,,0,,0,default,default,default,default,default,,,,35,set,
7334,simple,,,"Princesas da Ilha",1,0,visible,"<p class=""p1"">Diretamente do paraíso tropical, surgem as <span class=""s1""><b>Princesas da Ilha</b></span>: <span class=""s1""><b>Pua Pink</b></span> e <span class=""s1""><b>Pua Purple</b></span>, o brilho colorido e encantador do Natal tropical.</p>\n<p class=""p1"">Elas cantam, dançam e iluminam o palco com sua energia vibrante, misturando a magia natalina com a alegria das ilhas. Com vestidos floridos, cores vivas e um carisma que contagia, as duas tornam qualquer ambiente mais leve, doce e inesquecível.</p>\n<p class=""p1"">Onde Pua Pink e Pua Purple aparecem, o Natal ganha um toque rosa, roxo e completamente mágico!</p>",,,,taxable,,1,,,0,0,,,,,0,,,,Natal,"espetáculo tropical, fantasia natal, magia das ilhas, manto produções, natal havaiano, natal tropical, personagens natalinos, princesas da ilha, princesas tropicais, pua pink, pua purple, show havaiano",,"https://mantoproducoes.com.br/wp-content/uploads/2025/11/PRINCESASDAILHA-2-1-scaled.jpg, https://mantoproducoes.com.br/wp-content/uploads/2025/11/PRINCESASDAILHA-4-scaled.jpg, https://mantoproducoes.com.br/wp-content/uploads/2025/11/PRINCESASDAILHA-3-scaled.jpg, https://mantoproducoes.com.br/wp-content/uploads/2025/11/PRINCESASDAILHA-5-scaled.jpg",,,,,,,,,0,,0,default,default,default,default,default,,,,34,set,
7335,simple,,,"Kaikane e Kailua (Dançarinos Havaianos)",1,0,visible,,,,,taxable,,1,,,0,0,,,,,0,,,,"Corporativos, Natal, Performáticos",,,"https://mantoproducoes.com.br/wp-content/uploads/2025/11/IRMAOSDOFOGO-01-1-scaled.jpg, https://mantoproducoes.com.br/wp-content/uploads/2025/11/IRMAOSDOFOGO-02-scaled.jpg, https://mantoproducoes.com.br/wp-content/uploads/2025/11/IRMAOSDOFOGO-05-scaled.jpg, https://mantoproducoes.com.br/wp-content/uploads/2025/11/IRMAOSDOFOGO-06-scaled.jpg, https://mantoproducoes.com.br/wp-content/uploads/2025/11/IRMAOSDOFOGO-08-scaled.jpg, https://mantoproducoes.com.br/wp-content/uploads/2025/11/IRMAOSDOFOGO-09-scaled.jpg, https://mantoproducoes.com.br/wp-content/uploads/2025/11/IRMAOSDOFOGO-04-scaled.jpg",,,,,,,,,0,,0,default,default,default,default,default,,,,71,set,
7336,simple,,,"Guardiões e Princesas da Ilha",1,0,visible,"<p class=""p1"">No coração de um paraíso encantado, quatro espíritos tropicais protegem e celebram a magia do Natal: os <span class=""s1""><b>Guardiões Noelani e Malu Malu</b></span>, e as <span class=""s1""><b>Princesas Pua Pink e Pua Purple</b></span>.</p>\n<p class=""p1"">Juntos, eles formam os <span class=""s1""><b>Guardiões e Princesas da Ilha</b></span>, um quarteto vibrante que une canto, cor, alegria e o brilho inconfundível do Natal tropical.</p>\n<p class=""p1"">Com energia havaiana, leveza nas coreografias e personalidades marcantes, eles transformam qualquer evento em uma festa quente, acolhedora e inesquecível — onde a magia natalina encontra o sol, o mar e o espírito das ilhas.</p>",,,,taxable,,1,,,0,0,,,,,0,,,,Natal,"espetáculo tropical, fantasia natal, guardioes da ilha, ilha mágica, magia das ilhas, malu malu, manto produções, natal havaiano, natal tropical, noelani, personagens natalinos, princesas da ilha, pua pink, pua purple, show havaiano",,"https://mantoproducoes.com.br/wp-content/uploads/2025/11/GUARDIOESEPRINCESASDAILHA-1-scaled.jpg, https://mantoproducoes.com.br/wp-content/uploads/2025/11/GUARDIOESEPRINCESASDAILHA-6-scaled.jpg, https://mantoproducoes.com.br/wp-content/uploads/2025/11/GUARDIOESEPRINCESASDAILHA-5-scaled.jpg, https://mantoproducoes.com.br/wp-content/uploads/2025/11/GUARDIOESEPRINCESASDAILHA-4-scaled.jpg, https://mantoproducoes.com.br/wp-content/uploads/2025/11/GUARDIOESEPRINCESASDAILHA-3-scaled.jpg, https://mantoproducoes.com.br/wp-content/uploads/2025/11/GUARDIOESEPRINCESASDAILHA-2-scaled.jpg",,,,,,,,,0,,0,default,default,default,default,default,,,,29,set,
7410,simple,,,"Papai NoelMantô",1,0,visible,"<p class=""p1"">O bom velhinho mais amado do mundo chega espalhando alegria, ternura e aquele brilho que só o Natal tem. Com seu traje clássico, sorriso acolhedor e o coração cheio de histórias, <span class=""s1""><b>Papai Noel</b></span> transforma qualquer momento em pura magia. Ele encanta crianças, emociona adultos e faz cada encontro parecer um sonho natalino acontecendo diante dos olhos.</p>",,,,taxable,,1,,,0,0,,,,,0,,,,"Natal, Papai Noel",,,"https://mantoproducoes.com.br/wp-content/uploads/2025/11/papainoel-4-scaled.jpg, https://mantoproducoes.com.br/wp-content/uploads/2025/11/papainoel-2-scaled.jpg, https://mantoproducoes.com.br/wp-content/uploads/2025/11/papainoel-7-scaled.jpg, https://mantoproducoes.com.br/wp-content/uploads/2025/11/papainoel-6-scaled.jpg, https://mantoproducoes.com.br/wp-content/uploads/2025/11/papainoel-3-scaled.jpg, https://mantoproducoes.com.br/wp-content/uploads/2025/11/papainoel-5-scaled.jpg, https://mantoproducoes.com.br/wp-content/uploads/2025/11/papainoel-1-scaled.jpg",,,,,,,,,0,,0,default,default,default,default,default,,,,388,set,
7419,simple,,,"Rubi e Esmeralda - Duendes do Papai Noel",1,0,visible,"<p class=""p1"">Diretamente da oficina mágica do Polo Norte, surgem <span class=""s1""><b>Rubi e Esmeralda</b></span>, os duendes mais preciosos do Papai Noel!</p>\n<p class=""p1"">Com seus trajes brilhantes em tons de vermelho-rubi e verde-esmeralda, eles espalham risadas, energia e encanto por onde passam. Sempre animados e prontos para ajudar, transformam cada evento em uma festa divertida, colorida e cheia do verdadeiro espírito natalino.</p>",,,,taxable,,1,,,0,0,,,,,0,,,,Natal,"duendes do papai noel, duendes natalinos, dupla natalina, esmeralda, espírito natalino, evento infantil, fantasia natal, manto produções, natal mágico, oficina do papai noel, personagens natalinos, rubi",,"https://mantoproducoes.com.br/wp-content/uploads/2025/11/duendes-14-scaled.jpg, https://mantoproducoes.com.br/wp-content/uploads/2025/11/duendes-13-scaled.jpg, https://mantoproducoes.com.br/wp-content/uploads/2025/11/duendes-18-scaled.jpg, https://mantoproducoes.com.br/wp-content/uploads/2025/11/duendes-17-scaled.jpg, https://mantoproducoes.com.br/wp-content/uploads/2025/11/duendes-12-scaled.jpg, https://mantoproducoes.com.br/wp-content/uploads/2025/11/duendes-20-scaled.jpg, https://mantoproducoes.com.br/wp-content/uploads/2025/11/duendes-15-scaled.jpg, https://mantoproducoes.com.br/wp-content/uploads/2025/11/duendes-11-scaled.jpg, https://mantoproducoes.com.br/wp-content/uploads/2025/11/duendes-19-scaled.jpg, https://mantoproducoes.com.br/wp-content/uploads/2025/11/duendes-16-scaled.jpg",,,,,,,,,0,,0,default,default,default,default,default,,,,100,set,
7424,simple,,,"Papai Noel e Ajudantes Duendes",1,0,visible,"<p class=""p1"">A magia completa do Natal chega com <span class=""s1""><b>Papai Noel e seus Ajudantes Duendes</b></span>, a equipe mais encantadora do Polo Norte!</p>\n<p class=""p1"">Enquanto o bom velhinho espalha carinho, sonhos e aquele brilho inesquecível, seus duendes trazem alegria, travessuras e muita energia para envolver todo o público. Juntos, eles criam um momento mágico, cheio de sorrisos, abraços e o verdadeiro espírito natalino.</p>",,,,taxable,,1,,,0,0,,,,,0,,,,Natal,"ajudantes duendes, chegada do papai noel, duendes natalinos, espírito natalino, evento infantil, fantasia natal, manto produções, natal mágico, oficina do papai noel, papai noel, personagem natalino, show natalino",,"https://mantoproducoes.com.br/wp-content/uploads/2025/11/os3juntos-6-scaled.jpg, https://mantoproducoes.com.br/wp-content/uploads/2025/11/os3juntos-7-scaled.jpg, https://mantoproducoes.com.br/wp-content/uploads/2025/11/os3juntos-5-scaled.jpg, https://mantoproducoes.com.br/wp-content/uploads/2025/11/os3juntos-4-scaled.jpg, https://mantoproducoes.com.br/wp-content/uploads/2025/11/os3juntos-3-scaled.jpg, https://mantoproducoes.com.br/wp-content/uploads/2025/11/os3juntos-2-scaled.jpg",,,,,,,,,0,,0,default,default,default,default,default,,,,449,set,
7536,simple,,,"Jardineiro Natalino",1,0,visible,"<p class=""p1"">Com mãos cheias de magia e um coração dedicado ao encanto, o <span class=""s1""><b>Jardineiro Natalino</b></span> cultiva alegria por onde passa. Ele cuida das plantas encantadas do Polo Norte, espalha sementes de esperança e faz florescer o espírito natalino em cada detalhe. Com seu visual acolhedor e toque poético, transforma qualquer ambiente em um jardim de sonhos iluminados.</p>",,,,taxable,,1,,,0,0,,,,,0,,,,Natal,"espírito natalino, evento infantil, fantasia natal, floresta de natal, jardim encantado, jardineiro natalino, manto produções, natal mágico, personagem natalino, show natalino",,"https://mantoproducoes.com.br/wp-content/uploads/2025/12/natalsaocarlos-04-scaled.jpg, https://mantoproducoes.com.br/wp-content/uploads/2025/12/natalsaocarlos-17-scaled.jpg, https://mantoproducoes.com.br/wp-content/uploads/2025/12/natalsaocarlos-68-scaled.jpg, https://mantoproducoes.com.br/wp-content/uploads/2025/12/natalsaocarlos-16-scaled.jpg",,,,,,,,,0,,0,default,default,default,default,default,,,,54,set,
7561,simple,,,"Papai Noel - Russo",1,0,visible,"<p class=""p1"">Majestoso, elegante e cheio de encantamento, o <span class=""s1""><b>Papai Noel Russo</b></span> traz um visual inspirado nos contos de inverno do Leste Europeu. Com detalhes bordados, peles suaves e um ar nobre, ele chega com a mesma doçura e magia do bom velhinho tradicional — mas com um toque especial de realeza e mistério natalino.</p>\n<p class=""p1"">Um personagem que impressiona pela presença e emociona pelo coração.</p>",,,,taxable,,1,,,0,0,,,,,0,,,,"Natal, Papai Noel","bom velhinho, evento infantil, fantasia natal premium, manto produções, natal elegante, natal mágico, papai noel estilo russo, papai noel luxuoso, personagem natalino, show natalino, winter christmas",,"https://mantoproducoes.com.br/wp-content/uploads/2025/12/dedpublicar-22-scaled.jpg, https://mantoproducoes.com.br/wp-content/uploads/2025/12/dedpublicar-17-scaled.jpg, https://mantoproducoes.com.br/wp-content/uploads/2025/12/dedpublicar-23-scaled.jpg, https://mantoproducoes.com.br/wp-content/uploads/2025/12/dedpublicar-21-scaled.jpg, https://mantoproducoes.com.br/wp-content/uploads/2025/12/dedpublicar-20-scaled.jpg, https://mantoproducoes.com.br/wp-content/uploads/2025/12/dedpublicar-19-scaled.jpg, https://mantoproducoes.com.br/wp-content/uploads/2025/12/dedpublicar-18-scaled.jpg",,,,,,,,,0,,0,default,default,default,default,default,,,,151,set,
7569,simple,,,"Papai Noel - Verde Imperial",1,0,visible,"<p class=""p1"">Com um visual majestoso e inesquecível, o <span class=""s1""><b>Papai Noel – Verde Imperial</b></span> traz uma nova aura ao Natal: elegante, nobre e profundamente encantadora. Vestido em verde reluzente, com detalhes dourados que brilham como estrelas, ele mantém toda a doçura do bom velhinho, mas com um toque imperial que impressiona.</p>\n<p class=""p1"">Onde ele chega, o Natal ganha sofisticação, magia e uma presença que marca o coração de todos.</p>",,,,taxable,,1,,,0,0,,,,,0,,,,"Natal, Papai Noel","bom velhinho, evento infantil, fantasia natal premium, manto produções, natal elegante, natal luxuoso, natal mágico, papai noel verde, papai noel verde imperial, personagem natalino, show natalino",,"https://mantoproducoes.com.br/wp-content/uploads/2025/12/dedpublicar-27-scaled.jpg, https://mantoproducoes.com.br/wp-content/uploads/2025/12/dedpublicar-28-scaled.jpg, https://mantoproducoes.com.br/wp-content/uploads/2025/12/dedpublicar-26-scaled.jpg, https://mantoproducoes.com.br/wp-content/uploads/2025/12/dedpublicar-25-scaled.jpg, https://mantoproducoes.com.br/wp-content/uploads/2025/12/dedpublicar-24-scaled.jpg",,,,,,,,,0,,0,default,default,default,default,default,,,,65,set,
7588,simple,,,"Papai Noel - Nevado",1,0,visible,"<p class=""p1"">Direto das terras geladas do Polo Norte, o <span class=""s1""><b>Papai Noel – Nevado</b></span> chega coberto pelo brilho suave da neve eterna. Com um traje que parece ter sido tecido pelo inverno e uma aura acolhedora que derrete qualquer coração, ele traz a essência pura do Natal: calma, magia e encantamento.</p>\n<p class=""p1"">Sua presença transforma qualquer ambiente em um cenário de conto de fadas congelado, onde cada floco de neve carrega um desejo realizado.</p>",,,,taxable,,1,,,0,0,,,,,0,,,,"Natal, Papai Noel","bom velhinho, evento infantil, fantasia natal, manto produções, natal congelado, natal gelado, natal mágico, papai noel inverno, papai noel nevado, personagem natalino, polo norte, show natalino",,"https://mantoproducoes.com.br/wp-content/uploads/2025/12/dedpublicar-30.jpg, https://mantoproducoes.com.br/wp-content/uploads/2025/12/dedpublicar-33.jpg, https://mantoproducoes.com.br/wp-content/uploads/2025/12/dedpublicar-32.jpg, https://mantoproducoes.com.br/wp-content/uploads/2025/12/dedpublicar-31.jpg, https://mantoproducoes.com.br/wp-content/uploads/2025/12/dedpublicar-34.jpg",,,,,,,,,0,,0,default,default,default,default,default,,,,70,set,
7609,simple,,,"Madame Ginger",1,0,visible,"<p class=""p1"">Do forno encantado do Natal surge <span class=""s1""><b>Madame Ginger</b></span>, doce, elegante e cheia de charme. Com seu visual inspirado nos clássicos biscoitos natalinos, ela espalha carinho, delicadeza e aquele cheirinho imaginário de Natal por onde passa. Uma personagem acolhedora que transforma cada encontro em um momento quentinho e cheio de afeto.</p>",,,,taxable,,1,,,0,0,,,,,0,,,,Natal,"biscoito natalino, doce de natal, encanto natalino, evento infantil, fantasia natal, madame ginger, manto produções, natal mágico, personagem natalino",,"https://mantoproducoes.com.br/wp-content/uploads/2025/12/publicar3-3-scaled.jpg, https://mantoproducoes.com.br/wp-content/uploads/2025/12/publicar3-6-scaled.jpg, https://mantoproducoes.com.br/wp-content/uploads/2025/12/publicar3-5-scaled.jpg, https://mantoproducoes.com.br/wp-content/uploads/2025/12/publicar3-4-scaled.jpg, https://mantoproducoes.com.br/wp-content/uploads/2025/12/publicar3-2-scaled.jpg, https://mantoproducoes.com.br/wp-content/uploads/2025/12/publicar3-1-scaled.jpg",,,,,,,,,0,,0,default,default,default,default,default,,,,40,set,
7616,simple,,,Snowelle,1,0,visible,"<p class=""p1"">Leve como a neve e brilhante como o inverno, <span class=""s1""><b>Snowelle</b></span> encanta com sua presença delicada e mágica. Ela carrega a suavidade dos flocos de neve e a beleza dos contos gelados de Natal, trazendo paz, elegância e um clima de sonho por onde passa.</p>",,,,taxable,,1,,,0,0,,,,,0,,,,Natal,"evento natalino, fantasia branca, inverno encantado, manto produções, natal gelado, natal mágico, personagem de inverno, personagem natalino, snowelle",,"https://mantoproducoes.com.br/wp-content/uploads/2025/12/publicar4-6-scaled.jpg, https://mantoproducoes.com.br/wp-content/uploads/2025/12/publicar4-7-scaled.jpg, https://mantoproducoes.com.br/wp-content/uploads/2025/12/publicar4-5-scaled.jpg, https://mantoproducoes.com.br/wp-content/uploads/2025/12/publicar4-4-scaled.jpg, https://mantoproducoes.com.br/wp-content/uploads/2025/12/publicar4-3-scaled.jpg, https://mantoproducoes.com.br/wp-content/uploads/2025/12/publicar4-1-scaled.jpg",,,,,,,,,0,,0,default,default,default,default,default,,,,40,set,
7624,simple,,,"Soldado Ho-Ho-Ho",1,0,visible,"<p class=""p1"">Sempre atento e cheio de energia, o <span class=""s1""><b>Soldado Ho-Ho-Ho</b></span> protege a magia do Natal com alegria e disciplina. Com seu uniforme clássico e espírito festivo, ele combina tradição, diversão e presença marcante, trazendo o clima dos grandes desfiles natalinos para qualquer evento.</p>",,,,taxable,,1,,,0,0,,,,,0,,,,Natal,"desfile natalino, evento infantil, fantasia natal, manto produções, natal mágico, personagem natalino, soldadinho de natal, soldado ho ho ho, soldado natalino",,"https://mantoproducoes.com.br/wp-content/uploads/2025/12/HOHOHO-3-scaled.jpg, https://mantoproducoes.com.br/wp-content/uploads/2025/12/HOHOHO-5-scaled.jpg, https://mantoproducoes.com.br/wp-content/uploads/2025/12/HOHOHO-4-scaled.jpg, https://mantoproducoes.com.br/wp-content/uploads/2025/12/HOHOHO-1-scaled.jpg, https://mantoproducoes.com.br/wp-content/uploads/2025/12/HOHOHO-7-scaled.jpg, https://mantoproducoes.com.br/wp-content/uploads/2025/12/HOHOHO-2-scaled.jpg",,,,,,,,,0,,0,default,default,default,default,default,,,,33,set,
7633,simple,,,"Soldados Jingle e Bell",1,0,visible,"<p class=""p1"">Em perfeita sintonia, os <span class=""s1""><b>Soldados Jingle e Bell</b></span> marcham espalhando ritmo, alegria e o som imaginário do Natal. Unidos, eles representam a harmonia e a força da festa, encantando o público com sua presença marcante e espírito brincalhão.</p>",,,,taxable,,1,,,0,0,,,,,0,,,,Natal,"dupla natalina, evento infantil, fantasia natal, manto produções, natal mágico, personagem natalino, soldadinhos de natal, soldados jingle e bell, soldados natalinos",,"https://mantoproducoes.com.br/wp-content/uploads/2025/12/soldadosjinglebell-1-scaled.jpg, https://mantoproducoes.com.br/wp-content/uploads/2025/12/soldadosjinglebell-5-scaled.jpg, https://mantoproducoes.com.br/wp-content/uploads/2025/12/soldadosjinglebell-4-scaled.jpg, https://mantoproducoes.com.br/wp-content/uploads/2025/12/soldadosjinglebell-3-scaled.jpg, https://mantoproducoes.com.br/wp-content/uploads/2025/12/soldadosjinglebell-2-scaled.jpg, https://mantoproducoes.com.br/wp-content/uploads/2025/12/soldadosjinglebell-6-scaled.jpg",,,,,,,,,0,,0,default,default,default,default,default,,,,71,set,
7640,simple,,,"Lady Guirlan",1,0,visible,"<p class=""p1"">Elegante e envolta em luzes e laços, <span class=""s1""><b>Lady Guirlan</b></span> é a própria essência da decoração natalina. Como uma guirlanda encantada e um brilho sofisticado, ela simboliza boas-vindas, união e celebração, transformando qualquer ambiente em um cenário mágico e acolhedor.</p>",,,,taxable,,1,,,0,0,,,,,0,,,,Natal,"decoração viva, encanto de natal, evento natalino, fantasia natal, guirlanda natalina, lady guirlan, manto produções, natal mágico, personagem natalino",,"https://mantoproducoes.com.br/wp-content/uploads/2025/12/LADYGUIRLAN-01-scaled.jpg, https://mantoproducoes.com.br/wp-content/uploads/2025/12/LADYGUIRLAN-08-scaled.jpg, https://mantoproducoes.com.br/wp-content/uploads/2025/12/LADYGUIRLAN-09-scaled.jpg, https://mantoproducoes.com.br/wp-content/uploads/2025/12/LADYGUIRLAN-10-scaled.jpg, https://mantoproducoes.com.br/wp-content/uploads/2025/12/LADYGUIRLAN-07-scaled.jpg, https://mantoproducoes.com.br/wp-content/uploads/2025/12/LADYGUIRLAN-11-scaled.jpg, https://mantoproducoes.com.br/wp-content/uploads/2025/12/LADYGUIRLAN-04-scaled.jpg",,,,,,,,,0,,0,default,default,default,default,default,,,,39,set,
7744,simple,,,Grinch,1,0,visible,"<p class=""p1"">Travesso, irreverente e impossível de ignorar, o <span class=""s1""><b>Grinch</b></span> chega para bagunçar o Natal — e conquistar todo mundo no processo! Com seu jeito rabugento e expressões marcantes, ele diverte crianças e adultos, criando momentos cheios de humor, interação e aquela reviravolta clássica onde até o coração mais fechado pode se encher de magia natalina.</p>",,,,taxable,,1,,,0,0,,,,,0,,,,Natal,"evento infantil, fantasia natal, grinch, humor natalino, manto produções, natal diferente, natal divertido, personagem natalino, personagem verde, vilão do natal",,"https://mantoproducoes.com.br/wp-content/uploads/2025/12/GrinchCatalogo-01-scaled.jpg, https://mantoproducoes.com.br/wp-content/uploads/2025/12/GrinchCatalogo-02-scaled.jpg, https://mantoproducoes.com.br/wp-content/uploads/2025/12/GrinchCatalogo-06-scaled.jpg, https://mantoproducoes.com.br/wp-content/uploads/2025/12/GrinchCatalogo-10-scaled.jpg, https://mantoproducoes.com.br/wp-content/uploads/2025/12/GrinchCatalogo-07-scaled.jpg, https://mantoproducoes.com.br/wp-content/uploads/2025/12/GrinchCatalogo-11-scaled.jpg, https://mantoproducoes.com.br/wp-content/uploads/2025/12/GrinchCatalogo-05-scaled.jpg, https://mantoproducoes.com.br/wp-content/uploads/2025/12/GrinchCatalogo-12-scaled.jpg",,,,,,,,,0,,0,default,default,default,default,default,,,,46,set,
7757,simple,,,"Cindy Lou Who",1,0,visible,"<p class=""p1"">Doce, delicada e cheia de esperança, <span class=""s1""><b>Cindy Lou Who</b></span> representa o lado mais puro e encantador do Natal. Com seu olhar curioso e coração gigante, ela espalha gentileza, amor e a verdadeira mensagem natalina: acreditar na magia que nasce dos pequenos gestos. Uma personagem encantadora que emociona, acolhe e ilumina qualquer evento com ternura.</p>",,,,taxable,,1,,,0,0,,,,,0,,,,Natal,"cindy lou who, encanto de natal, espírito natalino, evento infantil, fantasia natal, manto produções, natal encantado, natal mágico, personagem delicada, personagem natalino",,"https://mantoproducoes.com.br/wp-content/uploads/2025/12/GrinchCatalogo-08-scaled.jpg, https://mantoproducoes.com.br/wp-content/uploads/2025/12/GrinchCatalogo-09-scaled.jpg, https://mantoproducoes.com.br/wp-content/uploads/2025/12/GrinchCatalogo-03-scaled.jpg, https://mantoproducoes.com.br/wp-content/uploads/2025/12/GrinchCatalogo-11-scaled.jpg, https://mantoproducoes.com.br/wp-content/uploads/2025/12/GrinchCatalogo-04-scaled.jpg, https://mantoproducoes.com.br/wp-content/uploads/2025/12/GrinchCatalogo-10-scaled.jpg",,,,,,,,,0,,0,default,default,default,default,default,,,,30,set,
7995,simple,,,"Onda de Mudança - Candy Color",1,0,visible,"<p class=""p1"">Uma nova versão do nosso espetáculo autoral, agora ainda mais lúdica, delicada e visualmente encantadora. Em figurinos personalizados em tons candy color, o fundo do mar ganha uma estética suave, colorida e perfeita para o público infantil.</p>\n<p class=""p1"">Dessa vez, a aventura acontece nas profundezas do oceano, onde os personagens já vivem no fundo do mar ao lado do Príncipe Aquiles. Entre descobertas, amizade e consciência ambiental, a história conduz as crianças por uma jornada mágica, leve e cheia de propósito.</p>\n<p class=""p1"">Um espetáculo com canto ao vivo, interação envolvente e uma atmosfera doce, divertida e transformadora — sem perder a essência emocionante de Onda de Mudança.</p>",,,,taxable,,1,,,0,0,,,,,0,,,,"Fundo do Mar, Infantil","candy color, canto ao vivo, conscientização ambiental, cores suaves, espetáculo autoral manto, fantasia marinha, fundo do mar, manto produções, musical infantil, onda de mudança, onda de mudança candy color, personagens mágicos, personagens marinhos, príncipe aquiles, show infantil, temática oceano",,"https://mantoproducoes.com.br/wp-content/uploads/2026/02/cuiaba-04.jpg, https://mantoproducoes.com.br/wp-content/uploads/2026/02/cuiaba-15.jpg, https://mantoproducoes.com.br/wp-content/uploads/2026/02/cuiaba-07.jpg, https://mantoproducoes.com.br/wp-content/uploads/2026/02/cuiaba-08.jpg, https://mantoproducoes.com.br/wp-content/uploads/2026/02/cuiaba-09.jpg, https://mantoproducoes.com.br/wp-content/uploads/2026/02/cuiaba-10.jpg, https://mantoproducoes.com.br/wp-content/uploads/2026/02/cuiaba-11.jpg, https://mantoproducoes.com.br/wp-content/uploads/2026/02/cuiaba-12.jpg, https://mantoproducoes.com.br/wp-content/uploads/2026/02/cuiaba-13.jpg, https://mantoproducoes.com.br/wp-content/uploads/2026/02/cuiaba-14.jpg",,,,,,,,,0,,0,default,default,default,default,default,,,,210,set,
8039,simple,,,"Tartarugas Ninja",1,0,visible,"<p class=""p1"">Direto dos esgotos para o seu evento, as Tartarugas Ninja chegam com muita ação, carisma e espírito de equipe! Mestres nas artes marciais e apaixonadas por pizza, elas encantam o público com poses heroicas, interação divertida e energia contagiante. Perfeitas para festas cheias de aventura, adrenalina e universo geek.</p>",,,,taxable,,1,,,0,0,,,,,0,,,,"Filmes/Séries, Infantil","ação, aventura, diversão interativa, espetáculo temático, festa temática, heróis, personagens de combate, personagens manto, show infantil, super equipe, tartarugas ninja, universo geek",,"https://mantoproducoes.com.br/wp-content/uploads/2026/02/f374d53f-09cb-4047-927c-844b320ec4ba.jpg, https://mantoproducoes.com.br/wp-content/uploads/2026/02/4024b8aa-375c-43bd-ad85-975b9ea9c0b2.jpg, https://mantoproducoes.com.br/wp-content/uploads/2026/02/1bd66383-500e-4acc-8000-3696268c52dc.jpg, https://mantoproducoes.com.br/wp-content/uploads/2026/02/f975d857-eb79-45f6-a0cb-175e4ec99780.jpg, https://mantoproducoes.com.br/wp-content/uploads/2026/02/ff36d7be-2ff4-4fc4-8223-84d456a2c97a.jpg, https://mantoproducoes.com.br/wp-content/uploads/2026/02/d5cef0c6-1f3b-435a-a624-7e78019e1e51.jpg, https://mantoproducoes.com.br/wp-content/uploads/2026/02/ba261b40-ab60-4e09-817c-e4442f99a5f8.jpg, https://mantoproducoes.com.br/wp-content/uploads/2026/02/73a0acfe-9c82-4933-a6ad-fd07e9d6e25d.jpg",,,,,,,,,0,,0,default,default,default,default,default,,,,77,set,
8083,simple,,,"Homem de Ferro",1,0,visible,"<p class=""p1"">Direto do universo dos super-heróis, o Homem de Ferro chega com sua armadura icônica e presença poderosa para transformar qualquer evento em uma verdadeira missão heroica. Carismático, tecnológico e cheio de atitude, ele encanta fãs de todas as idades com poses épicas, interação e muita energia.</p>",,,,taxable,,1,,,0,0,,,,,0,,,,Heróis,"ação, espetáculo temático, evento geek, festa temática, heróis, homem de ferro, magia dos personagens, personagem icônico, personagem tecnológico, personagens manto, super-herói, universo marvel",,"https://mantoproducoes.com.br/wp-content/uploads/2026/03/HeroisCaio-14-scaled.jpg, https://mantoproducoes.com.br/wp-content/uploads/2026/03/HeroisCaio-19-scaled.jpg, https://mantoproducoes.com.br/wp-content/uploads/2026/03/HeroisCaio-18-scaled.jpg, https://mantoproducoes.com.br/wp-content/uploads/2026/03/HeroisCaio-17-scaled.jpg, https://mantoproducoes.com.br/wp-content/uploads/2026/03/HeroisCaio-16-scaled.jpg, https://mantoproducoes.com.br/wp-content/uploads/2026/03/HeroisCaio-15-scaled.jpg, https://mantoproducoes.com.br/wp-content/uploads/2026/03/HeroisCaio-13-scaled.jpg, https://mantoproducoes.com.br/wp-content/uploads/2026/03/HeroisCaio-12-scaled.jpg",,,,,,,,,0,,0,default,default,default,default,default,,,,161,set,
8092,simple,,,"Kelly Bee (Abelha)",1,0,visible,"<p class=""p1"">Direto de um jardim cheio de flores e música, Kelly Bee chega espalhando alegria, doçura e muito carisma! Uma abelhinha cheia de personalidade que encanta crianças e adultos com sua energia contagiante e seu visual vibrante. Perfeita para eventos coloridos, mágicos e cheios de vida.</p>",,,,taxable,,1,,,0,0,,,,,0,,,,"Animais, Jardim Mágico","abelha, diversão, evento infantil, fantasia infantil, jardim mágico, magia, mundo encantado, natureza, personagem colorido, personagem infantil, personagem manto, universo lúdico",,"https://mantoproducoes.com.br/wp-content/uploads/2026/03/unicharm2026-200.jpg, https://mantoproducoes.com.br/wp-content/uploads/2026/03/unicharm2026-197.jpg, https://mantoproducoes.com.br/wp-content/uploads/2026/03/unicharm2026-199-scaled.jpg, https://mantoproducoes.com.br/wp-content/uploads/2026/03/unicharm2026-198-scaled.jpg",,,,,,,,,0,,0,default,default,default,default,default,,,,50,set,
8122,simple,,,"Os Beatles",1,0,visible,"<p class=""p1"">Uma viagem direta para a era de ouro do rock! Inspirados na banda mais icônica da história, esses personagens trazem o estilo, o carisma e a energia que marcaram gerações. Com figurinos clássicos e muita atitude no palco, eles criam uma atmosfera retrô, elegante e cheia de música — perfeita para eventos temáticos, festas e experiências memoráveis.</p>",,,,taxable,,1,,,0,0,,,,,0,,,,Cantoras,"anos 60, banda clássica, espetáculo musical, estilo vintage, evento adulto, evento corporativo, festa retrô, música retrô, personagens musicais, rock clássico, show temático, the beatles",,"https://mantoproducoes.com.br/wp-content/uploads/2026/03/IMG_0693-1-scaled.jpg, https://mantoproducoes.com.br/wp-content/uploads/2026/03/IMG_0581-scaled.jpg, https://mantoproducoes.com.br/wp-content/uploads/2026/03/IMG_0528-scaled.jpg, https://mantoproducoes.com.br/wp-content/uploads/2026/03/IMG_0436-scaled.jpg, https://mantoproducoes.com.br/wp-content/uploads/2026/03/IMG_0416-scaled.jpg, https://mantoproducoes.com.br/wp-content/uploads/2026/03/IMG_0446-scaled.jpg",,,,,,,,,0,,0,default,default,default,default,default,,,,33,set,
8130,simple,,,"Maquinista e Comissário",1,0,visible,"<p class=""p1"">Os primeiros a dar as boas-vindas para uma viagem cheia de encanto! Com figurinos lúdicos, maquiagem artística impecável e muita presença cênica, o Maquinista e o Comissário recebem os convidados como se estivessem embarcando em uma jornada mágica. Perfeitos para recepções marcantes, eles criam desde o primeiro momento uma atmosfera de fantasia e encantamento no evento.</p>",,,,taxable,,1,,,0,0,,,,,0,,,,"15 Anos, Animadores de Pista, Balada, Performáticos","comissario, entrada mágica, espetáculo itinerante, evento temático, experiência imersiva, fantasia, maquiagem artística, maquinista, personagens interativos, personagens lúdicos, personagens manto, recepção encantada, recepção temática",,"https://mantoproducoes.com.br/wp-content/uploads/2026/03/maquinista-e-comissario-1-3-scaled.jpg, https://mantoproducoes.com.br/wp-content/uploads/2026/03/maquinista-e-comissario-5-scaled.jpg, https://mantoproducoes.com.br/wp-content/uploads/2026/03/maquinista-e-comissario-3-scaled.jpg, https://mantoproducoes.com.br/wp-content/uploads/2026/03/maquinista-e-comissario-2-scaled.jpg, https://mantoproducoes.com.br/wp-content/uploads/2026/03/maquinista-e-comissario-4-scaled.jpg",,,,,,,,,0,,0,default,default,default,default,default,,,,46,set,
8143,simple,,,Bilheteira,1,0,visible,"<p class=""p1"">Com charme teatral e presença cênica marcante, a Bilheteira é quem abre as portas para o espetáculo. Com figurino temático, maquiagem artística e muita simpatia, ela recebe os convidados como se estivessem entrando em um grande teatro ou parque encantado, tornando a chegada ao evento ainda mais especial e cheia de magia.</p>",,,,taxable,,1,,,0,0,,,,,0,,,,"Animadores de Pista, Corporativos","bilheteira, entrada mágica, espetáculo, evento temático, experiência imersiva, fantasia, personagem interativo, personagens lúdicos, personagens manto, recepção encantada, recepção temática, teatro",,"https://mantoproducoes.com.br/wp-content/uploads/2026/03/bilheteira-1-1.jpg, https://mantoproducoes.com.br/wp-content/uploads/2026/03/bilheteira-2-scaled.jpg, https://mantoproducoes.com.br/wp-content/uploads/2026/03/bilheteira-4-scaled.jpg, https://mantoproducoes.com.br/wp-content/uploads/2026/03/bilheteira-3-scaled.jpg, https://mantoproducoes.com.br/wp-content/uploads/2026/03/bilheteira-5-scaled.jpg",,,,,,,,,0,,0,default,default,default,default,default,,,,63,set,
8290,simple,,,DivertidaManto,1,0,visible,"<p class=""p1"">Uma turma exclusiva da Manto Produções, criada para transformar qualquer evento em uma explosão de alegria, cor e emoção! Com personalidades únicas e figurinos vibrantes, os personagens da Divertidamanto interagem, dançam e encantam o público com uma energia contagiante. Um show autoral cheio de identidade, magia e diversão do jeitinho Manto.</p>",,,,taxable,,1,,,0,0,,,,,0,,,,Infantil,"diversão, divertidamanto, espetáculo mágico, evento temático, fantasia, interação, manto produções, personagens autorais, personagens coloridos, show infantil, turma manto, universo manto",,"https://mantoproducoes.com.br/wp-content/uploads/2026/03/IMG_2675-scaled-e1774008502453.jpg, https://mantoproducoes.com.br/wp-content/uploads/2026/03/IMG_2605-scaled.jpg, https://mantoproducoes.com.br/wp-content/uploads/2026/03/IMG_2650-scaled.jpg, https://mantoproducoes.com.br/wp-content/uploads/2026/03/IMG_2705-scaled.jpg, https://mantoproducoes.com.br/wp-content/uploads/2026/03/IMG_1417-scaled.jpg, https://mantoproducoes.com.br/wp-content/uploads/2026/03/IMG_1797-scaled.jpg, https://mantoproducoes.com.br/wp-content/uploads/2026/03/IMG_1627-scaled.jpg, https://mantoproducoes.com.br/wp-content/uploads/2026/03/IMG_1694-scaled.jpg, https://mantoproducoes.com.br/wp-content/uploads/2026/03/IMG_1214-scaled.jpg",,,,,,,,,0,,0,default,default,default,default,default,,,,18,set,
8310,simple,,,"Bistekão e Cukão (Cachorros)",1,0,visible,"<p class=""p1"">Dois cachorros carismáticos, brincalhões e cheios de energia que conquistam todo mundo por onde passam! Bistekão e Cukão chegam com muito humor, interação e aquele jeitinho divertido que faz crianças e adultos entrarem na brincadeira. Perfeitos para eventos leves, animados e cheios de alegria.</p>",,,,taxable,,1,,,0,0,,,,,0,,,,"Animais, Infantil","animação, cachorros, diversão, dupla divertida, evento temático, fantasia animal, interação, personagem infantil, personagens lúdicos, personagens manto, show infantil, universo mágico",,"https://mantoproducoes.com.br/wp-content/uploads/2026/03/IMG_1220-scaled-e1774008596714.jpg, https://mantoproducoes.com.br/wp-content/uploads/2026/03/IMG_2314-scaled.jpg, https://mantoproducoes.com.br/wp-content/uploads/2026/03/IMG_1405-scaled.jpg, https://mantoproducoes.com.br/wp-content/uploads/2026/03/IMG_2324-scaled.jpg, https://mantoproducoes.com.br/wp-content/uploads/2026/03/IMG_2342-1-scaled.jpg, https://mantoproducoes.com.br/wp-content/uploads/2026/03/IMG_1214-scaled.jpg, https://mantoproducoes.com.br/wp-content/uploads/2026/03/IMG_2337-scaled.jpg",,,,,,,,,0,,0,default,default,default,default,default,,,,38,set,
8313,simple,,,"Art e Patch (Artesãos de Ovos)",1,0,visible,"<p class=""p1"">Uma dupla criativa e encantadora que transforma ovos em verdadeiras obras de arte! Art e Patch chegam com figurinos lúdicos, cheios de detalhes e texturas, trazendo o universo artesanal para dentro do evento com muita magia e interação. Perfeitos para Páscoa e experiências criativas, eles encantam com seu jeitinho único e artístico.</p>",,,,taxable,,1,,,0,0,,,,,0,,,,Páscoa,"art e patch, artesãos de ovos, criatividade, dupla temática, evento temático, experiência encantada, fantasia lúdica, interação, páscoa, personagens criativos., personagens manto, universo mágico",,"https://mantoproducoes.com.br/wp-content/uploads/2026/03/C2_04210-scaled-e1774277533190.jpg, https://mantoproducoes.com.br/wp-content/uploads/2026/03/C2_04261-scaled.jpg, https://mantoproducoes.com.br/wp-content/uploads/2026/03/C2_04157-scaled.jpg, https://mantoproducoes.com.br/wp-content/uploads/2026/03/C2_04219-scaled.jpg, https://mantoproducoes.com.br/wp-content/uploads/2026/03/C2_04164-scaled.jpg, https://mantoproducoes.com.br/wp-content/uploads/2026/03/C2_04125-scaled.jpg, https://mantoproducoes.com.br/wp-content/uploads/2026/03/C2_04126-scaled.jpg, https://mantoproducoes.com.br/wp-content/uploads/2026/03/C2_04236-scaled.jpg, https://mantoproducoes.com.br/wp-content/uploads/2026/03/C2_04234-scaled.jpg, https://mantoproducoes.com.br/wp-content/uploads/2026/03/C2_04257-scaled.jpg",,,,,,,,,0,,0,default,default,default,default,default,,,,96,set,
8339,simple,,,"Sir Bunny Rouge e Lady Blanc",1,0,visible,"<p class=""p1"">Um casal sofisticado e encantador que mistura elegância, mistério e o charme da Páscoa em uma estética fashion e imponente. Com figurinos refinados, maquiagem artística e uma presença marcante, eles transformam qualquer evento em uma experiência exclusiva e cheia de estilo. Perfeitos para recepções, eventos premium e cenários onde o encanto encontra o luxo.</p>",,,,taxable,,1,,,0,0,,,,,0,,,,Páscoa,"casal temático, coelhos elegantes, evento corporativo, experiência encantada, fantasia elegante, figurino fashion, maquiagem artística, páscoa premium, personagens exclusivos, personagens manto, personagens sofisticados, recepção de luxo",,"https://mantoproducoes.com.br/wp-content/uploads/2026/03/C2_04385-scaled-e1774277621168.jpg, https://mantoproducoes.com.br/wp-content/uploads/2026/03/C2_04303-scaled.jpg, https://mantoproducoes.com.br/wp-content/uploads/2026/03/C2_04431-scaled.jpg, https://mantoproducoes.com.br/wp-content/uploads/2026/03/C2_04390-scaled.jpg, https://mantoproducoes.com.br/wp-content/uploads/2026/03/C2_04413-scaled.jpg, https://mantoproducoes.com.br/wp-content/uploads/2026/03/C2_04467-scaled.jpg, https://mantoproducoes.com.br/wp-content/uploads/2026/03/C2_04398-scaled.jpg, https://mantoproducoes.com.br/wp-content/uploads/2026/03/C2_04489-scaled.jpg",,,,,,,,,0,,0,default,default,default,default,default,,,,44,set,
8366,simple,,,"Mickey e Minnie Páscoa",1,0,visible,"<p class=""p1"">Os personagens mais amados chegam em uma versão especial de Páscoa, cheios de charme, cores suaves e muito encanto! Com figurinos temáticos e uma energia contagiante, Mickey e Minnie recebem o público com carinho, fotos e momentos mágicos que deixam o evento ainda mais inesquecível.</p>",,,,taxable,,1,,,0,0,,,,,0,,,,"Turma Disney","coelhos, diversão, evento infantil, experiência mágica, fantasia temática, magia, mickey e minnie, páscoa, personagens clássicos, personagens manto, recepção encantada",,"https://mantoproducoes.com.br/wp-content/uploads/2026/03/PASCOA-01-scaled-e1774537557388.jpg, https://mantoproducoes.com.br/wp-content/uploads/2026/03/PASCOA-10-scaled.jpg, https://mantoproducoes.com.br/wp-content/uploads/2026/03/PASCOA-06-scaled.jpg, https://mantoproducoes.com.br/wp-content/uploads/2026/03/PASCOA-02-scaled.jpg, https://mantoproducoes.com.br/wp-content/uploads/2026/03/PASCOA-09-scaled.jpg, https://mantoproducoes.com.br/wp-content/uploads/2026/03/PASCOA-07-scaled.jpg, https://mantoproducoes.com.br/wp-content/uploads/2026/03/PASCOA-04-scaled.jpg, https://mantoproducoes.com.br/wp-content/uploads/2026/03/PASCOA-08-scaled.jpg, https://mantoproducoes.com.br/wp-content/uploads/2026/03/PASCOA-05-scaled.jpg, https://mantoproducoes.com.br/wp-content/uploads/2026/03/PASCOA-03-scaled.jpg",,,,,,,,,0,,0,default,default,default,default,default,,,,70,set,
8389,simple,,,"Mickey e Minnie Candy Color",1,0,visible,"<p class=""p1"">Os personagens mais amados em uma versão ainda mais delicada e encantadora! Com figurinos em tons candy color, Mickey e Minnie ganham uma estética suave, moderna e super charmosa. Perfeitos para eventos elegantes, infantis ou cenários instagramáveis, eles trazem leveza, cor e muita magia para cada momento.</p>",,,,taxable,,1,,,0,0,,,,,0,,,,"Turma Disney","candy color, cores suaves, estética pastel, evento infantil, experiência lúdica, fantasia delicada, magia, mickey e minnie, personagens clássicos, personagens mágicos, personagens manto, recepção encantada",,"https://mantoproducoes.com.br/wp-content/uploads/2026/03/CANDY-07-scaled-e1774537671702.jpg, https://mantoproducoes.com.br/wp-content/uploads/2026/03/CANDY-01-scaled.jpg, https://mantoproducoes.com.br/wp-content/uploads/2026/03/CANDY-12-scaled.jpg, https://mantoproducoes.com.br/wp-content/uploads/2026/03/CANDY-05-scaled.jpg, https://mantoproducoes.com.br/wp-content/uploads/2026/03/CANDY-04-scaled.jpg, https://mantoproducoes.com.br/wp-content/uploads/2026/03/CANDY-11-scaled.jpg, https://mantoproducoes.com.br/wp-content/uploads/2026/03/CANDY-06-scaled.jpg, https://mantoproducoes.com.br/wp-content/uploads/2026/03/CANDY-03-scaled.jpg, https://mantoproducoes.com.br/wp-content/uploads/2026/03/CANDY-10-scaled.jpg, https://mantoproducoes.com.br/wp-content/uploads/2026/03/CANDY-02-scaled.jpg, https://mantoproducoes.com.br/wp-content/uploads/2026/03/CANDY-08-scaled.jpg",,,,,,,,,0,,0,default,default,default,default,default,,,,70,set,
8422,simple,,,"Mulheres Lustres",1,0,visible,"<p class=""p1"">Elegantes, imponentes e luminosas, as Mulheres Lustre são verdadeiras obras de arte vivas. Com figurinos sofisticados que remetem a lustres luxuosos, elas iluminam o ambiente com charme e presença cênica, criando uma recepção inesquecível. Perfeitas para eventos corporativos e sociais que pedem impacto, glamour e exclusividade.</p>",,,,taxable,,1,,,0,0,,,,,0,,,,"15 Anos, Corporativos, Social","evento corporativo, evento social, experiência premium, figurino sofisticado, glamour, impacto, mulheres lustre, performance visual, personagens de destaque, personagens elegantes, personagens manto, recepção de luxo",,"https://mantoproducoes.com.br/wp-content/uploads/2026/04/C2_01268-scaled-e1775496005613.jpg, https://mantoproducoes.com.br/wp-content/uploads/2026/04/C2_01324-scaled.jpg, https://mantoproducoes.com.br/wp-content/uploads/2026/04/C2_01327-scaled.jpg, https://mantoproducoes.com.br/wp-content/uploads/2026/04/C2_01316-scaled.jpg, https://mantoproducoes.com.br/wp-content/uploads/2026/04/C2_01336-scaled.jpg, https://mantoproducoes.com.br/wp-content/uploads/2026/04/C2_01284-scaled.jpg, https://mantoproducoes.com.br/wp-content/uploads/2026/04/C2_01280-scaled.jpg, https://mantoproducoes.com.br/wp-content/uploads/2026/04/C2_01282-scaled.jpg, https://mantoproducoes.com.br/wp-content/uploads/2026/04/C2_01313-scaled.jpg, https://mantoproducoes.com.br/wp-content/uploads/2026/04/C2_01309-scaled.jpg, https://mantoproducoes.com.br/wp-content/uploads/2026/04/C2_01345-scaled.jpg",,,,,,,,,0,,0,default,default,default,default,default,,,,93,set,
9494,simple,,,"Mickey e Minnie Marinheiros",1,0,visible,"<p class=""p1"">Navegando por mares de magia e diversão, Mickey e Minnie surgem em uma encantadora versão marinheira! Com figurinos inspirados no universo náutico, eles recebem os convidados com muito carisma, elegância e aquele toque clássico que atravessa gerações. Uma atração perfeita para eventos à beira-mar, festas temáticas e momentos inesquecíveis cheios de aventura e encanto.</p>",,,,taxable,,1,,,0,0,,,,,0,,,,"Turma Disney","aventura, diversão em família, evento infantil, fantasia lúdica, magia, marinheiros, mickey e minnie marinheiros, personagens clássicos, personagens manto, personagens temáticos, recepção encantada, tema náutico, universo marítimo",,"https://mantoproducoes.com.br/wp-content/uploads/2026/06/WhatsApp-Image-2026-06-09-at-18.12.33-e1781120048527.jpeg, https://mantoproducoes.com.br/wp-content/uploads/2026/06/WhatsApp-Image-2026-06-02-at-13.26.31.jpeg, https://mantoproducoes.com.br/wp-content/uploads/2026/06/WhatsApp-Image-2026-06-02-at-13.26.31-2.jpeg, https://mantoproducoes.com.br/wp-content/uploads/2026/06/WhatsApp-Image-2026-06-02-at-13.26.31-1.jpeg, https://mantoproducoes.com.br/wp-content/uploads/2026/06/WhatsApp-Image-2026-06-02-at-13.26.30-1.jpeg, https://mantoproducoes.com.br/wp-content/uploads/2026/06/WhatsApp-Image-2026-06-02-at-13.26.19.jpeg, https://mantoproducoes.com.br/wp-content/uploads/2026/06/WhatsApp-Image-2026-06-02-at-13.26.19-2.jpeg",,,,,,,,,0,,0,default,default,default,default,default,,,,24,set,
9518,simple,,,Pica-Pau,1,0,visible,"<p class=""p1"">Irreverente, divertido e cheio de personalidade, o Pica-Pau chega para arrancar risadas e encantar o público com suas famosas trapalhadas. Sempre aprontando uma nova confusão, ele transforma qualquer evento em um momento leve, animado e repleto de diversão. Um clássico que conquista gerações com seu humor único e energia contagiante.</p>",,,,taxable,,1,,,0,0,,,,,0,,,,Filmes/Séries,"animação infantil, desenho animado, diversão, entretenimento, evento temático, festa infantil., humor, interação, nostalgia, personagem clássico, personagem divertido, personagens manto, pica-pau",,"https://mantoproducoes.com.br/wp-content/uploads/2026/06/pocapau-1-e1781120169785.jpg, https://mantoproducoes.com.br/wp-content/uploads/2026/06/pocapau-8.jpg, https://mantoproducoes.com.br/wp-content/uploads/2026/06/pocapau-7.jpg, https://mantoproducoes.com.br/wp-content/uploads/2026/06/pocapau-6.jpg, https://mantoproducoes.com.br/wp-content/uploads/2026/06/pocapau-5.jpg, https://mantoproducoes.com.br/wp-content/uploads/2026/06/pocapau-4.jpg, https://mantoproducoes.com.br/wp-content/uploads/2026/06/pocapau-3.jpg, https://mantoproducoes.com.br/wp-content/uploads/2026/06/pocapau-2.jpg",,,,,,,,,0,,0,default,default,default,default,default,,,,6,set,
9613,simple,,,"Mascotes Copa 2026",1,0,visible,"<p class=""p1"">Os mascotes oficiais da Copa do Mundo de 2026 chegam cheios de personalidade, energia e espírito esportivo! Representando os países-sede do torneio, eles encantam o público com muita interação, animação e carisma, transformando qualquer evento em uma verdadeira celebração do futebol. Uma atração perfeita para ativações, eventos corporativos, fan fests, escolas e experiências temáticas que respiram Copa do Mundo.</p>",,,,taxable,,1,,,0,0,,,,,0,,,,"Infantil, Personalidades","animação, clutch, copa do mundo, entretenimento esportivo, espetáculo interativo, evento temático, experiência futebolística, fan fest, futebol, maple, mascotes da copa 2026, personagens esportivos, personagens exclusivos, personagens manto, zayu",,"https://mantoproducoes.com.br/wp-content/uploads/2026/06/13-e1781278839870.png, https://mantoproducoes.com.br/wp-content/uploads/2026/06/15.png, https://mantoproducoes.com.br/wp-content/uploads/2026/06/16.png, https://mantoproducoes.com.br/wp-content/uploads/2026/06/14.png, https://mantoproducoes.com.br/wp-content/uploads/2026/06/9.png, https://mantoproducoes.com.br/wp-content/uploads/2026/06/10.png, https://mantoproducoes.com.br/wp-content/uploads/2026/06/11.png, https://mantoproducoes.com.br/wp-content/uploads/2026/06/5.png, https://mantoproducoes.com.br/wp-content/uploads/2026/06/6.png, https://mantoproducoes.com.br/wp-content/uploads/2026/06/7.png, https://mantoproducoes.com.br/wp-content/uploads/2026/06/1.png, https://mantoproducoes.com.br/wp-content/uploads/2026/06/2.png, https://mantoproducoes.com.br/wp-content/uploads/2026/06/3.png",,,,,,,,,0,,0,default,default,default,default,default,,,,33,set,
10041,simple,,,Lego,1,0,visible,"<p class=""p1"">Um universo onde a imaginação ganha forma! Os personagens inspirados em LEGO levam criatividade, aventura e muita diversão para o seu evento. Com figurinos marcantes e um visual fiel ao famoso mundo dos bloquinhos, eles encantam crianças e adultos, transformando qualquer ocasião em uma experiência cheia de magia e construção de memórias inesquecíveis.</p>",,,,taxable,,1,,,0,0,,,,,0,,,,Infantil,"aventura, criatividade, diversão, espetáculo infantil, evento temático, fantasia, interação, lego, magia, personagens infantis, personagens manto, universo dos bloquinhos",,"https://mantoproducoes.com.br/wp-content/uploads/2026/07/WhatsApp-Image-2026-07-01-at-09.59.05-2.jpeg, https://mantoproducoes.com.br/wp-content/uploads/2026/07/WhatsApp-Image-2026-07-01-at-09.59.05.jpeg, https://mantoproducoes.com.br/wp-content/uploads/2026/07/WhatsApp-Image-2026-07-01-at-09.59.05-3.jpeg, https://mantoproducoes.com.br/wp-content/uploads/2026/07/WhatsApp-Image-2026-07-01-at-10.01.55.jpeg, https://mantoproducoes.com.br/wp-content/uploads/2026/07/WhatsApp-Image-2026-07-01-at-09.59.05-1.jpeg, https://mantoproducoes.com.br/wp-content/uploads/2026/07/WhatsApp-Image-2026-07-01-at-10.01.54.jpeg, https://mantoproducoes.com.br/wp-content/uploads/2026/07/WhatsApp-Image-2026-07-01-at-09.59.04.jpeg",,,,,,,,,0,,0,default,default,default,default,default,,,,18,set,
10050,simple,,,Blippi,1,0,visible,"<p class=""p1"">Cheio de energia, curiosidade e diversão, o Blippi transforma qualquer evento em uma grande aventura! Com seu visual marcante e jeito divertido, ele encanta as crianças através de brincadeiras, descobertas e muita interação, criando momentos inesquecíveis para toda a família.</p>",,,,taxable,,1,,,0,0,,,,,0,,,,Infantil,"aventura, blippi, diversão, entretenimento, evento infantil, experiência infantil, fantasia, interação, magia, personagem infantil, personagens educativos, personagens manto, show infantil",,"https://mantoproducoes.com.br/wp-content/uploads/2026/07/WhatsApp-Image-2026-07-01-at-13.50.19-1.jpeg, https://mantoproducoes.com.br/wp-content/uploads/2026/07/WhatsApp-Image-2026-07-01-at-13.50.20.jpeg, https://mantoproducoes.com.br/wp-content/uploads/2026/07/WhatsApp-Image-2026-07-01-at-13.50.19.jpeg, https://mantoproducoes.com.br/wp-content/uploads/2026/07/WhatsApp-Image-2026-07-01-at-13.50.19-3.jpeg, https://mantoproducoes.com.br/wp-content/uploads/2026/07/WhatsApp-Image-2026-07-01-at-13.50.19-2.jpeg",,,,,,,,,0,,0,default,default,default,default,default,,,,8,set,
10075,simple,,,"Vintage Dancers",1,0,visible,"<p class=""p1"">Elegância, charme e muita personalidade definem os Vintage Dancers. Inspirados nos grandes bailes e espetáculos de época, eles encantam com figurinos clássicos, coreografias envolventes e uma presença marcante. Perfeitos para recepções, eventos corporativos, festas sociais e experiências que pedem sofisticação e um toque retrô cheio de magia.</p>",,,,taxable,,1,,,0,0,,,,,0,,,,"15 Anos, Animadores de Pista, Balada, Corporativos, Social","dança, dançarinos, elegância, espetáculo, evento corporativo, evento social, figurinos clássicos, magia, performance artística, personagens manto, recepção temática, retrô, vintage dancers",,"https://mantoproducoes.com.br/wp-content/uploads/2026/07/VINTAGEDANCERS-65-e1782927224453.jpg, https://mantoproducoes.com.br/wp-content/uploads/2026/07/VINTAGEDANCERS-06-scaled.jpg, https://mantoproducoes.com.br/wp-content/uploads/2026/07/VINTAGEDANCERS-51-scaled.jpg, https://mantoproducoes.com.br/wp-content/uploads/2026/07/VINTAGEDANCERS-42-scaled.jpg, https://mantoproducoes.com.br/wp-content/uploads/2026/07/VINTAGEDANCERS-40-scaled.jpg, https://mantoproducoes.com.br/wp-content/uploads/2026/07/VINTAGEDANCERS-36-scaled.jpg, https://mantoproducoes.com.br/wp-content/uploads/2026/07/VINTAGEDANCERS-34-scaled.jpg, https://mantoproducoes.com.br/wp-content/uploads/2026/07/VINTAGEDANCERS-30-scaled.jpg, https://mantoproducoes.com.br/wp-content/uploads/2026/07/VINTAGEDANCERS-28-scaled.jpg, https://mantoproducoes.com.br/wp-content/uploads/2026/07/VINTAGEDANCERS-23-scaled.jpg, https://mantoproducoes.com.br/wp-content/uploads/2026/07/VINTAGEDANCERS-16-scaled.jpg, https://mantoproducoes.com.br/wp-content/uploads/2026/07/VINTAGEDANCERS-11-scaled.jpg",,,,,,,,,0,,0,default,default,default,default,default,,,,4,set,
10080,simple,,,"Baloeiros Coloridos",1,0,visible,"<p class=""p1"">Leves, divertidos e cheios de encanto, os Baloeiros espalham cor, alegria e sorrisos por onde passam. Com figurinos lúdicos e balões que transformam o ambiente em um cenário mágico, eles são perfeitos para recepcionar convidados, interagir com o público e criar momentos inesquecíveis em eventos infantis, corporativos e sociais.</p>",,,,taxable,,1,,,0,0,,,,,0,,,,"15 Anos, Corporativos, Infantil, Social","alegria, baloeiros, balões, evento corporativo, evento infantil, fantasia, festa temática, interação, magia, personagens coloridos, personagens lúdicos, personagens manto, recepção encantada",,"https://mantoproducoes.com.br/wp-content/uploads/2026/07/VINTAGEDANCERS-67-e1782927482900.jpg, https://mantoproducoes.com.br/wp-content/uploads/2026/07/BALOEIROS-35-scaled.jpg, https://mantoproducoes.com.br/wp-content/uploads/2026/07/BALOEIROS-27-scaled.jpg, https://mantoproducoes.com.br/wp-content/uploads/2026/07/BALOEIROS-25-scaled.jpg, https://mantoproducoes.com.br/wp-content/uploads/2026/07/BALOEIROS-15-scaled.jpg, https://mantoproducoes.com.br/wp-content/uploads/2026/07/BALOEIROS-13-scaled.jpg, https://mantoproducoes.com.br/wp-content/uploads/2026/07/BALOEIROS-11-scaled.jpg, https://mantoproducoes.com.br/wp-content/uploads/2026/07/BALOEIROS-10-scaled.jpg, https://mantoproducoes.com.br/wp-content/uploads/2026/07/BALOEIROS-08-scaled.jpg, https://mantoproducoes.com.br/wp-content/uploads/2026/07/BALOEIROS-06-scaled.jpg, https://mantoproducoes.com.br/wp-content/uploads/2026/07/BALOEIROS-33-scaled.jpg",,,,,,,,,0,,0,default,default,default,default,default,,,,20,set,
10130,simple,,,"Casal Morangos",1,0,visible,"<p class=""p1"">Doces, divertidos e irresistivelmente encantadores! O Casal Morangos leva um toque de delicadeza e alegria para qualquer evento com figurinos inspirados na fruta mais apaixonante de todas. Com cores vibrantes, muito carisma e uma energia contagiante, eles recebem o público com interação, charme e uma atmosfera lúdica que conquista crianças e adultos.</p>",,,,taxable,,1,,,0,0,,,,,0,,,,"Casais, Corporativos, Docinhos, Social","casal morangos, diversão, evento infantil, evento temático, fantasia encantada, fantasia temática, interação, magia, morango, personagens coloridos, personagens lúdicos, personagens manto, recepção encantada",,"https://mantoproducoes.com.br/wp-content/uploads/2026/07/CASALMORANGOSU-e1782928033900.jpg, https://mantoproducoes.com.br/wp-content/uploads/2026/07/CASALMORANGOS-03-scaled.jpg, https://mantoproducoes.com.br/wp-content/uploads/2026/07/CASALMORANGOS-26-scaled.jpg, https://mantoproducoes.com.br/wp-content/uploads/2026/07/CASALMORANGOS-16-scaled.jpg, https://mantoproducoes.com.br/wp-content/uploads/2026/07/CASALMORANGOS-45-scaled.jpg, https://mantoproducoes.com.br/wp-content/uploads/2026/07/CASALMORANGOS-11-scaled.jpg, https://mantoproducoes.com.br/wp-content/uploads/2026/07/CASALMORANGOS-20-scaled.jpg, https://mantoproducoes.com.br/wp-content/uploads/2026/07/CASALMORANGOS-23-scaled.jpg, https://mantoproducoes.com.br/wp-content/uploads/2026/07/CASALMORANGOS-05-scaled.jpg, https://mantoproducoes.com.br/wp-content/uploads/2026/07/CASALMORANGOS-44-scaled.jpg, https://mantoproducoes.com.br/wp-content/uploads/2026/07/CASALMORANGOS-42-scaled.jpg, https://mantoproducoes.com.br/wp-content/uploads/2026/07/CASALMORANGOS-08-scaled.jpg",,,,,,,,,0,,0,default,default,default,default,default,,,,17,set,
10138,simple,,,Mensageiros,1,0,visible,"<p class=""p1"">Elegantes, ágeis e sempre prontos para surpreender, os Mensageiros levam recados, convites, brindes e pequenas surpresas de forma criativa e encantadora. Com figurinos sofisticados e muita interação, eles transformam simples entregas em momentos especiais, tornando cada evento ainda mais mágico e inesquecível.</p>",,,,taxable,,1,,,0,0,,,,,0,,,,"15 Anos, Corporativos, Social","entrega de brindes, evento corporativo, evento social, experiência interativa, fantasia, interação, magia, mensageiros, performance, personagens elegantes, personagens manto, personagens temáticos, recepção",,"https://mantoproducoes.com.br/wp-content/uploads/2026/07/mensageiros-e1782928071132.jpg, https://mantoproducoes.com.br/wp-content/uploads/2026/07/MENSAGEIROS-08-scaled.jpg, https://mantoproducoes.com.br/wp-content/uploads/2026/07/MENSAGEIROS-05-scaled.jpg, https://mantoproducoes.com.br/wp-content/uploads/2026/07/MENSAGEIROS-03-scaled.jpg, https://mantoproducoes.com.br/wp-content/uploads/2026/07/MENSAGEIROS-01-scaled.jpg, https://mantoproducoes.com.br/wp-content/uploads/2026/07/MENSAGEIROS-19-scaled.jpg",,,,,,,,,0,,0,default,default,default,default,default,,,,2,set,
10162,simple,,,Basquete,1,0,visible,"<p class=""p1"">Energia, habilidade e espírito de equipe entram em quadra com nossos personagens de Basquete! Inspirados no universo do esporte, eles levam muita animação, interação e performances cheias de atitude para o seu evento. Perfeitos para ações esportivas, eventos corporativos, escolas e festas temáticas, eles encantam o público com uma experiência dinâmica e divertida.</p>",,,,taxable,,1,,,0,0,,,,,0,,,,"Corporativos, Esportes","animação, basquete, diversão, espírito de equipe, esporte, evento corporativo, evento esportivo, experiência esportiva, festa temática, interação, performance, personagens manto",,"https://mantoproducoes.com.br/wp-content/uploads/2026/07/WhatsApp-Image-2026-07-01-at-22.21.18-e1782994466797.jpeg, https://mantoproducoes.com.br/wp-content/uploads/2026/07/WhatsApp-Image-2026-07-01-at-22.21.19.jpeg, https://mantoproducoes.com.br/wp-content/uploads/2026/07/WhatsApp-Image-2026-07-01-at-22.21.19-1.jpeg, https://mantoproducoes.com.br/wp-content/uploads/2026/07/WhatsApp-Image-2026-07-01-at-22.21.17.jpeg, https://mantoproducoes.com.br/wp-content/uploads/2026/07/WhatsApp-Image-2026-07-01-at-22.21.17-3.jpeg",,,,,,,,,0,,0,default,default,default,default,default,,,,5,set,
10184,simple,,,Neométricas,1,0,visible,"<p class=""p1"">Modernas, impactantes e cheias de personalidade, as Neométricas combinam formas geométricas, cores vibrantes e figurinos contemporâneos para criar uma experiência visual única. Com um estilo artístico e futurista, elas encantam o público em recepções, eventos corporativos, festas e ativações, levando elegância, movimento e muita criatividade para qualquer ocasião.</p>",,,,taxable,,1,,,0,0,,,,,0,,,,"Balada, Corporativos, Social","elegância, evento corporativo, evento social, fantasia moderna, figurinos geométricos, impacto visual, neométricas, performance artística, personagens futuristas, personagens interativos, personagens manto, recepção temática",,"https://mantoproducoes.com.br/wp-content/uploads/2026/07/IMG_5605-1-scaled-e1783079970314.jpg, https://mantoproducoes.com.br/wp-content/uploads/2026/07/IMG_5603-scaled.jpg, https://mantoproducoes.com.br/wp-content/uploads/2026/07/IMG_5511-scaled.jpg, https://mantoproducoes.com.br/wp-content/uploads/2026/07/C8496389-25FE-40B0-BC3E-4474E295C90C.jpg, https://mantoproducoes.com.br/wp-content/uploads/2026/07/IMG_5586-scaled.jpg, https://mantoproducoes.com.br/wp-content/uploads/2026/07/IMG_5473-scaled.jpg, https://mantoproducoes.com.br/wp-content/uploads/2026/07/IMG_5605-scaled-e1783079817386.jpg, https://mantoproducoes.com.br/wp-content/uploads/2026/07/IMG_5464-scaled.jpg, https://mantoproducoes.com.br/wp-content/uploads/2026/07/IMG_5487-scaled.jpg, https://mantoproducoes.com.br/wp-content/uploads/2026/07/IMG_5486-scaled.jpg, https://mantoproducoes.com.br/wp-content/uploads/2026/07/IMG_5624-scaled.jpg, https://mantoproducoes.com.br/wp-content/uploads/2026/07/IMG_5606-scaled.jpg, https://mantoproducoes.com.br/wp-content/uploads/2026/07/IMG_5483-scaled.jpg, https://mantoproducoes.com.br/wp-content/uploads/2026/07/IMG_5463-scaled.jpg",,,,,,,,,0,,0,default,default,default,default,default,,,,18,set,
10532,simple,,,"Árvores de Natal (Pernas de Pau)",1,0,visible,"<p class=""p1"">Imponentes e encantadoras, as Árvores de Natal em perna de pau levam a magia natalina para um novo nível! Com figurinos iluminados, ricos em detalhes e uma presença marcante, elas passeiam entre os convidados espalhando encanto, alegria e o verdadeiro espírito do Natal. Uma atração perfeita para recepções, desfiles e eventos que desejam surpreender com elegância e magia.</p>",,,,taxable,,1,,,0,0,,,,,0,,,,Natal,"árvores de natal, desfile natalino, espetáculo natalino, evento natalino, fantasia natalina, figurinos iluminados, magia de natal, natal, perna de pau, personagens mágicos, personagens manto, personagens natalinos, recepção encantada",,"https://mantoproducoes.com.br/wp-content/uploads/2026/07/IMG_1568-e1784213255633.jpg, https://mantoproducoes.com.br/wp-content/uploads/2026/07/IMG_1566.jpg, https://mantoproducoes.com.br/wp-content/uploads/2026/07/IMG_1562.jpg",,,,,,,,,0,,0,default,default,default,default,default,,,,,set,
10546,simple,,,"Bonecos de Neve",1,0,visible,"<p class=""p1"">Símbolos da magia do inverno, os Bonecos de Neve encantam com seu jeito divertido, simpático e acolhedor. Com figurinos fofos e cheios de detalhes natalinos, eles levam alegria, interação e o verdadeiro espírito do Natal para recepções, desfiles e eventos especiais, criando momentos inesquecíveis para toda a família.</p>",,,,taxable,,1,,,0,0,,,,,0,,,,Natal,"bonecos de neve, diversão, encanto, espetáculo natalino, evento natalino, fantasia natalina, inverno, magia de natal, natal, personagens lúdicos, personagens manto, personagens natalinos, recepção encantada",,"https://mantoproducoes.com.br/wp-content/uploads/2026/07/IMG_1731-scaled-e1784213479352.jpg, https://mantoproducoes.com.br/wp-content/uploads/2026/07/IMG_1733-scaled.jpg, https://mantoproducoes.com.br/wp-content/uploads/2026/07/IMG_1732-scaled.jpg, https://mantoproducoes.com.br/wp-content/uploads/2026/07/IMG_1731-scaled-e1784213479352.jpg, https://mantoproducoes.com.br/wp-content/uploads/2026/07/IMG_1730-scaled.jpg, https://mantoproducoes.com.br/wp-content/uploads/2026/07/IMG_1729-scaled.jpg",,,,,,,,,0,,0,default,default,default,default,default,,,,,set,
10552,simple,,,"Renas Humanizadas",1,0,visible,"<p class=""p1"">Elegantes, encantadoras e cheias de magia, as Renas Humanizadas trazem todo o espírito natalino em figurinos sofisticados e repletos de detalhes. Com uma presença delicada e acolhedora, elas encantam os convidados, criando momentos inesquecíveis em recepções, desfiles e celebrações de Natal. Uma atração perfeita para espalhar encanto, brilho e a verdadeira magia da época mais especial do ano.</p>",,,,taxable,,1,,,0,0,,,,,0,,,,Natal,"encanto, espetáculo natalino, evento natalino, fantasia natalina, interação, inverno encantado, magia de natal, natal, personagens elegantes, personagens manto, personagens natalinos, recepção encantada, renas humanizadas",,"https://mantoproducoes.com.br/wp-content/uploads/2026/07/WhatsApp-Image-2026-07-15-at-17.01.00-2.jpeg, https://mantoproducoes.com.br/wp-content/uploads/2026/07/WhatsApp-Image-2026-07-15-at-17.01.00-1.jpeg, https://mantoproducoes.com.br/wp-content/uploads/2026/07/WhatsApp-Image-2026-07-15-at-17.00.58.jpeg, https://mantoproducoes.com.br/wp-content/uploads/2026/07/WhatsApp-Image-2026-07-15-at-17.00.59-1.jpeg, https://mantoproducoes.com.br/wp-content/uploads/2026/07/WhatsApp-Image-2026-07-15-at-17.01.00.jpeg",,,,,,,,,0,,0,default,default,default,default,default,,,,,set,
